COID,CE_ID,Supplier,Address,City,ZIP,Country/Region,Head office,ZIP (head office),Standard,Certificate/Assessment lock date,Lock reason,Certificate/Assessment issue date,Product scopes,Lock history,Next audit to be performed
1462,7466E834,Bio-Zentrale Naturprodukte GmbH,Holzmühlenweg 4,Wittibreut,D-84384,Allemagne,Bio-Zentrale Naturprodukte GmbH,84384,IFS Food,28.04.2025,"3.2.10 Major:
 Work clothing is cleaned by employees in the company. The cleaned clothing is stored in open shelves and grey boxes, including on the cover. On the shelf in the men's changing room were 2 compartments with towels and on the shelf were work gloves and a towel next to cleaned work clothes. In the women's changing room, a worn coat was placed on the shelf next to freshly washed laundry. Hygienic storage is not possible.
 
 The following requirements are not ensured:
 - sufficient segregation between dirty and clean clothing at all times
 - avoidance of contamination until use.",18.04.2024,"5, 6, 2010",Locked: 28.04.2025,
1627,76391B8F,CAPOL GmbH,Otto-Hahn-Straße 10,Elmshorn,25337,Allemagne,,,IFS Food,13.05.2025,"5.5.2
 End products are weighed piece by piece on calibrated scales. Automatic filling
 systems are used or filling is carried out manually by employees. In some cases,
 weight corrections must also be carried out by employees on filling systems.
 There is no inspection plan and no associated documented quantity control per
 batch. The individual weights filled are not documented by the scales.
 Compliance with the correct nominal filling quantity can therefore not be verified
 due to a lack of records.
 No underfilling was detected in the audit. There is no evidence that the nominal
 filling quantity was not adhered to. This is a recording deficiency.",02.07.2024,10,Locked: 13.05.2025,
1794,4ACD20E0,Fude + Serrahn Milchprodukte GmbH & Co. KG,Goltzstraße 18,Berlin,13587,Allemagne,Fude + Serrahn Milchprodukte (80819) GmbH & Co. KG,20459,IFS Food,01.05.2025,"During IFS on site integrity check audit (29 04 2025) 2 deviations have been issue :
 1) KO rating for the requirement 4.12.1: The company has not implemented any procedures to prevent contamination with unwanted substances (paper, paint and ink) during the processing of reworked butter.
 2) KO rating for the requirement 4.18.1: During the traceability check carried out during the site inspection, it was found that the system does not include all records relevant for the company",14.06.2024,4,Locked: 01.05.2025,
3396,DF3841F0,Coli S.p.A.,Via F.Melotti 26,Barberino Tavarnelle FI,50028,Italie,,,IFS Food,29.04.2025,Site denies auditor’s access during the unannounced audit scheduled for 29-30/04/2025.,19.07.2024,8,Locked: 29.04.2025,
4162,D3E10E18,Patisserie Jack Heesen B.V.,Pijler 49,Brunssum,6446 AX,Pays-Bas,,,IFS Food,30.04.2025,"During the IOC audit completed on site on 24-April-2025 the following Major NCs and KO were identified:
  
 5.11.3 - KO - During the onsite check the following deviations were seen that were scored previous audit a D.
 3.2.1 At two places (Maintenance chart and in desk production line production area) packaging containing food supplements and candy were found. Due to no seen use and or any traces in the near vicinity of open products no higher deviation. During the onsite check ice-creams were seen stored in a freezer in the storage area. 
 4.10.1 Line clearing and cleaning of foot platform of the seen Lift truck were not sufficient cleaned (raw material parts). The inside of the multi pounds and a for conveyor belt of Hoppe line is not completely clean. No direct food safety risk, due no production at that line. Same deviations as seen during last audit, therefor upscaling to a D deviation. During the Onsite check the same line was not completely clean.
 4.10.2: During the audit tour at the warehouse of raw materials, at productionline ""stuksline"" seval spidercobs were noticed as well residue of former production runs were seen, Due to no seen product contamination and no other allergens in the seen cookies then in receipt present, no higher deviation. During the onsite check through the whole production and storage area numerous cob webs were seen also near the dough preparation
 
 4.13.4 – Major - During the onsite check a line not in use (used the day before) was checked. In 2 flour dispenser cob webs were seen and looking into the flour reservoirs. In one 3 moths were seen and in the other a moth and a weevil. Also near the line another moth was seen.",04.11.2024,6,Locked: 30.04.2025,
4954,211582FF,Meisters Wurst- und Fleischwaren Bautzen GmbH,Edisonstr. 17,Bautzen,2625,Allemagne,,,IFS Food,15.05.2025,Business operations have been discontinued.,06.03.2025,"1, 2, 2007",Locked: 15.05.2025,
6248,70ADA515,"Vitakraft pet care GmbH & Co. KG, Betriebstätte Bierden",Auf den Mehren 28,Achim,28832,Allemagne,Vitakraft pet care GmbH & Co. KG,28307,IFS Food,12.05.2025,"KO against Req. 4.18.1
 During an IFS Integrity on-site check a KO non-conformity had been raised due to the following reason. In the area where the sauce was made, there was a pallet with wheat flour T812, Vitakraft 25 kg with a best-before date of 08.10.2025 (manufacturer's label on the bag). The internal batch number is 202604 D14, material number 100805. The batch label for the batch used according to SAP was hanging on the wall. Material 100805, production date 21.04.2025, goods receipt date 25.04.2025, best before date April 26, batch number 202604 D25. This batch is also booked in SAP for the current production runs. This batch has a manufacturer's label with a best-before date of 21 October 2025 on the bags. 
 According to the IT system, there are no more goods (bags of wheat flour) from the batch with the manufacturer's best-before date of 8 October 2025 in the company. In reality, there were still three pallets in production and are currently being used. Traceability is not possible in this case.
 
 Both wooden sticks and plastic parts are used to manufacture the feed sticks. These are stored on the different production lines and are not labelled. There is no system in place to ensure batch traceability when the batch of sticks or plastic parts is changed. No corresponding documentation is provided.
 
 Foil and cardboard packaging (primary packaging with the complete declaration) are not recorded and traced by batch. It is possible to make a general distinction between consumption, but this does not provide proof of batch differentiation, especially if a batch change occurs on the same day.",30.01.2025,11,Locked: 12.05.2025,
8666,72CD9B4C,FRANCIA MOZZARELLA GmbH,Volkmarstraße 9-11,Berlin,12099,Allemagne,,,IFS Food,14.05.2025,"3.2.2 The hygiene requirements for entering production were not met by ONE employee. 
 4.2.1.3 There are no sufficiently detailed specifications for rework.
 4.18.1 Containers with alleged rework were not labelled. The identification of product batches and their relation to batches of raw materials was not possible.",06.12.2024,4,Locked: 14.05.2025,
11227,17B57C28,ADM WILD Nauen GmbH,Berliner Straße 119,Nauen,14641,Allemagne,,,IFS Food,05.05.2025,"1.2.1 As required, management must ensure that
 employees are aware of their responsibilities regarding
 food safety and product quality and that
 mechanisms are in place to monitor the effectiveness of their actions at
 . These mechanisms are identified and documented.
 The significant deficiencies identified during the site visit*:
 -for example numerous personnel hygiene facilities were not in
 sufficiently functional condition or personnel hygiene
 requirements were not observed in individual cases.
 -and significant deficiencies were identified with regard to the HACCP system/ hazard analysis and
 traceability requirements were not correctly implemented.
 - In In two cases, direct traceability of raw materials
 batches was not possible.
 -The Food Defense visitor documentation shows considerable
 gaps. show, however, that this responsibility was not taken into account to a sufficiently
 effective extent.
 *The list of deficiencies is an example; due to time constraints
 not all significant deficiencies identified can be listed here
 
 2.3.6.1 A hazard analysis for all possible and
 anticipated physical, chemical (including radiological
 Mayor and allergenic) and biological hazards shall be carried out as required. The specific control measures to be applied to control each significant hazard
 must be taken into account at
 However, no risk analysis or any
 minimization measures for potential related risks
 could be presented for the following processes regularly used in the company:
 -Delivery of raw materials requiring refrigeration (e.g. blocks of Beurre Demi- Sel; max. 6°C during transportation, storage and handling according to the raw material specification submitted to) the risk is not
 considered and there are no specifications and no implementation documentation,
 that raw materials requiring refrigeration must be checked for
 temperature upon delivery.
 -According to the company, goods requiring refrigeration (such as e.g. butter concentrate) are frozen on receipt and thawed again if required
 . The aforementioned process is neither described
 nor could a risk assessment be provided for this.
 -The defrosting process is only described in the event that frozen raw goods are defrosted in a heating cabinet, which is an exception in operational practice. The regular defrosting of frozen raw materials (e.g. drums with fruit puree or similar) practiced on a large scale is neither described nor
 considered in terms of risk. In one case, it was observed during the company tour that a pallox with a residual quantity of frozen strawberries, which had not all been used
 after initial thawing, was refrozen and then thawed again
 for further use. The process is neither described at
 nor considered in terms of risk.
 
 4.18.1 Traceability was not sufficiently ensured in the following cases:
 - Fruit preparation: there is liquid sugar in a raw material container; the container is only labeled with the
 information “400kg / 49FL”. Contrary to internal
 specifications, there was no label on the container that would have allowed the liquid sugar to be correctly
 assigned to a raw material batch
 . Such an allocation could also not be systemically presented in any other way at . Only the statement of an employee, which cannot be verified by, suggests that it belongs to
 a batch of raw materials.
  Line 5: Apparently, an approx. 3-liter white plastic bucket,
 which is intended for the use of intermediate products,
 is suspended under a pipe to collect dripping water
 . The bucket is labeled with a sticker of a specific
 raw material ID.",14.10.2024,"5, 6, 2009",Locked: 05.05.2025,
11229,CDAC3893,Buckl Geflügel GmbH & Co. KG,Ulmenweg 6,Wassertrüdingen,91717,Allemagne,,,IFS Food,05.05.2025,"Authority order: Prohibition of the slaughter of poultry due to animal welfare violations by employees. Production was stopped.
 The certificate can be reinstated if the competent authority issues the approval again.",05.08.2024,1,Locked: 05.05.2025,
17564,2F9BC9AC,LÁCTEOS CAPRINOS S.A.,"HERRADORES, 11-13",CAMPILLO DE ARENAS-JAEN,23130,Espagne,,,IFS Food,12.05.2025,"During the re-certification audit, a major non-conformity has been detected in requirement 5.4.1: Against the indications of article 13 of RD 1801/2008, the scale used for the control of 100g. products does not comply with the acceptance criteria.
 Furthermore, against to what is indicated in the ICT 155/2020 order, the scale used for the control of 15 kg bags, which is used for commercial transactions with a USA customer, does not have a biennial metrological verification.",14.06.2024,4,Locked: 12.05.2025,
21810,19A8F514,Mecklenburger Backstuben GmbH,Am Alten Bahndamm 15,Waren (Müritz),17192,Allemagne,,,IFS Food,12.05.2025,"During IFS Food v 8 audit on 07-08.05.2025 the following Major NC against the cl. 4.13.2:
 During the site inspection as part of the audit on 8 May 2025 at around 09:00, the use of sticky traps for rodent control was detected, which did not comply with local legal requirements.
 A total of 4 sticky traps with several dead mice of different ages were found in the production room next door. The use of sticky traps for rodent control is a breach of the Animal Welfare Act (TierSchG) v. 20.12.2022 I 2752 (§ 4). The traps were not documented on the site plan for pest control.",27.05.2024,6,Locked: 12.05.2025,
25765,CA06B643,"VICASOL, S.C.A. - Centro 2 S.C.A","Ctra ALP 108 KM 1,4",VICAR (ALMERIA),4738,Espagne,VICASOL,4738,IFS Food,29.04.2025,"On 22,23,24-04-2025 was performed an unannounced audit, and the auditor rated 1 KO No Conformity in this audit for the following requirement:
 
 • KO rating for requirement 3.2.2:
 During the visit to the plant, non-compliances with hygiene standards were detected:
 - evidence of smoking inside the facilities (toilets in the handling area) on 22 and 23 April, strong smell of tobacco and presence of ash.
 - presence of cigarette butts and two drink cans in the packaging material storing area located in the basement.
 - presence of a bottle of water in the compressor room of the raw material refrigeration chamber",17.07.2024,5,Locked: 29.04.2025,
26882,48DEE939,Landgard Bio GmbH,Raiffeisenstraße 10,Bornheim,D - 53332,Allemagne,Landgard Obst und Gemüse eG,47638,IFS Wholesale / Cash & Carry,09.05.2025,"Requirement item 5.11.3
 Non-conformity: 
 Corrective actions were defined and processed for all non-conformities from the IFS audit 2024 and classified as effective by the QMB. However, their effectiveness was not sufficiently checked, resulting in repeated nonconformities in this year's audit. The procedure for checking effectiveness is therefore rated as inadequate. This can be seen in the following examples:
 
 - 4.5.2 the declarations of conformity and annexes dated 06/05/2024 and 11/03/2025 do not allow any reference to the films used in production, as the film designations do not match.
 - 4.7.1.2 As a corrective measure, it was determined that the storage temperature is documented in the monthly plant inspection, but this only takes place quarterly.
 - 4.8.2 The procedure defined as a corrective measure in VA 4.4.0 as of 07/05/2024 is not known to the responsible employees. The annual cleaning of floors and walls is not documented.
 - 4.15.6 The information sheet for external persons has been supplemented, but it has not been exchanged in production, so that external service providers are not aware of the new requirements.
 - 5.11.3 An additional signature column has been added to the action plan to document the effectiveness test. However, the effectiveness check was not carried out in the necessary depth to check the corrective measures taken for completeness and effectiveness, so the documented effectiveness check is to be classified as a completion check.
 - 2025: the documented effectiveness check of the corrective actions for the deviations from the IFS audit 2024 was carried out on 30 June 2024, but not all corrective actions could be checked for effectiveness at this time, e.g. the documentation of the annual cleaning, as this was not carried out until 4 May 2025.",22.5.2024,"1,5",Locked: 09.05.2025,
27035,5938D1CA,VION Vilshofen GmbH,Aidenbacherstrasse 78,Vilshofen,94474,Allemagne,Vion GmbH,86807,IFS Food,07.05.2025,Vion Vilshofen no longer exists.,04.06.2024,1,Locked: 07.05.2025,
28206,535A7FE9,Italcanditi B.V.,Fruitlaan 24,Goes,4462 EP,Pays-Bas,CSM Italia (80880) S.r.l.,26013,IFS Food,16.05.2025,"During the audit completed on site on 12-13-14/05/2025 the following Major NC was identified:
 4.5.1 Major NC:
 The company uses polypropylene (PP) buckets supplied by Jockey Plast (DoC 14.5.25) for hot filling at temperatures between 77 °C and 88 °C.
 Although the Declaration of Compliance (DoC) allows hot filling of acidic products between 70 °C and 100 °C, it specifies that the product must cool to 50 °C within 1 hour.
 In practice:
 10 kg buckets reach 60 °C only after 12 hours
 2 kg buckets reach 60 °C in 8 hours
 No specific migration testing or scenario validation has been conducted to verify compliance of this prolonged cooling process with EU Regulation 10/2011",10.07.2024,"5, 6, 2007",Locked: 16.05.2025,22.05.2025 - 23.05.2025
31702,92E66574,Walter Lager Betriebe - Terminal Süd GmbH,IZ NÖ-Süd Str. 14,Wiener Neudorf,2355,Autriche,,,IFS Logistics,12.05.2025,"Non-conformity:
 The internal audit is conducted in two parts. The first part was audited as planned on April 9, 2025, during which a total of 32 requirements from IFS Logistics Version 3 were audited.
 The second part of the internal audit has not yet been carried out and was planned within the 15-month period.
 In 2024, the internal audit took place on March 20, 2024.
 The internal audit was therefore not planned within the 12-month period as required. Only the implementation may not exceed 15 months.
 As a result, it was not ensured internally that the new requirements of IFS Logistics Version 3 were implemented or that the requirements were met.
 This was confirmed in particular by the fact that several deviations from the new requirements were identified during the IFS audit:
 • No concrete approaches to food safety culture defined in the company mission statement (see checklist item 1.1.1)
 • Lack of procedures regarding reporting obligations to the certification body (see item 1.2.4)
 • Deficiency in the revalidation of the HACCP plan in a specific case (see point 2.2.3.9)
 • Failure to consider cyber attacks in product protection (see point 4.5.4)
 • Incomplete management review with regard to the new criteria (see point 1.3.1).
 The above checklist items were largely not audited or audited unsatisfactorily in two points during the internal audit on April 9, 2025.",22.07.2024,"1.1.10, 1.1.11, 1.1.4, 1.1.5, 1.1.6, 1.1.7, 1.1.8, 1.2.2",Locked: 12.05.2025,
34346,B5698ECF,ROYAL SAVEURS S.A.S.,Lieu-dit Moureous - Route d'Auch,MARIGNAC,82500,France,ROYAL SAVEURS S.A.S.,82500,IFS Food,07.05.2025,"Following the declaration received on 06/05/2025 of a major fire during the night of April 21 to 22, 2025, Bureau Veritas France cannot guarantee the integrity of the certification without further action.",15.01.2025,5,Locked: 07.05.2025,
34940,53CDD3B4,CEDROB FOODS S.A.,ul. Baczyńskiego 165,Sosnowiec,41-203,Pologne,CEDROB FOODS S.A.,40-084,IFS Food,15.05.2025,Fire at part of the plant /warehouse. Production has been stopped.,22.01.2025,"1, 7",Locked: 15.05.2025,
35156,3C02D3C0,Port International Bananas GmbH,Lippeltstraße 1,Hamburg,20097,Allemagne,Port International GmbH,20097,IFS Broker,06.05.2025,"Port International Bananas GmbH (COID 35156) merged on 1 April 2025 with Port International Organics GmbH (COID 35160). Subsequently, Port International Organics GmbH was renamed Port International Bananas GmbH. PIB's IFS Broker certification with COID 35156 is now managed under Port International Bananas GmbH IFS Broker certification with COID 35160.",05.03.2025,"1,5",Locked: 06.05.2025,
35760,714547B0,Süßmost- und Weinkelterei Hohenseefeld GmbH,Luckenwalder Strasse 5a,Hohenseefeld,14913,Allemagne,,,IFS Progress Food,06.05.2025,Business closure / production is discontinued,06.08.2024,8,Locked: 06.05.2025,
36350,58B1A387,Bergland Food GmbH,Schlachthausstraße 1,Pritzwalk,16928,Allemagne,,,IFS Food,16.05.2025,"KO in 1.2.1
 Based on the samples reviewed during the audit, the food safety and product quality management system is not fully implemented, maintained and reviewed. Employees could not demonstrate in all areas that they are aware of their responsibilities.
 The following examples:
 1) Receipt of frozen commercial goods: The unloading of the delivering truck was carried out on the first day of the audit without incoming goods inspection / checking the incoming goods temperature (CP 1). The responsible employee was on vacation and the production management was not informed by the staff.
 2) Metal detection packaging of vegetarian cabbage rolls (CP 3): According to the work instructions and form, the MC check should be carried out 3 times per shift. The inspection could be demonstrated during the on-site evaluation; there was no documentation of the previous inspections because, according to the employee, the necessary form was not available for the early shift.
 3) Metal detection packaging of pork roulades (CP 3): During the on-site evaluation at around 16:50, the metal detection test was demonstrated, which had been documented on the form approx. 20 min. previously without any deviations. The metal detector did not detect any of the 3 test objects. The employee responsible did not react. The production management intervened and changed the metal detector settings after several faulty runs. After a positive functional test, the previously filled containers were checked again with the metal detector. According to the company, employees in this area are permitted to adjust the metal detector settings if necessary.
 4) The crate management specified in the company is not fully implemented. Red E2 crates are only intended for product contact, but were used on the audit days as waste crates for food leftovers and were also repurposed for technical purposes (e.g. one crate was on the floor for storing the power cable, other crates are used for storage in the technical department)
 
 5) The specifications on the FB 19-08 Production monitoring form must be checked and documented 3 times on each shift. During the on-site evaluation on 13.05.2025 at around 10:50 a.m., this document had not yet been processed, one check should have been recorded at 5 a.m. and the second at 9 a.m.
 
 6) Production / packaging of pork goulash 14.05.2025: Form 19-06-01 Monitoring packaging of meat must be processed 3 times in each shift, after which a temperature check and, among other things, a check of the packaging and labeling must be carried out. Goulash production started at 7:30 a.m. on the day of the audit and lasted until approx. 3 p.m. according to the company. During the on-site evaluation at approx. 8:15 a.m., no time or temperature was specified for the first check, and the second check was already pre-filled with “OK” for the packaging and labeling check.
 
 Ko in 5.11.3
 1) The internal audit was carried out on 24 and 25.02.2025. A comprehensive action plan FB 12-02 with a total of 33 points was drawn up. Responsibilities and deadlines were defined, but neither corrections nor corrective actions were documented. Not all deviations were marked as completed, and the deviations that were marked as completed are not dated. Accordingly, the status of implementation cannot be documented.
 2) The corrections and corrective measures implemented are not documented in a comprehensible manner when processing complaints. Example: Label error cabbage roulade from 05.07.2024. The cabbage roulade was labeled with the best before date 31.05.2024 instead of 31.05.2025. The error was noticed when the goods were received by the customer. According to the company, the goods were repackaged/labeled after being returned. This procedure is not documented, only a credit note was noted as a measure.
 3) The corrective action for deviation 4.12.2 from the last IFS Food Audit 2024 was not fully implemented. Form FB 19-14 Knife control register has been revised. Employees should tick the appropriate measures (sharpen, replace) when checking “Knives not in order”. However, these measures were not documented in the audit example from 24.10.2024 and 04.04.2025, the columns are not filled in.",17.07.2024,"1, 7",Locked: 16.05.2025,
37050,1876015E,Innovate GmbH,Gewerbegebietsstraße 30,Schönburg,6618,Allemagne,,,IFS HPC,13.05.2025,"2.2.3.8
 .
 Document F2AA10 ""In Process Control"" form 06.09.2023 requires:
 CCP I: metal detection
 Limit : stick was not ejected
 Stick sizes/ types:
 Fe- 2,0 mm
 Stainless Steel – 3,0 mm
 Non Ferrous- 1,5 mm
 During the audit the test was done with the following test pieces:
 Fe- 2,0 mm
 Stainless Steel – 3,0 mm
 Non Fe- 3,0 mm
 Therefore, the test specifications for non-ferrous metals with the critical limit of
 1.5 mm were not met.
 In accordance with process F2AA10 ‘In Process Control’ dated 06.09.2023, the
 metal detector must be tested before the start of production and at least 3 times
 per shift. Metal detectable patches are also tested. Innovate adheres to these
 rules.
 But the newer document F2FB63 V2 dated 09.08.2024 ""CCP monitoring""
 requires the test before production start and a hourly test for medical devices
 and a 2 hours test for all other products like cosmetics, cleaning wipes.
 Therefor the newer test frequency have not been followed.
 In the HACCP analysis F2FB63 dated 09.08.2024, the 2-hourly inspection is
 required for all products at one point. On the same page, four lines further down,
 the hourly check is required for all products.
 The new rules are not consistent.
 Therefore, the CCP I test was not performed in accordance with any of the new
 regulations dated 9 August 2024 on test frequency.",28.11.2024,"1, 2, 2004",Locked: 13.05.2025,
38160,971A7F97,CHIOS GARDENS JUICE INDUSTRY SA,"34, 25th Martiou Str.-D. Kampochoron",Chios,82100,Grèce,,,IFS Food,12.05.2025,The production activity of this company has been stopped.,02.12.2024,8,Locked: 12.05.2025,
38759,384BB487,Casearia Bresciana Ca.Bre - Società Cooperativa Agricola Sca,Frazione Cadignano,VEROLANUOVA (BS),25028,Italie,,,IFS Food,16.05.2025,"Following the certification visit on 12,13,14/05/2025, and following a preliminary technical review, the certificate is suspended due to Major non-conformity
 In detail § 4.13.1
 The inspection of the preparation and production departments revealed an ongoing infestation situation.
 Example: Hard cheese production area with presence of flying insects (flies and Diptera), in particular in the disused area of ​​Leonessa cheese production; flying insects in the Grana Padano hard cheese production area (presence of midges on the surface of the curd being processed) and in the provolone cheese production area (presence of midges on the curd in the multipurpose room); skimming department, the presence of a live rodent was detected (along the department pipes); presence of Blattella germanica behind the processing plants.",28.06.2024,4,Locked: 16.05.2025,
40166,484CB3C2,Becker Süßwaren GmbH,Hansestrasse 18,Uelzen,29525,Allemagne,,,IFS Food,08.05.2025,"4.18.1 KO Non-Conformity:
 The identification of the product batch Popcorn Sweet 100g ""zwart"" BB 21.07.2025 / batch L1034 and its relation to the batch of packaging material with the designation tubular bag 100g Popcorn zoet moment zwarte with food contact is not possible, as the necessary batch designation of the film used was not entered in the production log. Therefore, the traceability of the packaging material is not verifiable.",21.08.2024,6,Locked: 08.05.2025,
40684,73B8B206,TAT - POL Sp. z o.o.,Wojska Polskiego 9-11,Działoszyn,98-355,Pologne,,,IFS Food,14.05.2025,No payment for the audit done,05.05.2025,5,"Locked: 14.05.2025, Unlocked: 14.05.2025",
42022,4E9D5955,GRANJA AVICOLA EL ANGEL SL S.L.,"CTRA CEDILLO-LOMINCHAR, KM. 16",CEDILLO DEL CONDADO-TOLEDO,45214,Espagne,,,IFS Food,16.05.2025,"KO 4.18.1: The correct traceability of the packaging material in contact with the product of the plastic lids being used at the time of the audit cannot be evidenced:
 -The system employed by the company to record the batches of packaging material in use is done by reading the labels on the material as it enters the production line, with this information being loaded into computer software:
 When the available batches of plastic caps were checked ‘in situ’ on the production line on 14/05/2025, some boxes with batch 627214 and other boxes with batch 620174 were detected. When the records of incorporation into the line were requested, for batch 627214 there were no outputs recorded and for batch 620174 there were previous outputs with dates of 15/10/2024 and 13/02/2025.
 The last output of plastic caps identified in the record of incorporation of packaging material to the production line is 10/05/2025, for batch 627545, which is not present on the line at the time of the audit.
 Although the company declares to carry out a final traceability of said packaging material by means of theoretical consumptions following the FIFO system, it can be corroborated on the basis of the data reviewed that the company does not maintain this system for the consumption of plastic caps.
 -Batch 627545, received on 11/11/2024, is used, according to the record of incorporation into production, on 10/05/2025.
 -Batch 620174, previously received on 08/10/2024, was detected in situ on the production line at the time of the visit on 14/05/2025.
 Although the company states that it was the victim of a cyber-attack on 06/05/2025, which caused the loss of the information in the system, no action was taken to ensure the correct traceability of the packaging material.",30.07.2024,3,Locked: 16.05.2025,
42467,1A379E44,LANGUS SEAFOOD S.L,"CRTA. MADRID-IRÚN, KM.245 RECINTO ADUANA, NAVES 2 A 5",BURGOS,9007,Espagne,,,IFS Food,16.05.2025,"During the audit performed on 12th May 2025 to 14th May 2025, it was detected a Major non-conformity under the requirement 4.3.2.
 
 Major non-conformity 4.3.2.
 
 The company has incorporated in the scope a new product, REFRIGERATED RAW LANGOSTINO packaged in MAP. This product is only made for a reference for customer C. 
 A complete revision of the process has been carried out including treatment processes as well as on-site controls until the finished product is obtained. 
 This product is received in freezing conditions and undergoes thawing for subsequent packaging in modified atmosphere without any type of treatment that produces the transformation of the product. 
 The product is sold to customer C. with storage conditions of 0-4ºC. 
 Major NC: The product labeling does not make reference to the mention of thawed product as indicated in the regulation 1169/2011. On the other hand, it is indicated that the product is suitable for freezing. This fact only occurs in this reference for customer C. The rest of the labels reviewed are compliant.",14.08.2024,2,Locked: 16.05.2025,
47568,A9D6848E,LA SORGENTE SRL,VIA ALDO MORO 6,PESSANO CON BORNAGO,70,Italie,,,IFS Food,06.05.2025,"During Integrity on site Check detected one NC Major at req 4.10.2: The warehouse of non-perishable raw materials and primary and secondary packaging material appears, with particular reference to the area between the shelves and the walls, to be in a very poor state of cleanliness and order, with the presence of material (dirt) not removed which in some cases appears to be very similar to feces of animals larger than mice. The material in particular appears to be a mix of feces and blue packaging material. This finding occurs in a situation of lack of cleanliness and order in the areas subject to the finding. In the same area, the presence of secondary packaging materials (cardboard boxes) and primary packaging materials (reels of plastic film not in use at the time of the audit due to seasonality) is also reported, in some cases unprotected.",14.01.2025,"5, 6, 2007",Locked: 06.05.2025,
49909,037824F1,King Cuisine B.V.,Jules Verneweg,Tilburg,5015 BG,Pays-Bas,,,IFS Food,07.05.2025,"Major on 4.9.9.2: No corrective action after water was tested ('tappunt glas-menger') at 2 E.Coli/100 ml (Toleranceos < 1/100ml). Note: do deviations of E.Coli in product were seen.
 
 Note: Level NC was overruled by certification committee after audit.",05.04.2024,"5, 7, 2009",Locked: 07.05.2025,
50330,B9160932,CENTRO SERVIZI ITALIA S.R.L.,"VIALE DELLE REGIONI, 37",VOLANIA - COMACCHIO,44022,Italie,,,IFS Food,12.05.2025,Failure to pay invoices relating to audit activities already carried out.,17.12.2024,1,Locked: 12.05.2025,
51158,24C000CA,Mainzer Kühlhaus- und Transportgesellschaft mbH & Co. KG,Dekan-Laist-Straße 1,Mainz-Hechtsheim,55129,Allemagne,,,IFS Logistics,13.05.2025,"4.3.1 Major Nonconformity:
 The internal instruction ""HACCP-compliant temperature measurement in goods"" does not differentiate between the different product groups and their packaging types.
 During the audit, an incoming goods inspection was conducted. It was observed that an employee inserted the core thermometer probe directly into a carton of frozen baked goods without prior disinfection. Contrary to the internal instruction, the employee was not wearing disposable gloves or had not washed his hands.
 The internal instruction ""HACCP-compliant temperature measurement in goods"" does not specify how the goods are to be handled after the product-destructive testing. The carton was not disposed of and the goods were stored. Therefore, it cannot be ruled out that the goods are still intact.
 Furthermore, at the time of the audit, no training certificate was available for the employee in question, who had been with the company for five months.",08.07.2024,"1.1.1, 1.1.2, 1.1.6, 1.1.7, 1.1.8, 1.2.1, 1.2.3, 2.1.1, 2.1.2, 2.1.6, 2.1.7, 2.1.8, 2.2.1, 2.2.3",Locked: 13.05.2025,
51859,2A54B784,MODERN CIKOLATA GIDA SANAYI A.S.,KARAMAN ORGANIZE SANAYI BOLGESI 6. CADDE NO:1,KARAMAN,70100,Turquie,,,IFS Food,13.05.2025,payment not made to the CB for audit performed,04.12.2024,6,Locked: 13.05.2025,
52336,7EC6104A,Multimes Group LTD,"13, Oborishte str.",Lyaskovets,5140,Bulgarie,,,IFS Food,14.05.2025,"As of today (14.05.2025), Certima BV withdraw the certificate number IFS – 01078 of client MULTIMES GROUP EOOD
 13, Oborishte Str., 5140 Lyaskovets, Bulgaria
 COID: 52336
 
 Reason: During the announced certification audit conducted on 12-13.05.2025 issued KO and Major
 
 КО on requirement 5.1.1:
 The planned audit for 2025 on 24-25.04.25 (see Order 88/14.04.25) was not performed. Verification and internal audit program for planning verification activities for each year are required by the company's procedures, but the latest one was shown for 2024, there is no up-to-date for 2025, respectively, and evidence that it is based on a risk assessment. In this regard, the following facts have not been assessed:
 - the planned date for the Internal Audit for the current year is not within 12 months (the last audit performed was dated 27-28.03.2024);
 - there is no documented justification, reason/risk assessment/decision regarding not performing the audit on the planned dates and a subsequent opinion to extend the period for conducting it, so as to prove that it will not exceed 15 months;
 - there is no assessment that the frequency and planned date of the internal audit are adequate, taking into account that the position of Quality Manager is occupied by a new person from the beginning of the year, who is not full-time and has no experience in maintaining an IFS system (only introductory IFS training for this person from 12.2024 by an external company is available).
 
 Major on requirement 2.1.2.1:
 Part of the Personal Hygiene and Health, and Cleaning Records for 2024 are nonexistent and thus the legality, security or quality cannot be guaranteed (legal NC with the requirements of Regulation 852/2024 regarding documentation/records keeping). For the second half of the 2024 seen only partly records for September 2024.",14.05.2024,1,Locked: 14.05.2025,
53611,8D08326B,Penske Logistics (4859-00) -Houston Facility,8323 North Eldridge Parkway,Houston,77041,États-Unis d'Amérique,Penske Logistics,44122,IFS Logistics,24.04.2025,"The payment for the last IFS Logistics audit on October 29-30, 2024, was not done.",07.12.2024,"1.1.1, 1.1.10, 1.1.3, 1.1.4, 1.1.5, 1.1.6, 1.1.7, 1.1.8, 1.2.2, 1.2.3, 2.1.1, 2.1.10, 2.1.3, 2.1.4, 2.1.5, 2.1.6, 2.1.7, 2.1.8, 2.2.2, 2.2.3","Locked: 24.04.2025, Unlocked: 29.04.2025",
54746,4C41DC68,"Kirchner, Fischer & Co. GmbH",Daimlerstr. 13,Elmshorn,25337,Allemagne,,,IFS Food,09.05.2025,"Major Nonconformity 4.5.2:
 As part of traceability check, random checks were carried out on the raw materials used to ensure that packaging containing plastic that comes into direct contact with food was compliant. These checks revealed that no declarations of conformity were available for the packaging, either for direct imports or for purchases from within the EU (examples: Import: Item 680020 Rooibos Superior Long Cut, Import: Item 680010 Honeybush Corse Cut kbA/Organic, Import: Item 803253 Orange peel, 4-10 mm without added sugar, kbA, EU purchase Germany: Item 803501 Guarana seeds, whole, kbA).
 In addition, raw materials are re- labelled after receipt at the company and passed on to the customer without repacking. In this audited example (sale of peppermint, cut 4 mm, organic in 9 kg from the third country Egypt), there were also no specifications or declarations of conformity for the packaging.
 
 Major Nonconformity 4.10.2:
 During the demonstration of the filling process on the bagging machine (product: green jasmine tea ‘Porte Caillau’ 388838 - 20 kg bag, allergen-free, production order FAF040664), the employee responsible would have placed the raw material into a filling hopper that was clearly contaminated from pre-production without the intervention of the auditor. In pre-production (product: Rooibos Tea Cream/Caramel -25155-I - 25 kg bag, production order FAF039899), the product was a mixture containing caramel cubes, which contain the allergen lactose, so this would have led to contamina-tion.
 The cleaning certificate for pre-production (05.05.2025) was completed correctly and signed by the employee, although it was obvious that the bagging machine had not been cleaned.",08.07.2024,10,Locked: 09.05.2025,
55328,8764C968,ECO BASICS BIO S.L.,"Parc Industrial Nave D3,","Sant Gregori, Girona",17150,Espagne,,,IFS Food,09.05.2025,"During the audit carried out in 7 May 2025 a major NC was detected on: 
 
 Major - 5.4.1
 The scales used in the following production lines: Vol 1, Vol 2, Multi 1, Multi 2, Multi 3, Flours, Superfoods, Doypack, Liq 1 and Liq 2, for weighing the product destined for the final consumer have not been metrologically verified as indicated in Order ICT/155/2020.",04.07.2024,"5, 6, 9, 10",Locked: 09.05.2025,
56321,CAF9C190,ITALIATARTUFI S.R.L.,"Via Enrico Fermi, 1",CAGLI (PU),61043,Italie,,,IFS Food,02.05.2025,"Following the certification visit on 29.30/04/2025, and following a preliminary technical review, the certificate is suspended due to major Non conformity
 In detail § 5.5.1
 The correct level check during the filling of oil-based condiment bottles does not appear to be systematically applied by the company.
 The audit witnessed the filling of 270 ml glass bottles product ""White truffle flavored food condiment"" using measuring container bottles (250 ml at 65 mm from the brim of the mouth)
 Various level control tests were carried out indirectly for density and weight, and to guarantee the 270 ml indicated on the label (weight value of at least 248 g) 
 All measured values ​​are lower than this value (e.g. 242 g; 240 g).",13.06.2024,"4, 5, 6, 7, 8, 9, 10",Locked: 02.05.2025,
57185,3B730EC4,CAPT ET FILS DEPUIS 1850 SARL,274 ROUTE DE LA MURAZ,ARBUSIGNY,74930,France,,,IFS Food,23.04.2025,"2.3.9.1 (KO): During the on-site inspection of the Arbusigny site, it was noted that the frequency of checks on the metal detector, CCP 3, packaging line for whole Reblochon cheese, was not being complied with. Checks are in fact scheduled at start-up, on return from each break (2 per team) and at the end of production.
 For 11 April 2025, the check was carried out at the start at 5.46 a.m. and at the end of production at 12.56 p.m. The check on returning from the break at 9.22 a.m. was not carried out.
 CCP No. 4 is the pasteurisation of the ‘recuite’ with two parameters to be controlled: time and temperature. In practice, the control of the pasteurisation time is not formalised (products concerned Abondance). Furthermore, the summary table of CCP/PRPo monitoring measures is not consistent because it indicates a control frequency on Listeria monocytogenes and Salmonella on filter (Groisy management of CCP and PRPo v1 27.10.2023) which is related to the control of milk on receipt.
 
 4.17.2 (MAJOR): Presence of a watering can in the brining area of the Groisy site, used to moisten cheeses awaiting brining. The site has no certificates of compliance with European Regulation 10/2011 as amended and European Regulation 1935/4 as amended.
 
 4.8.4 (MAJOR): The site carries out pathogen analyses (including Salmonella and Listeria monocytogenes) in its internal laboratory. There is no separation between the pathogen handling area and the physicochemical analysis area and the production corridor. In the area where the Vidal reader and the autoclave for inoculated media are located, there are also freezers used for culture ferments. Cheese makers have access to this laboratory without any control measures being implemented: no overheating, no shoe washing, etc. This configuration does not make it possible to limit the risk of transfer to the production areas.",14.11.2024,4,Locked: 23.04.2025,
58365,"3,50E+07",Global Co-packing .,Vimmerik 12,NIEUWKUIJK,5253 CB,Pays-Bas,,,IFS Food,13.05.2025,"Major on 5.5.1: The products already produced were not put on hold by the company and re-tested where it was known that not all packaging were conform legal limit. 
 Also, the system for weight control for minimal weight requires only 1 sample per 30 minutes were in practice 5 samples are taken (like e-weighing permit). As the system only requires one sample the operator corrected the dosing system, but no actions taken towards product already produced. Therefore, the sampling system is not clear/strict enough based on risks.",24.06.2024,"5, 6, 10",Locked: 13.05.2025,
58432,CAC81278,PAULISTA IMPEX SRL,"CALEA DR. ALEXANDRU SAFRAN, NR. 47",BACAU (BC),600298,Roumanie,,,IFS Food,28.04.2025,"During the renewal audit on 24-25.04.2025, it has been raised a KO (D) under requirement 4.12.1:During the on site inspection , was seen issues regarding possible physical contamination as follows: damaged conveyors belts in direct contact with dough-pretzels machine, same baking trays used for breadstick with exfoliated Teflon coating. Furthermore, the company has installed metal detector on the line for breadstick and pretzel (mobile system) from the last audit ; this metal detector was calibrated with external company (I. supplier: date of report 1/ 06.03.25- ethalons Fe-2,5 mm, Non- Fe-3mm, SS- 3,5 mm). On 24.04.2025 it was observed that this equipment was not in function. The company does not assure the functionality of test for this equipment based on the risk and records are not available for test.",18.06.2024,6,Locked: 28.04.2025,
58601,EA9CD46A,P&M Rental Sp. z o.o.,"ul. 28 Grudnia 43, Krąplewo",Stęszew,62-060,Pologne,,,IFS Food,30.04.2025,No payment for the audit done,29.04.2025,5,"Locked: 30.04.2025, Unlocked: 08.05.2025",
59162,CDFFC9B2,INDUSTRIAS CÁRNICAS BLANCAFORT S.A.,Avda. Sant Julià 191-197,Granollers (Barcelona),8403,Espagne,,,IFS Food,01.05.2025,"During the audit carried out on 28th, 29th and 30th of April, the auditor raised a Major NC in the requirement 4.3.2: A label is observed with two incompatible sales denominations: COOKED HAM and COOKED HAM COLD CUT. The denomination COOKED HAM cannot be used when starches are used as ingredients.
 There is no approved label available for the product named in the formulation MSE-161 EURO MK 90.",02.07.2024,1,Locked: 01.05.2025,
59959,"0,00E+00",NINFEO SOC. COOP. AGRICOLA,VIA LONGA S.N.C- C.DA ACQUARE,ALLISTE,73040,Italie,,,IFS Food,16.05.2025,The suspension was decided due to the failure to pay invoices relating to activities already carried out by Certiquality S.r.l.,12.02.2025,5,Locked: 16.05.2025,
62276,5B1CF864,"ACEITES ALBERT, S.A.","PI EL MOLI, CL JOAQUÍN MUÑOZ PEIRATS, S/N.",FOYOS (VALENCIA),46134,Espagne,,,IFS Food,16.05.2025,"On the basis of the analysis carried out on the extraordinary information communicated to IFS with ID 92E7A90F, OCA Instituto de Certificación determines that it is necessary to extend the investigation. Therefore it is decided to suspend the current certificate.",29.08.2024,9,Locked: 16.05.2025,10.06.2025 - 11.06.2025
67214,F9337CE9,VCR-SODALMU .,"KM 11, Route de Zenâtas, Rue Al Maadan, ZI SIDI-Bernoussi",Casablanca,20600,Maroc,,,IFS Food,12.05.2025,"On 6,7,8-05-2025 was performed an announced audit, and the auditor rated 2 Major No Conformity in this audit for the following requirements:
 
 • Major NC rating for requirement 4.3.2:
 In relation to labelling, the following non-compliance with current legislation published by the Government of Morocco is observed (Décret n°2-12-389 du 11 joumada II 1434 (04-22-2013) fixant les conditions et les modalités d’étiquetage des produits Alimentaires (published in BO n°6152 of 05/16/2013), Arrêté conjoint du minister de l'agriculture et de la pêche maritime et du minister de la santé n°281-16 du 21 rabii II 1437 (1-02-2016) fixant les prescriptions et modalités d’indication des informations nutritionalnelles dans l’étiquetage des produits Alimentaires préemballés (published in BO n°6488 of 04/08/2016):
 - The percentage of egg is not indicated on the single-dose mayonnaise package. An image of an egg is visible on the package.
 - The list of ingredients for VIMA Brand Mustard does not include all of the product's ingredients, in decreasing order of their importance by weight at the time of use in manufacturing. According to the recipe, the amount of vinegar is greater than that of the mustard seeds.
 - There is no evidence to justify the nutritional claim made on the mayonnaise packages (referring to omega 3)
 
 • Major NC rating for requirement 4.19.2:
 During the audit, it was observed that the company has not implemented preventive measures to avoid/minimize potential allergen cross-contamination.
 The following allergens are present in the company: mustard, celery, sulfites, and egg.
 -There is no evidence of validation of cleaning and disinfection after the production of a product containing allergens. A single packaging line is available for the packaging of all products. In the allergen analyses shown (report dated 03.09.2024, sampling point: mustard, allergens: egg, celery, compliant results; report dated 26.11.2024, sampling point: mustard, allergens: egg, celery, compliant results), it is not possible to demonstrate the production of the previous product on the line, and there is no evidence of analysis of all potential allergens present.
 -There is no evidence that the company has implemented a production planning/sequencing system that takes into account the different products containing allergens.
 -During the plant visit, it was not evident that personnel were provided with separate clothing when working with allergens. There were no specific utensils available for each type of allergen",22.06.2024,"5, 8, 2009",Locked: 12.05.2025,
67548,1DA27F00,Torney Landfleischerei Pripsleben GmbH,Karlsplatz 10a,Altentreptow,17087,Allemagne,,,IFS Progress Food,08.05.2025,"4.19.2
 During the review of allergen management, it was found that the company uses various allergens in different products. The production of these products is carried out on identical equipment/machines. According to internal procedural instructions, an interim cleaning is supposed to take place after a product change. This interim cleaning must be validated monthly using ATP testing according to internal guidelines. The documentation of the ATP testing deviates from this guideline. In 2024, three ATP tests were conducted in the sausage production and salad manufacturing areas. In 2025, there is no documentation of any ATP testing. Additionally, these tests were conducted exclusively on the filling machines of products containing allergens. Other relevant machines, such as cutters or mixers, were not considered in the ATP testing. The company does not conduct end-product investigations for possible unwanted allergen cross-contaminations.
 
 In the hazard analyses, the risk assessment of allergenic hazards does not occur in all relevant process steps. Furthermore, since there is no trace labeling of allergens in end products, a risk to food safety cannot be ruled out. So far, there have been no complaints regarding end products related to unintended allergen cross-contaminations. The responsible employees were able to explain the procedure for interim cleaning of the relevant machines and equipment in a comprehensible and technically correct manner.",04.06.2024,"1, 7",Locked: 08.05.2025,
68004,950DFBC8,BROTALIA S.L.,"Pol. Ind. De La Serna, Calle C, Nave 6-32. Dirección fiscal: C/ Frauca 13",Tudela,31500,Espagne,,,IFS Broker,06.05.2025,suspension of the certificate due to non-payment of the corresponding invoice,12.09.2024,"1.1, 1.5, 1.7",Locked: 06.05.2025,
68981,9A7E9556,"LITERA MEAT, S.L.","POLÍGONO INDUSTRIAL EL SOSAL CARRETERA NACIONAL 240, KM. 128,5",BINEFAR (HUESCA),22500,Espagne,,,IFS Food,14.05.2025,"During the unannounced Integrity On-site Check, the following major non-conformity has been detected in requirement 5.5.1.: The quantity checks carried out on the day of the on-site integrity check on the 'cabin plans' lines were not effective. These lines were packing ""frozen pork neck bones"" with a net weight of 10 kg and ""frozen pork knuckles"" with a net weight of 10 kg. In both lines, several boxes were observed under the weight when the employee was weighing and labelling. The operators in both lines did not take any action to correct the weight of the products.
 In the packaging line of ""frozen pork neck bones"" 2 boxes were underweight, gross weight 10.320kg and 10.325kg, when the tare (box and bag) was 385g. 
 In the case of ""frozen pork shank"", several boxes were observed to be underweight during the packing process. In this case the scale tare was not correct. The tare marked on the equipment was 315g and the tare of the box+bag was higher (365g).",05.12.2024,1,Locked: 14.05.2025,
72143,8D3C37AA,Caseificio Europeo Società Agricola Cooperativa Soc Coop,"Via B. Buozzi, 2",BAGNOLO SAN VITO (MN),46031,Italie,,,IFS Food,16.05.2025,"On 13/05/2025, an audit was scheduled and performed by IFS as part of the INTEGRITY ON SITE CHECK program.
 The auditor did not have access to the production site because the people present declared that they could not take the audit
 According to the IFS Food standard § 5.1.2, the certification body proceeds to suspend the certificate",28.11.2024,4,Locked: 16.05.2025,
72448,D68DB1C4,Embotelladora Metropolitana S.A. (Planta Santiago),Dirección Parinacota 340,Quilicura,-,Chili,,,IFS Food,12.05.2025,"During the unannounced On-Site Integrity Check conducted on 24th April 2025, the following nonconformities regarding the requirements of the IFS Food Standard Version 8, were identified: 
 KO NON-CONFORMITIES 
 1. Requirement 2.3.9.1 – HACCP / CCPs 
 · CCP1: Use of records (SOP07-R8, SOP07- R9) not included in the HACCP plan. 
 · CCP3: Visual inspection (light screen) is not effective in detecting foreign bodies in non-translucent products. 
 · CCP4 and CCP5: Operators monitor but do not record data; only verification is provided by the quality analyst. 
 · CCP4: Constant pressure and wash time are not controlled. 
  
 2. Requirement 4.18.1 – Traceability 
 · Difference of 12 bottles between production and dispatch of lot X-517 (Tutti Frutilla). 
 · Full traceability is missing for two packages used to complete the order. 
 · The label is not considered part of the traceability exercise. 
 · Traceability of the DMDC (Dimethyl Dicarbonate) ingredient (with legal use limit) is not included. 
 · Unidentified materials and raw materials (preforms, unlabeled cola syrup used in development tests). 
  
 MAJOR NON-CONFORMITIES (Major NCs) 
 1. Requirement 4.9.1.1 – Structures and Installations 
 · Non-washable foam on roof/window. 
 · Deteriorated and rusty joints. Floors with water accumulation (sediment), without slope or drainage, and broken missing tiles. 
 · Dusty vents and open doors in low-risk areas. 
 · Also non-compliant with Supreme Decree 977 (Chilean health regulations). 
  
 2. Requirement 4.10.2 – Cleaning and Hygiene 
 · Dirt on fans and windows, accumulation of water and sediment. 
 · Dirty cleaning supplies cabinet, infested with insects, improperly stored products, or unidentified products. 
 · Accumulation of waste (bottles, labels, gloves, etc.) in various areas. 
 · Inadequate cleaning equipment and utensils. 
 · Internal audit of 1/17/2025 reveals similar problems without corrective actions. 
  
 3. Requirement 4.16.5 – Maintenance 
 · Temporary repairs using inappropriate materials: 
 PET bottles used as patches on equipment. 
 Broom handles and cardboard are used to support pipes. 
 Wood with protruding nails in contact with containers on the conveyor belt. 
 
 In accordance with IFS Food Standard, Version 8, Part 1, items 5.1.2 and 4.2.1.1 the certification body has proceeded with the withdrawal of the company’s certification.",14.10.2024,8,Locked: 12.05.2025,
72637,6A18E182,MADONNA INDUSTRIAL BAKERY S.R.L.,VIA GANDHI 36/B,MODENA,41123,Italie,,,IFS Food,18.04.2025,Cessation of activity at the plant located in Via Gandhi 36B – Modena (MO) and consequent transfer to a new site.,30.08.2024,"6, 7",Locked: 18.04.2025,
73353,05C25409,JAMONES EUTIQUIO S.L.U.,"Calle Pineta, 2",Cuarte de Huerva,50410,Espagne,,,IFS Food,08.05.2025,"Mayor against requirement 4.13.2. It is observed during the audit that the company has serious deficiencies in the implementation of its pest control plan:
 During the plant inspection, it has been observed that the floor of the “Mantecado work area” is in a poor state to carry out operations with food products. The floor was found with the presence of worms, some of them alive, under the ham perches located in the back area of the work area. Some beetles have been observed as well.
 On the other hand, in the work report of the subcontracted company for pest control (service certificate 33249) dated 11.04.2025, it is observed that the report shows low consumption in the ETS-15 and ETS-16 baits, located inside the fresh dock, as well as medium consumption in the ETS-32, outside the dispatch dock, without any additional measures having been taken in this regard. The pest control company has not commented on the measures to be taken. Also the trap 24 outside is missing. 
 There is no trend analysis in relation to pest control carried out in the company.",16.08.2024,1,Locked: 08.05.2025,
76207,F7D75224,GMT GmbH,Hauptstraße 35,Badbergen,49635,Allemagne,,,IFS Progress Food,02.05.2025,The production facility is closed and has ceased production operations (information from the company on 25/04/2025).,17.06.2024,1,Locked: 02.05.2025,
76336,EDB61EE5,Molkerei Hasenfleet eG,Hasenfleet 3,Oberndorf,21787,Allemagne,,,IFS Progress Food,30.04.2025,"Major 5.10.3:
 Once again, not all corrections and corrective actions from the previous year's assessments were implemented:
 Deviation (2024 and 2025) 3.2.1: There is still no documented requirement for beards, protective clothing in social facilities, artificial nails, eyelashes, vaping, and handling of personal items.
 Deviation (2024 and 2025): 4.2.1.2: A process for creating, releasing, and changing specifications is not yet in place.
 Deviation (2024 and 2025): 4.8.1: A site plan with the respective process flows for finished products/intermediate products, packaging materials, personnel, waste, and water is not available.
 Deviation (2021 & 2022 & 2023 & 2024 & 2025) 4.9.3.1: The floor in the unloading hall is uneven and severely damaged in some places.
 Deviation (2024 and 2025): 4.10.6.: The cleaning room lacks safety data sheets and operating instructions for the cleaning agents on site.
 Deviation (2024 and 2025): 4.15.1.: There is no documentation of the condition of the cargo space prior to loading regarding foreign odors, humidity, mold, or pests.",02.05.2024,4,Locked: 30.04.2025,
77168,CC42D850,Meijnen Internationaal Transport BV,Edisonstraat 52,Zevenaar,6902 PK,Pays-Bas,,,IFS Logistics,24.04.2025,"As of today (24.04.2025) Certima BV withdraw the certificate number IFS-01164 of client 
  
 Meijnen Internationaal Transport BV (COID: 77168) 
 Edisonstraat 52
 6902PK Zevenaar Netherlands
 
 
 Reason: Company Meijnen International transport BV stopped its activities",24.08.2024,"1.1.1, 1.1.5, 1.2.3, 2.1.1, 2.1.5, 2.2.3",Locked: 24.04.2025,09.07.2025 - 10.07.2025
77476,323F5E7A,INOCENCIO BELTRAN Y CIA S.L.,C/ COMERCIO Nº1,ALMASSORA,12550,Espagne,,,IFS Food,02.05.2025,"""During its recertification audit, KO no. 2 (point 2.3.9.1) was scored with a 'D'. The company was unable to demonstrate proper monitoring of its PCC.Presence of unauthorized plant protection products or levels exceeding the permitted MRLs (Maximum Residue Limits). It is not possible to verify whether the dosage of the product used was correct.""",28.05.2024,5,Locked: 02.05.2025,
77476,323F5E7A,INOCENCIO BELTRAN Y CIA S.L.,C/ COMERCIO Nº1,ALMASSORA,12550,Espagne,,,IFS Food,02.05.2025,"""During its recertification audit, KO no. 2 (point 2.3.9.1) was scored with a 'D'. The company was unable to demonstrate proper monitoring of its PCC. Presence of unauthorized plant protection products or levels exceeding the permitted MRLs (Maximum Residue Limits).It is not possible to verify whether the dosage of the product used was correct.",28.05.2024,5,"Locked: 02.05.2025, Unlocked: 02.05.2025",
77960,63A7E4EC,NATA MINERALE Sp. z o.o.,ul. Kartuska 67,Żukowo,83-330,Pologne,,,IFS Food,14.05.2025,"Major NC for 5.3.2:
 Records of CCP monitoring at the pasteurization stage are kept by computer (continuous recording). Auxiliary manual records regarding pasteurization according to the HACCP document of 24.05.2025 should be kept by controlling the temperature on the display (3 x pasteurized product tank) and controlling the pasteurization time by measuring with a stopwatch once a month). Additional manual records of pasteurization time control have not been documented since 04.2024, and there are differences between the manual and computer records that have not been explained, e.g. on 29.04.2025 the computer record of the pasteurization process between 16.00 and 17.11 is not reflected in the manual records.",29.07.2024,8,Locked: 14.05.2025,
78549,1667E6AC,SKC Consulting Kft,Rákóczi u. 193/2. Hrsz.,Lengyeltóti,8693,Hongrie,,,IFS Food,02.05.2025,"During an IFS integrity audit (29 04 2025) , these deviations were found.
 KO IFS requirement 4.18.1: The company did not keep records of how many pieces of shrimp skewers and salmon fillets with green spices were treated or that these products were treated at all. Full traceability of the treated products (type and quantity) was not ensured.
 KO IFS requirement 2.3.9.1 There is no monitoring for weekends and public holidays when there is no production (temperature control of cold stores is defined as CCP).
 KO IFS requirement 1.1.2: The employees were not knowledgeable about some application of the IFS Food 8 requirements (monitoring of the operation showed deficiencies, several planned training activities were not carried out according to the training plan, some of the required documentation was not present on site).",11.12.2024,7,Locked: 02.05.2025,08.11.2025 - 09.11.2025
79970,4DC9D476,"NEBOT LUCAS, SL B12379459","CAMINO ARTANA, S/N",ALQUERÍAS DEL NP (CASTELLON),12539,Espagne,,,IFS Food,25.04.2025,"IFS STANDAR REFERENCE: 5.4.1 LEVEL: MAJOR
 The company conducts commercial transactions with suppliers and customers using the SC model platform scale with serial number 6202. In addition, it performs weight checks on end-of-line, net-labelled products using scales at the end of the packaging line. An ENAC calibration certificate is provided for two of the platform scales and an internal verification certificate is provided for the quality control scales.
 * ENAC calibration certificate number 01/066327 is provided from the calibration laboratory Levantina de pesaje Laboratorio, S.L. Calibration date: 08/06/2023. Platform scale from the manufacturer Sensocar, model SC with serial number 6202.
 * ENAC calibration certificate number 01/066326 is provided from the calibration laboratory Levantina de pesaje Laboratorio, S.L. Calibration date: 08/06/2023. Platform scale from the manufacturer Rafels, model BAE-106E, serial number 4069.
 * Internal verification of 6 of the quality control scales. Date: 21/03/2025. Result: Correct.
 No updated calibration certificate is provided for any of the aforementioned devices. Furthermore, no legal metrological verification certificate is provided according to ICT/155/2020 for checkweighing scales or pallet scales used to determine the mass for commercial transactions of products for purchase or sale, in accordance with Royal Decree 244/2016 of June 3.",17.06.2024,5,Locked: 25.04.2025,
81429,4D278E76,Przedsiębiorstwo Wielobranżowe Komplex Młyn Sp.z o.o.,ul. Gnieźnieńska 62/64,Wągrowiec,62-100,Pologne,,,IFS Food,29.04.2025,"During the announced IFS recertification audit conducted on 25-26.04.2025, 1 KO non-conformity (4.12.1) and 2 MAJOR non-conformities (4.10.2; 4.13.2) were identified. The company signed the action plan presented by the auditor on 25.04.2025 and decided to discontinue the audit (by signing the discontinuation declaration). On 29.04.2025 the Certification Body sent the Company the action plan received from the auditor. Komplex Młyn has 4 weeks to send the complete action plan.",26.03.2024,6,Locked: 29.04.2025,
81632,18CCA9C7,Bodega Comercial Vinícola del Sur S.L.,"MELGAR,18",Montilla,14550,Espagne,,,IFS Food,29.04.2025,"The company added citric acid diluted in water at a dosage of 1g/L after the end of fermentation of the vinegar, as an acidity regulator, but citric acid it is not declared on the label as an ingredient according to EC Regulation 1169/2011.",03.07.2024,8,Locked: 29.04.2025,
81638,5B9F5A87,Benfri Quality Food GmbH,Max Regerstrasse 51,Nordhorn,48527,Allemagne,,,IFS Broker,30.04.2025,There is still an outstanding amount from the 2024 audit after several payment reminders.,15.05.2024,"1,6",Locked: 30.04.2025,
81878,DBC6DF12,TRANSPORTES BUENDIA SOLANA SL,"C/. Cruz del Sur s/n, Polígono Industrial La Estrella",TORRE PACHECO (Murcia),30708,Espagne,,,IFS Logistics,30.04.2025,"During the audit carried out on April 30, 2025, a KO non-conformity has been detected regarding the requirement:
 
 1.2.1. KO: During the management assurance review of the level of awareness of the responsible with respect to product safety and the implementation of mechanisms for monitoring performance, it is evidenced in an interview with the new responsible of the management system and responsible of IFS in the company, that he has no knowledge about the allergens that are handled in the company or may be handled, nor about food defense, the responsible of the previous company left the company in October 2024, and since this date, RBS assumes the responsibilities without enough knowledges about the safety food , which also carries out administrative and traffic management activities.During the management assurance review of the level of awareness of the responsible with respect to product safety and the implementation of mechanisms for monitoring performance, it is evidenced in an interview with the new responsible of the management system and responsible of IFS in the company, that he has no knowledge about the allergens that are handled in the company or may be handled, nor about food defense, the responsible of the previous company left the company in October 2024, and since this date, RBS assumes the responsibilities without enough knowledges about the safety food , which also carries out administrative and traffic management activities.",20.06.2024,"2.1.2, 2.1.4, 2.1.5, 2.1.6, 2.1.8",Locked: 30.04.2025,
82008,7BD70C54,Vegeland Società Agricola S.r.l. Pty Ktd,Contrada Porcile,Apricena,71011,Italie,,,IFS Food,15.05.2025,"The payment for the last IFS Food audit on April 7-8, 2025, was not done.",05.05.2025,5,Locked: 15.05.2025,
82841,9EE868BB,CONTIMAX S.A. oddział w Dąbrowie Chełmińskiej .,Łososiowa 6,Dąbrowa Chełmińska,86-070,Pologne,,,IFS Food,28.04.2025,"NC – 2.3.9.4
 
 During the audit, an improper method of monitoring the control point - thawing of raw fish was found.
 
 The thawing temperatures were verified:
 1) Chamber B, trolley no. 1 - 1.1 °C; 4.5 °C; 3.2 °C; 0.1 °C; 8.8 °C
 2) Chamber B, trolley no. 2 - 8.8 °C; 8.8 °C; 9.1 °C
 3) Chamber 115/05 - -0.6 °C; 4.6 °C; 6.2 °C; 1.8 °C; 2.8 °C
 
 According to Regulation 853/4, ""Chapter VII ""Fresh fishery products, thawed unprocessed fishery products, and cooked and chilled products from crustaceans and molluscs should be maintained at a temperature close to the melting point of ice.""
 
 The stabilization temperature of the raw material after thawing (cold store) according to internal arrangements should be from 0-4 °C. During the audit, the temperature of the measured products was 3.7 °C; 4.1 °C; 4.4 °C; 3.9 °C
 
 Additionally, according to instruction P_7 of 28/03/2024, the company should conduct the defrosting process to a temperature of 0.2 ° C to max 1 ° C. The measurement should be taken at the geometric center of the raw material. During the audit, the operator measured the temperature between packages",16.07.2024,2,Locked: 28.04.2025,
83145,"6,60E+07",Europe Fi Naturals SLU,"Cesareo Alierta, 10 2 IZQ Esc 1",Zaragoza,50008,Espagne,,,IFS Broker,22.04.2025,"Major: 4.5.2:
 The company is using a bottle which according to TS is made of recycled resin PET. Although the supplier has been asked for a declaration of compliance in accordance with Regulation 2022/2016, the supplier has not provided a declaration of conformity in accordance with the regulation.",14.05.2024,"1,8",Locked: 22.04.2025,
83851,A9596FC2,TRIOPACK GmbH,Teuditzer Weg 14,Bad Dürrenberg,6231,Allemagne,,,IFS Food,02.05.2025,Discontinuance of business,23.10.2024,10,Locked: 02.05.2025,
84041,99A41CE6,GO-fresh GmbH,Zur Feuerwache 3,Erkelenz,41812,Allemagne,,,IFS Food,13.05.2025,"2.3.6.1 Major:
 In the HACCP concept, the risk of excessive sulphite concentration is analyzed for fruit instead of vegetables and assessed at 1 x 3 = 3. Fruit has not been processed at this location since 2025. In this context, ""Testing the concentration/formulation pH < 4"" is specified for fruit. The pH value cannot be used to determine the sulphite concentration. The control of the immersion bath with ascorbic acid and sodium bisulfite, defined as an oPRP, is not currently mastered, and the testing is not documented.
 The hazard analysis does not address the use of an immersion bath with peracetic acid for melons, parsley, and chives.
 Potential Listeria contamination is assessed with a risk priority of 1 x 3 = 3. The probability is not comprehensibly rated as 1 = ""low probability,"" and the action specified is ""block product,"" which, however, will hardly be possible due to the very short shelf life of the products.
 
 4.3.2 Major:
 In the production of the eggplant cubes product, a dipping bath containing E222 or E223 is used. This dipping bath is adjusted so that the final product does not exceed a sulphur dioxide and sulphites content of 10 mg/kg. Instead of a list of ingredients, the label states ""may contain traces of celery and sulfite."" The missing labeling of the additive E222 or E223 does not comply with the requirements of Article 9 of EU Regulation 1169/2011.
 According to Article 24 of EU Regulation 1169/2011, for foodstuffs that are microbiologically highly perishable and can therefore pose an immediate threat to human health after a short period of time, the best-before date must be replaced by the use-by date. The tuna wrap product has a shelf life of 3 days and is highly perishable. Contrary to the requirements of Article 24 of EU Regulation 1169/2011, this product is labeled with a best-before date
 
 Remark: The labelling inspection process is inadequate and led to the two violations of the law described here.",31.05.2024,"5, 7",Locked: 13.05.2025,
84344,ECC0AF5A,AVOS EUROPA S.L.,"Calle Aeródromo, nº 22, Parque Agroalimentario Costa del Sol Axarquía",Trapiche - Velez (Málaga),29719,Espagne,,,IFS Broker,23.04.2025,Suspension of the certificate due to non-payment of the certification services.,16.01.2025,"1,5",Locked: 23.04.2025,26.12.2025 - 26.12.2025
84955,"4,40E+07",Zanobeet S.L.,Pago Las Manchuelas s/n,Chipiona (Cádiz),11550,Espagne,,,IFS Food,30.04.2025,"A Major NC was raised during the IFS Integrity On-site Check on April 24, 2025.
 Description of the Major NC:
 Clause 4.13.2:
 “During the IOC it has been observed that the pest control plan is not correctly implemented:
 - Presence of reptile excrement (geckos) in the packaging area.
 -Presence of many rodent droppings in the machine used for sorting pumpkin. Not in use on the day of the IOC.
 - Presence of a lot of snails in the beetroot washing machine, floor of this area and walls of the packing room.
 - Presence of unauthorised and uncontrolled rodenticide in the packaging material area next to the boxes already prepared for packaging the final product, against the Regulation EU 528/2012, with the consequent risk of intentional or unintentional contamination.
 - Presence of a quantity of spider webs on the upper external part of the cold room used to store final product auxiliar material and on the insect trap in the washing area.
 - Number of flying insects throughout the facility. The presence of dead flying insects was found on the final packaging material.”",12.11.2024,5,Locked: 30.04.2025,
85864,D83FF0C8,HORTICULTORES EL TORCAL S.C.A.,"Carretera de la Azucarera, Km. 3,9",Antequera (Málaga),29200,Espagne,,,IFS Food,28.04.2025,"KO against requirement 1.2.1:
 During audit tour it has been observed the usage of packaging material (primary packaging material) printed with retailer’s brand (MARXX TXX) and legal identification of the retailer as broker (NEXX MARXXX) used in product not destined to the retailer identified in that packaging material. The material was being used in the product “Espárrago Verde” Size 6/10 Cat I, batch 001702) destined to several customer’s of the national market. The instructions and authorization for this use of this packaging material come from the senior management.
 
 KO against requirement 3.2.2:
 During audit tour it has been detected significant breakages in General good hygiene practices as well as of the internal hygiene rules (Buenas Practicas de Manipulacion, Rev.9):
 • It has been observed operators with the hair not properly covered
 • It has been detected the presence of medicines (blister of pills) in a shelf of one of the tables used to packing final products.
 • It has been observed clothes (personnel and protective clothes) stored in production line (e.g. shelf under packing tables)
 • It was observed an operator provided with mobile phone
 • The staff is incoming to the production site wearing the protective clothes or wearing protective clothes not specifically destined to its usage in the production area. There is not evidence that the protective clothes are just used in the production site.
 • It has been observed water bottles observed along the production site (e.g. close to production line or in the work point in production line)
 • It has been detected an empty can of soft drink in the bin placed in the reception area for raw materials (fresh asparagus) and another can (not opened) in the work point of the same area.
 
 Mayor NC against requirement 4.5.2:
 • During audit tour it has been detected final product (“Espárrago Verde” Size 6/10 Cat I, batch 001702) in which the primary packaging material was being used with the not destined food contact side (printed side) in direct contact with the product and there are no evidences/documented information about the food intended contact aptitud of the the used inks.
 
 KO against requirement 5.11.3:
 • The company has not properly managed and implemented corrective actions linked to the deviations detected in previous IFS audit. Equal or very similar deviations to 4 of the 6 deviations detected in previous audit have been detected in the present audit. (3.2.2, 3.2.7, 3.4.2, 4.10.2)",15.07.2024,5,Locked: 28.04.2025,
85924,6D64C658,GOLSKI LT JSC,Kalvarijos g. 128D,Kauno m. savivaldybe,LT46403,Lituanie,,,IFS Food,22.04.2025,Certificate is held due to the lack of payment,22.04.2025,6,"Locked: 22.04.2025, Unlocked: 30.04.2025",
86170,456A32FF,Papoutsanis SA,71st Km National Road Athens - Lamia Vathi Avlidos,Halkida,34100,Grèce,,,IFS HPC,15.05.2025,"Audit result deviations (summary of the discrepancy category and number): During the site visit, several observations indicated that the implementation of Good Manufacturing Practices (GMPs) was not under adequate control: During the inspection at the changing rooms: It was observed that in some lockers the required procedure for separating clean and not clean cloths was not being followed. Some chairs were found to be in poor condition, and a cup of coffee was seen placed on top of a locker. Next to the sink, the waste bin did not have a lid. In the toilet facilities, the ventilation system was turned off and could only be operated via a central switch located outside the restroom area. Additionally, the outdoor break area was equipped with ashtrays that were not covered. At the liquid mixing area: Remaining dust was observed on the exhaust hood above the raw material weighing station. The floor beneath mixing tank M31 and along the base of tank D4 showed deterioration, with flaking material remaining on the surface. At the liquid bottling area: Several ceiling panels had been removed in multiple locations to allow for cleaning or maintenance of exhaust ducts or related equipment. The entire length of the Rombotics 1 bottling line was uncovered, and part of it was located directly beneath an open section of the ceiling (new machine, some parts stile are coming), Waste bins (for waste during filling) located near bottling points during packaging operations were found without lids. At the end of the bottling machines, where secondary packaging was taking place, It was observed that some pallets had visible wood splinters, indicating that the pallet blowing process was skipped before entering the packaging area. The floor in this area was not clean at the time of the site visit. Additionally, the floor beneath the filler of the Monsavon line had not been properly cleaned after washing operations. In the solid soap mixing area: a jug containing TiO₂ was seen uncovered on the scale, and the main TiO₂ container was also open, and no operator was on place. A container of fragrance was found partially open, with two small black particles observed inside. Solid soap formation line: A minor fraying was noted on the edge of the return conveyor belt used for reworking leftover solid soap. A pallet with drinking water was located next to line 2. At Reverse Osmosis 1: A small leakage was observed from the reject water line of Reverse Osmosis Unit 1, which remained unrepaired on the second day of the inspection. Production/warehouse areas: The segregation between areas of differing hygiene requirements of the plant was not clearly marked.",24.07.2024,"1, 2",Locked: 15.05.2025,
86611,61FC83C5,SAREROM SRL,Laminoristilor nr.145F,"CAMPIA TURZII, jud. Cluj",451000,Roumanie,,,IFS Food,13.05.2025,"During the renewal IFS Food audit on the 12.05.2025, a Major has been raised under req.4.13.1: Site premises an equipment do not allow prevention of pest entry and infestation: during the on site tour, seen pigeons up to the packaging of on site area where final products are open, together with pigeon droppings on some final products pallets and on the floor inside of final storage area.
 
 Furthermore the site has decided to interrupt the audit.",02.09.2024,10,Locked: 13.05.2025,
88111,31E29117,Wellbena Sp. z o.o.,Fabryczna 1,Sokołów Podlaski,08-300,Pologne,,,IFS Food,25.04.2025,No payment done,14.04.2025,6,Locked: 25.04.2025,
88862,B26A78CB,CHIAROLLA S.r.l.,Via Spineto 15,Terlizzi (BA),70038,Italie,,,IFS Food,08.05.2025,"During the audit completed on site on 06/05/2025 the following Major NCs and KO were identified:
 3.2.2 KO: The HACCP/Quality Manager C.A. does not wear the clothing and headgear required by internal procedures during the tour of the production premises.. Also, presence of employee with false eyelashes detected in production premises, although company procedure POG1 Internal personnel rules ed. 0 rev. 1 of 2024/03/04 reports this prohibition. The employee is not directly involved in production.
 4.9.2.2 MAJOR: 1) In the product reception area there is an opening for the passage of a fire pipe that does not adhere to the pipe itself. 2) In the product reception area there is an almond peeling machine next to a wall with a noticeable peeling of paint. The peeling machine is open, the product is on display.
 4.10.2 MAJOR: During the visit to the production premises found the following situations of non-compliant hygiene: 1) Presence of cobwebs in the production room, raw material and finished product storage area, and staff rooms. 2) dusty aerial parts (pipes, ducts, neon) in the production department and storage rooms. 3) containers containing bulk products (pistachio and shelled almonds), present in raw material storage cell and finished product storage area, dirty in visible parts. 4) equipment with residues from previous processing (inside of packaging machine funnels, surfaces in contact with conveyor belts). 5) In raw materials receiving area found presence of an inadequately cleaned almond peeling machine with residues from previous processing and a couple of kilograms of almond product left on the belts. Also present accumulation of product from previous processing on the floor below the peeler. The company initially stated that this was machine no longer in use. 6) corners of the floor in raw material receiving area and in finished product storage area, with accumulation of dust and dirt in corners 7) insect nets soiled with dusty residue in product packaging room.
 4.12.1 KO Insufficient procedures were adopted to prevent the risk of contamination of the product by foreign bodies. During the inspection, the following situations of risk of contamination by foreign bodies were found:
 • presence of wooden pallets in the raw material cell (due to overlapping of big bags) near uncovered product present in crates;
 • use of adhesive tape and cardboard for temporary repairs on the 3 packaging machines and on the sorter in operation;
 • presence of a container for raw material to be processed with loss of coating paint;
 • use of wooden stools and tables in the production departments to support material, even if intact;
 • repair with scotch tape on sewing machine for product bags;
 • in the packaging room presence of maintenance equipment, spare parts for the machine and small parts (screws and bolts) on a low wall behind the packaging machine;
 • for peeling machine present in the reception area, presence of scotch tape was detected on two control/electrical panels;
 • presence of two knives with plastic handles detected, one in the reception area and one in the packaging area, used in place of the fixed blade knives supplied to staff;
 • presence in the overhead areas (ceiling) of non-metal detectable cable ties for securing overhead cables and pipes;
 • presence of operating instructions fixed with scotch tape in the finished product storage area""
 4.13.1 MAJOR The premises and equipment at the site are not fully designed and maintained to prevent pest infestation as required by the requirement. Specifically: 1) There are two swinging doors with bottom seals that are not fully intact and the door leaf leaves a gap that potentially allows pests to enter. 2) One automatic door does not fully close all the way to the floor. The automatic door is placed immediately after one of the two swing doors and marks the entrance to production. Immediately after the door, on the right wall, detected UV lamp No. 34 with the glue panel almost completely covered with plodia and other flying insects, less than 24 hours after the monitoring intervention carried out by the external company responsible for the service. 3) There is a hole in the wall in the goods entry area, from which outside light is visible. 4) A window in the packaging area has damaged mosquito netting. 5) In product packaging area there is a portion of the wall, which in the lower part consists of a small wall covered in a non-smooth manner, with the presence of small holes. Leaning against the small wall is an insulation board that leaves a space of a few millimeters free from the small wall. Accumulated dust and dead insects are present in the space indicated. Since this is a packaging department, there is product and packaging on display.
 4.14.3 MAJOR In packaging room, coils are stored resting directly on the floor, also present partially used coils, not covered after use. Also present, in finished product storage room, plastic buckets that the company declares not to be used, resting on the floor, not properly covered, with presence of dust and dead insects (plodie), also lacking any indication of traceability.
 5.11.3 KO Corrective actions related to last year's IFS audit were not effectively closed, specifically related to items: 2.3.5.1 The flowchart validation report conducted on 2025/01/08 does not include a clear reference to product in production during validation. 4.9.2.3 Detected missing portions of skirting board in packaging area, dressing room, finished product storage area. 4.9.3.1 Detected portion of tile floor not intact in raw material and packaging receiving area. 4.9.6.2 Raw materials and packaging entry hatch has damaged brushes in several places, absence of brushes at joint points, and gap with respect to flooring at the side. The door at the opposite side of the room has ruined brushes in several places and absence of brushes at the junction points. In addition, the automatic roll-up door protecting the production entrance does not close perfectly at the bottom, leaving a gap of several centimeters open. 4.12.3 Detected in packaging room, on small table behind packaging machine, a package of non-segregated alcohol with broken cap not allowing the package to close. 4.13.5 In raw material storage cell detected presence of unidentified pest monitoring trap. At the exit of the same cell, on pilsatro placed on the right, detected presence of an identification sign with numbering 33 without the presence of a corresponding trap. 4.16.5 Detected temporary repairs with tape and cardboard on the 3 packing machines and the sorting machine in operation. Repairs are placed in such places as to come in contact with the product (e.g., product passage or exit areas) 4.10.2 Packaging machines, including conveyor belts carrying unpacked product and loading tanks have residues of previous processing.",14.06.2024,5,Locked: 08.05.2025,
89008,9723CFF2,Seawell Fresh ApS,Kai Lindbergs Gade 79,Hanstholm,7730,Danemark,,,IFS Broker,23.04.2025,"5.1.1 KO: *Internal audit within v3.2 was not performed in 2025. Last internal audit done on 15.4.2024 within 3.1
 **Risk assessment could not be seen for internal audit frequency.
 5.1.2 Major: Not performed 2025 year internal audit.
 5.7.2 KO: *It was determined that some nonconformities identified last year continued and that the actions taken were not sufficient.
 **It was determined that corrective action - root cause information regarding the nonconformities identified during the internal audit conducted last year was not defined.",25.06.2024,"1,2",Locked: 23.04.2025,
89750,F5668509,Sirignano s.r.l.,Strada del turchino 8,Novi Ligure (AL),15067,Italie,,,IFS Food,23.04.2025,outstanding payments,04.02.2025,5,Locked: 23.04.2025,16.12.2025 - 17.12.2025
91210,AF7D4DA8,SCHWAN SUGAR-FREE D.O.O.,"Grmovac , Nova 5.br.34",Kragujevac,34000,Serbie,,,IFS Food,05.05.2025,The company decided to stop the certification and terminated the contract with our Certification Body.,01.04.2025,6,Locked: 05.05.2025,
20730,66CCDAEA,Oerlemans Foods Waalwijk B.V. .,Zijlweg 16,Waalwijk,5415 NR,Pays-Bas,,,IFS Food,22.05.2025,"During the audit completed on site on 20-21/05/2025 the following Major NCs and KO were identified:
 
 1.1.1 Major NC During the audit tour a substantial lack of Food Safety and Quality culture was seen with some of the employees. So were seen employees with private phones, incorrect verification on cleaning, not allowed lubricants and ""home"" knives. The food safety Culture plan as assessed during document review was present but in a rudimentary format. So were no goals determent for 2024 and no verification and behaviour of employees were mentioned. Same issue as last year therefor up-scaling to a major nonconformity",16.05.2024,"5, 7",Locked: 22.05.2025,
28781,47507EEA,COOPERATIVE LAITIERE DE YENNE PORTE DE SAVOIE SCA,ROUTE DE CHAMBUET,YENNE,73170,France,,,IFS Food,19.05.2025,"Major NC on 4.8.2 : Yenne site :
 The production flow during the raclette smoking stage in remote building No. 2 was not designed to prevent the risks of microbiological, chemical, and physical contamination of this semi-finished product, resulting in a loss of control over a process that could affect food safety.
 
 Indeed, the smokehouse was located in a building separate from the main site, which serves as a storage area for detergents, cardboard, packaging, and wooden pallets. This area connects directly to the outside (there is no airlock) through a sliding door.
 The walls are made of concrete, the frame is exposed wood, and the thermal insulation on the ceiling is peeling.
 The cheeses are transported on a ladder protected by an external flow and are exposed in this building before entering the smokehouse. Please note that the rodent control service provider's inspection reports indicate increased consumption in October and November 2024.
 
 Measures to limit contamination risks have not been implemented.
 - The cleaning plan has not been adapted to this process change.
 - The risk analysis for the environmental control plan has not been conducted.
 - The HACCP study has not been updated following this process change (flow diagram, hazard analysis, risk rating).
 - Staff hygiene rules were not taken into account in the analysis (lack of an airlock for clothing, lack of hand wash basins, lack of a foot bath), which is inconsistent with existing best practices within the cheese dairy.",11.07.2024,4,Locked: 19.05.2025,
29403,D133EE18,"CANPIPORK, S.L.",Polígono Agroalimentario 18-19,GUIJUELO (SALAMANCA),37770,Espagne,,,IFS Food,20.05.2025,"KO Non-Conformity Req. 4.12.1
 It is evident that the procedures to prevent contamination by foreign bodies from the facilities are not properly implemented, as several non-compliances were observed in the cutting room and cold storage rooms, such as: In the cutting room, it is evident: Leak in the evaporator with constant dripping of water at the entry point of the carcasses to the cutting line, several hard plastic housings of lights above the cutting line half detached, with loss of integrity (broken) missing some of the parts, cable and steel sharpener on the cutting line with the plastic handle half detached and broken, insulating tapes half detached and broken in several evaporators above the lines and in most of the pipes and connections on the ceiling of the cutting room where open product passes, several of the evaporators above the cutting line with the metal protection grids with loss of integrity, half detached and broken missing some of the parts, blue transport tape on the cutting line with loss of integrity in the corners, several evaporator hooks on the ceiling rusted and with loss of integrity, rusty transport trolleys in the cutting room. Several light fitting housings were also found to be partially detached, broken, and missing parts in the lean meat storage room with open product and in the ham and shoulder storage room. No incidents were recorded in the cutting room during the last monthly internal infrastructure inspection on May 6, 2025.
 
 Major Non Conformity Req. 4.9.4.1 
 At the time of the audit, condensation could be seen in practically the entirety of the chamber nº 4 where fresh product is stored, unprotected and open prior to filleting and packaging, for example, secreto iberico lot 190525 EWF. Similarly, a small amount of condensation can be seen at the entrance to the ham resting chamber.",17.07.2024,1,Locked: 20.05.2025,
34219,AF763670,Ulrich Rieck & Söhne Intern. Speditionsgesellschaft mbH & Co. KG,Egger Straße 5-7,Ottendorf-Okrilla,1458,Allemagne,,,IFS Logistics,19.05.2025,"The loading/unloading area is not properly adapted for loading and unloading small lorries (smaller vehicles), which are used on a daily basis.
 During the audit, a 14-tonne lorry docked at gate 33 and lowered its loading platform. The building’s dock leveller was connected to it. However, because the vehicle has a weather protection flap, it cannot drive closer to the ramp, resulting in a gap of approximately 1.5 metres. This gap is not protected against adverse weather conditions or pest intake.",05.07.2024,"2.1.1, 2.1.10, 2.1.11, 2.1.2, 2.1.3, 2.1.4, 2.1.5, 2.1.6, 2.1.7, 2.1.8, 2.1.9, 2.2.1, 2.2.2, 2.2.3",Locked: 19.05.2025,
46120,64176FB1,NS ESTATE SIA,Avoti,"Nicas Pagasts, Nicas novads",LV3473,Lettonie,,,IFS Food,19.05.2025,"The audit of NS Estate SIA was conducted on 12-13-14-15-16 May 2025. The auditor found 2 KOs and 2 Major on the last day of the audit. During the review of the action plan and the audit report is reviewed by the TR total 2 KOs and 5 Major NCs are raised. 
 
 1.2.1 KO N° 1: The senior management shall ensure that employees are aware of their responsibilities related to food safety and product quality and that mechanisms are implemented to monitor the effectiveness of their operation. Such mechanisms shall be identified and documented.
 
 The non conformity given during the audit and the reason for blocking: There were main changes in team - Quality Manager (end of March 2025) and Production manager (aprx. 1 month ago); had been left the company. Nobodies were appointed replace for them for HACCP Team, food defence and food fraud responsible persons and also laboratory test for end product (commercial sterilization test in batch inhouse lab) and process control for allergens and cleaning controls etc.
 
 5.11.3 KO N° 10: Corrective actions shall be formulated, documented and implemented as soon as possible to avoid the further occurrence of deviations and non-conformities. The responsibilities and the timescales for corrective actions shall be defined.
 
 The non conformity given during the audit and the reason for blocking: The CA from previous year were not verified and implemented. There were almost same deviations from previous year which CA were not implemented as declared on previous CAP: Ex; 3.2.9 for clothes with pockets and 4.13.2. pest monitoring in carton containers, 5.1.2 - auditor independence ; 5.6.2 . for environmental monitoring plan , 5.11.4 - verification control form was not implemented. 
 
 4.3.2 Major: The procedure shall ensure that labelling complies with current legislation of the destination country/ies and customer requirements.
 
 The non conformity given during the audit and the reason for blocking: Although there are claims on meat ball packages , there is no any information on nutritional fact sheets for High Omega 3, high protein and high Vitamin D for product with Baltic gift brand for Canada Markets.
 
 4.12.3 Major: All chemicals within the site shall be fit for purpose, labelled, stored and handled in a way not to pose contamination risks.
 
 The non conformity degree changed during TR Process and the reason for blocking: There was nonfood grade lubricant in fish processing area, the responsible person declaration was it is used for conveyor chain after cleaning. There was no control.
 
 5.3.2 Major: Process parameters (temperature, time, pressure, chemical properties, etc.) which are essential to ensure the food safety and product quality shall be monitored, recorded continuously and/or at appropriate intervals and secured against unauthorised access and/or change.
 
 The non conformity given during the audit and the reason for blocking: The control records BC-01 on meat ball process for frying and product control have missed informations to check center temperature and temperature after frezeer. The controls were not comply with limits on 6 may- 13-14-15 May 2025 : limit for center temparature of meat after frying must be min 65 ( its less than 60) and the limit for temparature of meat ball after freezing min - 18C ( its less than -10C)
 
 5.6.1 Major: Testing and monitoring plans for internal and external analyses shall be documented and implemented and shall be risk-based to ensure that product safety, quality, legality, authenticity and specific customer requirements are met. The plans shall cover a minimum of:
 • raw materials
 • semi-finished products (if applicable)
 • finished products
 • packaging materials
 • contact surfaces of processing equipment
 • relevant parameters for environmental monitoring.
 All test results shall be recorded.
 
 The non conformity degree changed during TR Process and the reason for blocking: There is no risk assessment performed to manage the laboratory testing process in the company. no inhouse lab results after April 2025
 Pesticide testing is not included in the laboratory plan for calendar year 2025. Dioxins are planned for testing, no evident test report available since beginning of year 2024. 
 Analysis of ready product for food safety criteria are performed for one sample (n=1) instead of 5 (n=5) as required per legislation.
 
 5.6.2 Major: Based on risks, the criteria for environmental monitoring program shall be documented, implemented and maintained.
 
 The non conformity degree changed during TR Process and the reason for blocking: The criteria for environmental monitoring program are not documented, implemented. There was no differentiation for zones and no details for indicators and pathogens, only TPC counted. There are no evidences of environmental tests performed for zone 3 and zone 4. No inhouse analysis for April and May 2025.",04.09.2024,"2, 7",Locked: 19.05.2025,
48200,4B064C93,Amcor Rigid Packaging USA LLC - Bellevue,975 West Main Street,"Bellevue, OH",44811,États-Unis d'Amérique,Amcor Rigid Plastics USA- Manchester LLC,48158,IFS PACsecure,22.05.2025,"• Failed recertification audit due to KO scored D (KO- 4.18.1.)
 NON-CONFORMANCE: The blue bin used to store regrind material before reintroduction back into EBM Line #5 product stream was not identified as such. There was no reference to material/traceability information on the container. In addition, one unidentified 425lbs covered roller container with, what appeared to be resin material, was stored by #3 Surge Bin, adjacent to EBM Line #1. The container was not labeled as to material and traceability information. An interviewed nearby employee ""guessed but was not certain"" (quote) that the material in question was Polypropylene (PP) virgin resin. However, this could not be substantiated. Missing identification and traceability on two rework bins in the EBM area was already an identified observation during the previous assessment (D). Therefore, this observation was graded as KO as it did not appear that the identification of product lots and their relation to batches of raw material for products within the scope of the audit was not fully implemented and executed; consequently, loss of traceability was imminent.
 
 • Recertification Audit with Majors (4.12.2)
 NON-CONFORMANCE: Condensation accumulation around IN-53 cooling line fixtures was noted dripping directly on the 401 lids (for infant formula container) and the incline conveyor (direct product surface). The lids were then packaged into cardboard boxes and stored in the on-site warehouse until shipping. Based on employee interviews, the line started at 09:35; described observation occurred at 10:20. However, the required pre-operational inspection prior to line start-up was not documented in RealSPC. Therefore, based on observed direct product contamination and product safety concerns as a result, in addition to non-compliance to documentation requirements of pre-operational inspections, it was concluded that the described process was not controlled in this instance and graded as Major.",22.08.2024,2,Locked: 22.05.2025,
55370,90A349A0,EGETÜRK Fleisch- und Wurstwaren GmbH & Co. KG,Feldkasseler Weg 5,Köln,50769,Allemagne,,,IFS Progress Food,21.05.2025,"5.4.1
 On 19 May, 1000g of garlic sausage (Pasa Kangal Sucuk; item number 50) was manufactured and packaged. The product is labelled with the ‘e’ mark. The finished weights are checked using a calibrated scale (official verification valid until the end of 2025) with a sufficient calibration value of 0.5g or 1.0g.
 
 Deviation 2025:
 The last records for weighings carried out date from 24 January 2024, and the last check by the calibration office was done on 13 February 2024. No further results have been documented since then. This means that the records for the finished weight checks carried out from 14 February 2024 onwards are missing.
 A documentation requirement arises from Section 41 (4) of the German Prepackaged Goods Regulation.",12.06.2024,1,Locked: 21.05.2025,
58158,1F11492D,SAGI S.R.L.,VIA ROMA 262,ATRIPALDA,83042,Italie,,,IFS Food,20.05.2025,The certificate has been suspended because the company has not provided the requested clarifications regarding a change in the scope of certification for which Certiquality has received notification from the market.,23.10.2024,"5, 6",Locked: 20.05.2025,
59010,"6,50E+07","ALFONSO GARCIA LÓPEZ, (PESCAMAR) S.A.",C/ Camino de la Fábrica Nº3,POIO - PONTEVEDRA,36995,Espagne,,,IFS Food,21.05.2025,"During the IOC audit completed on site on 19/05/2025 the following Major NC was identified:
 
 4.13.2 Major 
 During the visit to the plant, the presence of numerous rodent droppings was observed in several areas where there is open product.
 - Reception area for raw material, tuna, cephalopods, mussels, etc. This area communicates directly with the production area itself.
 This area also communicates with the company's yard where the waste (Sandach) and the treatment plant are located.
 According to pest control observed records, there are incidences (at least during the last three months) in rodent traps 12 and 13. These traps are near raw material reception area and no any action has been taken.
 There are no rodent traps in the raw material reception area despite the incidents detected.
 - Raw material and final product storage area. (this building is identified as changing room building)]",12.11.2024,"2, 7",Locked: 21.05.2025,30.09.2025 - 02.10.2025
61978,9C06FB87,Nacon Araraquara Comerçio e Representações EIRELI,Av Fortunado Bressan 501,Araraquara- SP,"1,50E+07",Brésil,,,IFS Progress Food,21.05.2025,"4.19.2 – NC: 
 - Evidenced in the raw material storage chamber, non-compliance with the separation and identification of allergenic material, as mentioned in PAC 11 - POP 11 - Control of Allergenic Material, revision 11 of 09/13/2024. 
 - Evidenced during a visit to the production process, a product containing egg allergen, being handled with a white knife, contradicting PAC 11 - POP 11 - Control of Allergenic Material, revision 11 of 09/13/2024, which mentions that for products containing egg allergen, the use of blue knives is mandatory.",24.06.2024,4,Locked: 21.05.2025,
65428,6C344262,BELMOCA NV,Technologielaan 7B,Londerzeel,1840,Belgique,,,IFS Food,21.05.2025,"Major 5.5.1 : The implemented quantity control method for 1 product did not meet the legal requirements and customer specification, namely during the on-site tour, the check weight had a TU2 of 49 g. On the same production line, a different check weight was assigned to a different program with a TU2 limit of 50 g. According to the operator, there were problems configuring one of the control weight with the correct program. It was found that the label on the manufactured product stated a weight of 52 grams (no average weight). This was also stated in the specification.
 
 
 Furthermore, the data for an identical production on 29/01/2025 could not be shown due to problems retrieving data from the check weight.",02.07.2024,10,Locked: 21.05.2025,
70382,7D8623D9,Moulins de Statte sa,"Rue Oscar Lelarge, 15",Huy,4500,Belgique,,,IFS Progress Food,21.05.2025,The company has gone bankrupt,03.09.2024,6,Locked: 21.05.2025,
73978,65EA93A0,GUILLOT COBREDA SA,La Croix Bouilloux,CUISERY,71290,France,LDC (80833),72300,IFS Food,19.05.2025,"During the IFS audit conducted from May 13 to 15, 2025, a major non-conformity was raised against requirement 5.5.1.:
 - The multi-scale balance No. 10829577 has a minimum scale of 2 g (for a capacity of 6 kg) even though it is used to weigh trays weighing less than 2 kg (whole chickens in plastic wrap). It should have a scale of 1 g. This scale, used as a legal measuring instrument, is therefore not suitable, as it is not accurate enough to guarantee the accuracy of average weights.
 
 - None of the scales in the composting room have a scale of 0.5 g, which would be necessary for composting minced chicken meat 90 g X2, which therefore weighs less than 200 g.
 
 These weighings are governed by different regulations depending on whether they are used to label products sold by variable weight or by fixed nominal weight. The three texts governing these different categories (Directive of January 20, 1976, Order of October 20, 1978, Recommendation R76-1 of the OIML) all recommend a scale accuracy of 1 g for weights between 1 and 2 kg, and a scale accuracy of < 1 g for trays weighing less than 200 g.",23.08.2024,"1, 7",Locked: 19.05.2025,
77463,7FF49298,ROCA 1927 S.L.U.,"CARRER MOLINS DRAPERS, 15",BANYOLES,17820,Espagne,,,IFS Food,19.05.2025,"Mayor non-conformity 4.3.2.
 During the visit to the plant, several labels were checked in the dispatch process and in the final product chamber and there was evidence of non-compliance in relation to the temperature at which the product should be kept, based on Regulation (EC) No 853/4 of the European Parliament and of the Council of 29 April 4, which lays down specific hygiene rules for food of animal origin.
  • The labels placed on the viscera in chamber no. 20 indicate to keep between 0-4 ºC. Evidence: Swiss cut tongue box 184360316304430495 and Sweetbreads: batch 0325051302.
 • It is observed that the labels available on the plastic containers of livers do not indicate the preservation temperature. This temperature is indicated on the pallet label; this label is verified to show to keep between 0-4 ºC. Evidence: batch 032051402.
 • It is observed that the labels of the vacuum-packed meat boxes, in cases where many batches are traced, the legend indicating: keep between 0-4 ºC is cut off.",20.06.2024,1,Locked: 19.05.2025,
78602,F3A49B5E,Chocolaterie Boulanger BV,Nieuwe Donk 17,Etten-Leur,4879 AC,Pays-Bas,,,IFS Food,19.05.2025,"During the audit completed on site on 15-16/05/2025 the following Major NCs and KO were identified:
 4.17.4 Major: A greenish corrosion substance, identified as copper carbonate, was observed forming on chocolate residues around a brass alloy screw at the white chocolate line (Solich), brass alloy screw located above or near the chocolate tank, in contact with chocolate residues.
 
 5.11.1 KO: During the external IFS audit on 14–15.05.2025, a high number of deviations were observed across key food safety and quality areas (e.g. hygiene, traceability, product identification, corrective action). This followed a similar plethora of findings during the unannounced integrity check in January 2025.
 In contrast, internal audits conducted prior to and between these assessments show an alarming lack of critical observations:
 • Internal audit on 23.09.2024: No deviations reported
 • Internal audit on 28.10.2024: Only one minor deviation reported
 • Internal audit on 07.04.2025: No deviations reported, despite serious and recurrent issues being visible just weeks later during the IFS audit
 The discrepancy between internal and external audits raises serious concerns about the objectivity, depth, and effectiveness of the internal audit program.
 
 5.11.3 KO: The company has failed to implement adequate corrective actions to prevent the recurrence of non-conformities for two previously identified requirements:
 • 4.10.2 Cleaning / finding both during the announced audit in June 2024, and the unannounced integrity audit in January 2025,
 • 4.14.5 (product identification)- finding during the unannounced integrity audit in January 2025,
 • 5.2.1 Recurrence of IFS recert audit of June 2024: The proposed audit frequency 6x a year was not adhered to
 • 5.11.4: The company does not evaluate the effectiveness of proposed corrective or preventive actions, but only records whether the action was initiated. There is no additional documentation of an evaluation of effectiveness after a period of implementation of the proposed actions.",05.08.2024,6,Locked: 19.05.2025,
79846,F36355BD,Bracigliano Salumi di Claudio Calvanese & C. s.r.l.,"Via Cardaropoli, 20",Bracigliano (SA),84082,Italie,,,IFS Food,21.05.2025,"During the IFS Integrity on-site check, carried out on 15/05/2025 by an auditor appointed by IFS, the following were found: 3 non-conformities classified as major and 1 KO.",28.11.2024,"1, 2",Locked: 21.05.2025,
79896,8B19C23E,R&M Nahrungsergänzungsmittel GmbH,Gewerbering 10,Grafenwörth,3484,Autriche,,,IFS Progress Food,21.05.2025,Invoice was not paid,24.02.2025,8,Locked: 21.05.2025,
84311,787DEE44,Indústria e Comércio de Conservas Moliz Palmeiral Ltda,"Rua Abel martins, s/n,",MUANA-PA,"6,90E+07",Brésil,,,IFS Progress Food,20.05.2025,"During the IFS Progress Food version 3 assessment, carried out on 29 and 30/April/2025, a major non-conformity was found in Requirement 2.3.11.1. 
 NC: No validation was presented for the HACCP plan and no documented validation of the CCPs was presented.",07.05.2024,5,Locked: 20.05.2025,
85822,C3E243EC,Korin Agropecuária Ltda,"AV GUERINO TURATTI, 800, DISTRITO INDUSTRIAL III JACOB MARETTO",ARARAS - SP,13.602-101,Brésil,,,IFS Progress Food,20.05.2025,"Requirement 2.3.8.1- NC: Verified in the HACCP plan the survey of the physical hazard of rigid and sharp cutting objects >7mm and rigid objects with a diameter >2mm, according to RDC 623/22, described in the receiving, preparation and primary packaging stages, however, in the determination of the CCP only rigid and sharp cutting objects >7mm were contemplated.",24.06.2024,1,Locked: 20.05.2025,
86321,C15425A9,Delba Backbetrieb GmbH,Oststraße 2 - 4,Delbrück,33129,Allemagne,,,IFS Broker,22.05.2025,"KO 5.7.2
 As in the previous year, some corrective actions from the last IFS audit were not fully implemented in order to prevent recurrence. Deviations in the following requirement points occurred again or were not fully corrected: 2.3.6, 4.2.4, 4.6.2, 4.6.3.
 In one case (4.6.3), the internally set deadline for implementing the corrective action was also exceeded and therefore not taken as quickly as possible.",12.06.2024,"1,6",Locked: 22.05.2025,
88972,477FBFE0,FERNANDO Y TOMÁS S.L.,"PEDRAPIQUERS, 12",VALENCIA,46014,Espagne,,,IFS Progress Food,22.05.2025,"A MAJOR nonconformity related to on-site traceability control was detected: during the plant audit, several boxes and complete pallets were detected in the different refrigeration chambers without lot identification (neither internal, nor supplier, nor final product), supplier's name, etc., or identified with obsolete labels (with other product and lot designations). For example, in products such as: apple, potato, melon, mint (identified as zucchini), artichoke (identified as eggplant), turnip. So there is a loss of traceability in situ, without being able to trace the product with the entry of the goods or the packaging of this.",28.06.2024,5,Locked: 22.05.2025,
90714,8A9F1A08,SOL PASTA & MORE SHPK,"Zona Kadastrale 1167, Bërxullë, Tiranë, Albania",Tiranë,1167,Albanie,,,IFS Food,21.05.2025,outstanding payments,24.12.2024,6,Locked: 21.05.2025,06.11.2025 - 08.11.2025
4162,D3E10E18,Patisserie Jack Heesen B.V.,Pijler 49,Brunssum,6446 AX,Pays-Bas,,,IFS Food,30.04.2025,"During the IOC audit completed on site on 24-April-2025 the following Major NCs and KO were identified:
  
 5.11.3 - KO - During the onsite check the following deviations were seen that were scored previous audit a D.
 3.2.1 At two places (Maintenance chart and in desk production line production area) packaging containing food supplements and candy were found. Due to no seen use and or any traces in the near vicinity of open products no higher deviation. During the onsite check ice-creams were seen stored in a freezer in the storage area. 
 4.10.1 Line clearing and cleaning of foot platform of the seen Lift truck were not sufficient cleaned (raw material parts). The inside of the multi pounds and a for conveyor belt of Hoppe line is not completely clean. No direct food safety risk, due no production at that line. Same deviations as seen during last audit, therefor upscaling to a D deviation. During the Onsite check the same line was not completely clean.
 4.10.2: During the audit tour at the warehouse of raw materials, at productionline ""stuksline"" seval spidercobs were noticed as well residue of former production runs were seen, Due to no seen product contamination and no other allergens in the seen cookies then in receipt present, no higher deviation. During the onsite check through the whole production and storage area numerous cob webs were seen also near the dough preparation
 
 4.13.4 – Major - During the onsite check a line not in use (used the day before) was checked. In 2 flour dispenser cob webs were seen and looking into the flour reservoirs. In one 3 moths were seen and in the other a moth and a weevil. Also near the line another moth was seen.",04.11.2024,6,Locked: 30.04.2025,
4719,5DBE8148,Wback GmbH,Edisonstraße 10,Bönen,59199,Allemagne,Wback (hq) GmbH,59199,IFS Food,26.05.2025,"Requirement Chapter: 4.10.2 – Major
 Observation regarding the cleaning condition during the audit
 The cleaning condition at the time of the audit was unsatisfactory.
 Currently, a 14-day cleaning cycle is carried out on weekends by an external service provider. The last cleaning day was May 17, 2025; the audit began on May 21, 2025.
 In addition, each shift carries out a daily cleaning, which is documented in the cleaning protocol FB58/Rev2 dated November 17, 2017.
 Deviations:
 • Dough residues on the ventilation grilles on the ceiling, e.g., at Line 1.
 • Old dough residues on the inner cladding of Former 2.
 • Increased and old dough residues on the mixers of dough lines 1 and 2.
 • Dirty drains, e.g., next to Oven 1 and the hot bread belt.
 • Under or next to the conveyor belt/divider for rolls, there were black, hard particles.
 • The wall ledge in Hall 2 showed encrusted contamination.
 • The floor hatch for waste water in the supply corridor leading to the hygiene lock was contaminated.
 • There were black spots under the fermentation tank and in the corner of the pre-dough tank.
 Three shifts are in operation. Each shift is obligated to carry out an intermediate cleaning at the end of their shift. If this is not possible, the subsequent shift must take over this cleaning task.
 During the last three operational walk-throughs, it was observed that certain cleaning points were repeatedly neglected – e.g., the lid of the mixer, both inside and outside. These repeated omissions reinforce the non-conformity in accordance with Chapter 4.10.2.
 
 Requirement Chapter: 4.12.2 – Major
 Observation regarding belt wear at Former 2 and the packaging line:
 Significant belt wear was observed on the feed belt (blue) of Former 2. The former transports the dough strand from bottom to top for further processing. In the lower section of the belt, considerable amounts of plastic flakes or shavings had accumulated.
 It cannot be ruled out that these plastic particles may enter the product hopper in the upper section, as they adhere to the underside of the belt.
 An employee confirmed that he had to remove the accumulations several times already.
 Furthermore, similar wear was also observed on the packaging line “Packerei 3 / Bosch,” specifically on Belt 1. This belt transports the finished rolls into the flow-pack machine.",17.05.2024,6,Locked: 26.05.2025,
4776,0B210B04,TRENKER JOHANN SAS,Gratsch 21,Toblach,39034,Italie,,,IFS Food,27.05.2025,the company decided to renounce,22.05.2024,6,Locked: 27.05.2025,
6396,63E673BC,DAVA Foods Denmark A/S,Glerupvej 5,Hadsund,9560,Danemark,,,IFS Food,23.05.2025,"During the audit completed on site on 19-22/05/2025 the following Major NC was identified:
 Major deviation - clause 4.3.2
 The labelling of White Pro Strawberry does not include the mandatory warning required by Regulation (EC) No 1333/2008 for the use of the color additive E124 (Ponceau 4R), which states:
 “May have an adverse effect on activity and attention in children.”
 The first production of White Pro Strawberry containing E124 was 28.02.2024. The current and valid version of label for White Pro Strawberry was approved 02.07.2024.
 Furthermore, no documented risk assessment regarding the risk of overdosing E124 is available. It cannot be verified that the HACCP team was involved in the evaluation of this risk during the meeting held on 14.12.2023.
 The dosage stated in the recipe for White Pro Strawberry (Recipe No. 45128) is at the limit of the maximum legal level (ML = 10 mg/L). The batch contains approximately 0.250 kg E124 (=0.01%), and the scale used for weighing (HFH-29) only measures with two decimal points. This means that the legal limit may theoretically be exceeded due to insufficient weighing precision.
 This deviation indicates a lack of compliance with EU labelling legislation and inadequate integration of food safety risk assessments within the HACCP system.",22.07.2024,3,Locked: 23.05.2025,
15666,6EB7E382,Scherrmann Fleischhandel GmbH,Kapellenstraße 28,Beckingen-Reimsbach,66701,Allemagne,,,IFS Progress Food,30.05.2025,The company is in insolvency proceedings and has stopped operating.,12.07.2024,1,Locked: 30.05.2025,
30369,3D3FD0F7,Johann Nauen GmbH,Lichtenbergstraße 12,Krefeld,47839,Allemagne,,,IFS Food,23.05.2025,"Major in 4.2.1.1
 According to the recipe, article 003618 Tomato ketchup consists of the components tomato puree, spirit vinegar, sugar, modified corn starch, table salt and water. 
 There is a list of ingredients on the sales containers, which also lists spices in the last position, but spices are also listed in the specification for this tomato ketchup, which was last tested and approved on 03.01.2024. However, according to the recipe and the audited production documents, no spices are used in the product.
 
 The tomato ketchup product is used internally as an intermediate product in other recipes and is sold under the Luvat brand. There are no customer agreements with regard to the product recipe.",15.08.2024,"5, 7",Locked: 23.05.2025,
35467,10470CA7,ALEJANDRO MIGUEL S.L.,"CTRA. ALBELDA-NALDA, KM 1",NALDA-LA RIOJA,26190,Espagne,,,IFS Food,24.05.2025,"A KO was raised during the IFS Integrity On-site Check on May 19, 2025. 
 Description of the KO:
 Clause 4.18.1:
 “A traceability system is not always maintained to enable the identification of product lots and their relation to relevant food safety information as BBD or expiry date. The traceability system doesn't always incorporate all relevant records as BBD. E.g., during the on-site inspection it's noted that:
 -‘cabecero de lomo’ lot 250084 received on 20 January 2025 (according to delivery note), with due different expiry date: one on 21 July 2025 crossed out and a second expiry date in April 2025. In the digital traceability system is not written the BBD and in the delivery note from the supplier the BBD indicates that the product has been purchased already expired (2 November 2024).
 -‘Paleta cebo iberico 50 raza Duroc’ lot 23146 not clear expiry date: there is a crossed out expiry date of 26 April 2025 and another expiry date of 26 August 2025 and dispatched on two different days in which it is indicated that the expiry date is 2 07 April 2026 and 13 February 2026. Reception information was requested from the supplier by the ageing without success and delivery notes were not available.
 -There is a white box containing in the order preparation room containing ‘Pamplona chorizo’ batch 241151 expiry date 18 January 2025 and ‘Chorizo extra’ batch 241538 with no expiry date. The company indicates it’s a not for consumption product, nevertheless according to the use policy, the white boxes are fit for consumption.
 -In the refrigerated room there is box with tray of unlabelled sliced cured ham with expiry date 19 January 2025 and 17 June 2025 for which it is not possible to identify which trays the batches belong to. The company indicates as being for own consumption.
 - Under the table in the order preparation room there is a green box with about ten pieces packed without a label or with a label indicating that the product is out of the best before date (23 February 2024). On the box there is a sheet indicating ‘jamon de cebo iberico 50% raza’ lot 230719 with expiry date 04 June 2025. According to the employment policy, the green boxes are for products that have fallen to the ground pending revision.
 In general, there are pallets of packaged products with expiry dates printed on sheets of paper crossed out by hand.”",11.03.2025,1,Locked: 24.05.2025,
36782,F2A86BF2,MONTS ET TERROIRS La Bathie MONTS ET TERROIRS La Bathie,RUE DE L'ENERGIE - ZI,LA BATHIE,73540,France,GROUPE ENTREMONT (80758) SAS,74001,IFS Food,23.05.2025,"Major NC on requirement 4.5.2: 
 The site uses brown cardboard boxes for packing Tommes de Savoie cheeses (boxes of 1 or 4 Tommes) from 2 different suppliers Sxx and Exx. The cheeses are placed on wooden bases suitable for food contact (certificate dated 15/05/2023) and covered on the upper surface only with muslin paper that is also suitable for food contact (certificate dated 06/01/2025). However, the site does not have a food certificate for the brown cardboard boxes, even though the cheese heels may come into contact with the cardboard. Furthermore, the cardboard box from supplier Sxx contains recycled fibers, and the site has no information on the components of the cardboard box from supplier Exx. A letter dated 02/11/2020 from supplier Sxx indicates that it does not add any controversial substances or mineral oils, but does not confirm the absence of these substances in the cardboard boxes supplied to the company. The site does not have any MOSH/MOAH analysis on Tommes to ensure that the MOAH level complies with current regulations, i.e. 1 mg/kg of cheese, regardless of the supplier (Sxx and Exx) of the packaging carton concerned.",16.07.2024,4,Locked: 23.05.2025,
41000,CD444BDB,Forellenhof Thießen KG,Mönchholz 3,Coswig OT Thießen,6868,Allemagne,,,IFS Progress Food,26.05.2025,The validity of the confirmation letter after the result of the Progress Integrity On-site Check of 14.05.2025 with the rating “failed” can no longer be guaranteed. Withdrawal of the letter of confirmation following the customer's decision to discontinue the IFS Progress Food program.,15.05.2024,2,Locked: 26.05.2025,
46235,F8630D73,J. Viñas S.A.,C/ Ermita Sant Francesç nº5,Vic (Barcelona),8500,Espagne,,,IFS Food,26.05.2025,"In the Integrity on site check unannounced audit performed on May 22nd, 2025, 1 Major and 1 D KO Scoring non-conformity was identified on requirement 4.3.2. and 4.18.1:
 
 “4.18.1 D scoring in a KO requirement: A traceability system is not maintained that enables the identification of product lots and their relation to batches of raw materials. During the on-site inspection is checked that in the finished product raw sausage “Butifarra Vedella” with expiration 25-MAY-2025 (own brand) it carries the ingredient “Carnicolor n. 100 s/ lactose” supplier L. C. (without colour). For this raw material, the bag present in the raw material cabinet is L. 224331 best before date SEP-2024. The batch recorded in the production register is L. 221051 (L. 224331 arrived on 27 APR 2022).
 
 4.3.2. Mayor scoring: The procedure doesn’t ensure that labelling complies with current legislation of the destination country.
 For in. during the on-site check in the finished product raw sausage “Butifarra Vedella” (own brand) it carries as ingredient “Carnicolor n. 100 s/ lactose” supplier L. C. (without color) and “Carnicolor n. 100 s/lactose” which contain wheat fibre (without gluten)
 In the label of the finish product batch 2505150202 with own label, the same ingredient is written as “wheat fibre (gluten free)” but the allergen ingredient is not highlighted.
 Based on the technical sheet related to this batches, gluten is < 20ppm (certificate dated 17-SEP-2015 and no changed until 19-DEC-2023F) and by mail the supplier on 22-MAY-2025 said that cereal is not present in the product nor as cross contamination.
 Based on the Reg EU 1169/2011, wheat should be highlighted even is gluten free, since is not included in the exception established by the Reg EU 1169/2011, Art. 21 Labelling of certain substances or products causing allergies or intolerances: “(b) the name of the substance or product as listed in Annex II shall be emphasised through a typeset that clearly distinguishes it from the rest of the list of ingredients, for example by means of the font, style or background colour”. 
 Based on Annex II “Substances or products causing allergies or intolerances”: 1. Cereals containing gluten, namely: wheat, rye, barley, oats, spelt, kamut or their hybridised strains, and products thereof, except: (a) wheat based glucose syrups including dextrose (1); (b) wheat based maltodextrins (1); (c) glucose syrups based on barley; (d) cereals used for making alcoholic distillates including ethyl alcohol of agricultural origin”.
 Based on the guideline of the Spanish health authorities on 2024 “guide to the labelling of foods containing gluten-containing cereals: rules for the information on the presence or absence of gluten” without legal relevance state: “In addition to containing gluten, wheat, rye, barley and oats are regulated allergens and must therefore be declared and emphasised when used as ingredients in a product, regardless of the concentration or treatment they have undergone to remove the gluten component. Ingredients: wheat starch, sunflower oil, salt. ‘Gluten-free’” This means that word “wheat” should be highlighted.”",12.08.2024,1,Locked: 26.05.2025,02.06.2025 - 04.06.2025
47693,2CE26F5E,ETA Jean Gielen asbl,178 Chaussée Romaine,Waremme,4300,Belgique,,,IFS Food,27.05.2025,"Major-4.13.7-Deviation:
 The effectiveness of the measures is monitored by an external service provider, who analyses trends on a quarterly basis. However, the following points were noted:
 
 - Inconsistency between the last report and on-site observations: The Q1 2025 report does not indicate any major signs of infestation. Yet, during the audit, rodent droppings were observed in several areas, including the raw materials storage shop (owned by a customer). Signs of major infestation were observed and supported by a complaint from the same customer reporting the same finding (damaged raw material bags)
 
 - Insufficient corrective action: Although actions were put in place, they proved ineffective given the extent of the infestations observed.
 
 - Documentation not up to date and lack of warning: The bait plan is not up to date, which distorts the risk analysis. The service provider's last report, drawn up the day before the audit, did not mention the critical situation observed on site.",20.07.2024,"5, 9",Locked: 27.05.2025,
48434,F8655E33,Rüther Gewürze GmbH,Natorper Straße 73-75,Holzwickede,59439,Allemagne,,,IFS Food,26.05.2025,Discontinuation of production,08.06.2024,10,Locked: 26.05.2025,
52671,DBAC7856,Aerochim SAS,Bd Georges Milville,Bernay,27300,France,Fareva Corporate France SAS,7300,IFS HPC,23.05.2025,"The following findings were made during the audit:
 
 2.2.1.1 – Scoring MAJOR
 
 UNSUITABLE INFRASTRUCTURE
 1. The green storage warehouse has cobwebs and cladding that is not watertight in places (NC storage area)
 2. The yellow store is unsuitable: it appears very dusty and dirty on the ground: presence of dead leaves and black dust. The raw materials are protected by bags to reduce the risk of contamination, but the bags themselves are stored in open cartons, in contact with dust and dirt.
 3. The storage area of the cosmetics tanks (closed) is aging and degraded (eroded and dirty soils)
 4. The ATEX manufacturing area for flammable products (alcohol-based therefore reduced microbiological risk / filter at the outlet of the tank, therefore reduced risk of physical contamination) is unsuitable: dusty cables, mouldy walls, presence of insects (a live spider was observed on a tank). 
 5. The perfume filling area has a retention on the floor, hidden by a piece of cardboard, dirty and saturated with cobwebs.
 6. The drying shelf of small clean equipment in the cosmetics manufacturing area is rusty and has peeling paint.
 7. The path to the immersion height check (PPC monitoring) requires passing over a line (line AC2) 
 
 INSUFFICIENT MAINTENANCE
 1. Line 8 (cosmetics tube-based machine) is heavily eroded (worn and rusty)
 2. The preparation area for the PMs for weighing has a ""cleaning"" station for the PMs set up on a wooden pallet, with soiling/waste on the floor (under the pallet)
 3. Gourmet storage bins for small equipment in the cosmetic weighing room are dusty 
 4. 2 buckets on the shelf of clean and disinfected equipment in the cosmetic manufacturing area are soiled
 5. In the ""clean room"" for filling cosmetic products: line C9 has soiling on the floor and soiled supply pipes, an air vent (between lines C1 and C2) appears heavily covered with dust / mould
 6. In the ATEX room (flammable cosmetic fab): The tops of the tanks have dust and fragments of paint chips.
 
 
 INAPPROPRIATE PRACTICES
 7. Opening the bin with the hand several times / by several operators in different sensitive areas.
 8. Failure to disinfect gloves before handling sensitive material on several occasions / by several operators
 9. Containers left open for the time of handling several times / by several operators
 10. Incorrectly completed records noted repeatedly / by multiple operators
 11. Disposal of retention / to be reprocessed / non-compliant samples in the same place, observed several times / by several operators
 12. Feeding the tank with a water hose that has been lying on the ground (ATEX zone)
 13. Storage of empty vials (waste) in a gourmet bin for storing small clean equipment (weighing area)
 
 The combination of these three factors — outdated infrastructure, poor maintenance and inadequate operator practices — points to a lack of implementation of good manufacturing practices, compromising hazard control and product safety. This requirement is therefore scored MAJOR.
 
 
 5.11.2 – scoring KO
 
 The follow-up of corrective actions is recorded and traced on NORMEA, regardless of their origin.
 
 On the other hand 
 1. Consumer complaints only follow up on corrective action in the case of 6 complaints (same cosmetovigilance) received for the same batch, which is insufficient.
 2. Non-conformities detected during on-site inspection are corrected, but there are no plans to initiate corrective actions, even in the event of a recurrence of deviations, which is inappropriate.
 3. The 2024 IFS action plan (including actions remaining from 2023), has not yet been fully addressed: while the immediate corrections were implemented promptly, some non-conformities remain, demonstrating that the corrective actions were inappropriate or were not implemented quickly enough (example 1.1.1 / 1.3.1 / 2.1.1.3 / 2.2.1.1 / 2.2.1.2 / 3.1.2 / 4.8.5 / 4.9.4 / 4.12.2 / 4.14.2 / 4.18.1 / 5.1.1)
 
 These breaches call into question the company's ability to ensure continuous improvement and promote the recurrence of non-conformities. This requirement was therefore K.O.",31.07.2024,"1, 2",Locked: 23.05.2025,
53466,A3720BFA,ALIMENTOS CONGELADOS CARRASCAL S.A.,"Cl. Turquesa 49, Polígono San Cristóbal",Valladolid,47012,Espagne,,,IFS Food,29.05.2025,Cessation of activity,23.07.2024,"4, 7, 2008",Locked: 29.05.2025,
57435,F02E15B5,DULCES EL AVION S.A.,"Pº. La Portalada II C/ Planillo, 1",Logroño,26006,Espagne,,,IFS Food,30.05.2025,"Major non-conformity 4.3.2:
  With regard to the information contained in the labelling of the finished product, the following is evident:
  - The presence of plastic film on flowpacks of product references which include the sales denomination ‘Frutas de La Rioja bañadas con chocolate’ of the own brand ‘EL AVIÓN’. During the course of the audit, general certificates of origin of the fruit were requested from the two suppliers of candied fruit (CO---- LA--- and FR--- MO---), showing that the origin of the fruit is not always La Rioja, as it is specified that the fruit also comes from other Autonomous Communities such as Aragon and Catalonia. Therefore, the company cannot guarantee that 100% of the fruit used in the production of these product references originates exclusively in La Rioja.
  - In the plastic film in flowpack of ‘Frutas de La Rioja bañadas con chocolate’ 200 g own brand ‘EL AVIÓN’, it is indicated in the list of ingredients that the product is composed of 70% of candied fruit and 40% of chocolate, exceeding the 100% composition (110%). In addition, this reference includes the sticker ‘Contains milk’ instead of ‘May contain milk’ as stated by the cocoa supplier in the allergen declaration of its Technical Data Sheet.
  - In the plastic film in flowpack of ‘Mazapanes de Soto’ no added sugars 500 g own brand ‘EL AVIÓN’, the value of sugars is not included in the nutritional information table. However, this value is included in the unit packs.",28.08.2024,"5, 6",Locked: 30.05.2025,
58526,408DCE85,So Fast So Good Société par actions simplifiée,1 Rue André Malraux,Romilly-Sur-Seine,10100,France,,,IFS Food,26.05.2025,"During the audit, a major non conformity was raised on item 5.5.1 : During the field audit, the production of Emmental Boursin sandwiches was observed. The packaged sandwiches were weighed on the ‘ASSEMBLAGE’ scale (SN identification 07210499), which is not a legal-for-trade scale (no green sticker). According to the site, sandwiches are sold ‘by the piece’ (the site has a file in which it defines which references must be weighed under ‘legal metrology’, i.e. with weighing on a legal metrology scale, of products ‘outside legal metrology’ - case of ‘Emmental Boursin 70g’ sandwiches). However, on the ‘Emmental Boursin’ sandwich reference, the weight of the sandwich is printed, in this case 70g. Although the customer is buying a number of sandwiches, given that the weight of the sandwich is mentioned on the labelling, this means that the products need to be checked on a legal-for-trade weighing scale. 
 Similarly, for the product seen in the traceability test, the ‘Croque des Alpes 220 g’ is sold by the piece and identified as a product to be controlled ‘outside legal metrology’ by the site. Although the net quantity is not noted on the sachet, it is mentioned in the product name, which can be found on the carton label (the croques are sold to a catering customer). In addition, it was noted during this audit that during the development of the ‘Croque des Alpes 220g’ product, a ‘provisional’ technical data sheet was sent to the customer and the net quantity appears in the provisional technical data sheet (generally speaking, a net quantity appears on the site's technical data sheets). As a result, this type of product must also be checked on a legal metrology scale.",29.08.2024,"6, 7",Locked: 26.05.2025,
58601,EA9CD46A,P&M Rental Sp. z o.o.,"ul. 28 Grudnia 43, Krąplewo",Stęszew,62-060,Pologne,,,IFS Food,30.04.2025,No payment for the audit done,29.04.2025,5,"Locked: 30.04.2025, Unlocked: 08.05.2025",
59222,35DE211D,Belberry bv,Torkonjestraat 21c,Kortrijk - Marke,8510,Belgique,,,IFS Food,30.05.2025,"Major - 2.3.9.2
 The HACCP study indicates that during hot fill, the absolute minimum temperature is 72°. In the instructions for the operators is indicated that the minimum temperature is 75°, and they must measure the first and the last jar of each batch (90 or 180 kilo). We checked the registrations of 2025 and there were no deviations. During the audit, we assisted at the production and filling of pineapple jam. At the end of the production, the line has been stopped a few minutes before continuing. When the operator measured the temperature of the last jar, he reached a temperature between 73.0 and 73.9°, but registered 75° When we made the remark, he changed it in 74°.",28.06.2024,"5, 6, 2008",Locked: 30.05.2025,
66340,AD50223E,AGRO-LARROSA S.L,"Vereda de Matías 71,",Murcia,30139,Espagne,,,IFS Food,30.05.2025,"During the audit completed on site on 28-29/05/2025 the following Major NS was identified:
 5.4.2 Major NC: It is verified that the scale used by the site to check the effective content of the packaging (code 81.06 serial number 510531) has been calibrated but has not been submitted to an official metrological control as stipulated in the Spanish regulations (Order ICf/755/2020), which means that this is a failure to comply with a legal requirement.",03.10.2024,5,Locked: 30.05.2025,
68486,321A4FEB,ARTESANOS MR DEL RIO SL,"AVDA. CRUCERO DE LA CORUÑA, 94",SANTIAGO DE COMPOSTELA,15703,Espagne,,,IFS Progress Food,23.05.2025,"During the assessment carried out on 22nd of May, the assessor raised a Major NC in the requirement 4.3.1: During the assessment, the following labelling errors were observed on the product Hazelnut Cocoa Cream Pastry (“Napolitana”): 
 1. The ingredient “bake mix” is declared as corn flour. 
 2. Rapeseed fat is not declared in the ingredients of the hazelnut cocoa cream.",03.07.2024,"6, 7",Locked: 23.05.2025,
68807,F5379E70,"CARNICAS CHAMBERI, S.L.",Avenida Monte Boyal 120-122,CASARRUBIOS (TOLEDO),41950,Espagne,,,IFS Food,30.05.2025,"During the last recertification audit, it has been detected the following Major NC: 
 
 4.12.2 MAJOR NC Procedures to prevent foreign bodies contamination are not properly implemented. During the audit, the following observations were made: 
 -In the ham chamber, a trolley with hams awaiting reprocessing was observed; they were dirty with grease from the equipment, in direct contact with the floor and in direct contact with a trolley wheel that was in a poor state of cleanliness. 
 -In the process of unboxing frozen meat blocks (naked product), stacked pallets were being used as a table, covered with several plastic bags in poor condition, and a pallet was placed at the front to prevent the blocks from touching the wall. These are not pallets specifically intended for this activity.
 -In the finished product refrigeration chamber, unprotected product (without plastic sheeting) is observed, in addition to protected product, but due to the force of the wind generated by the equipment, the protective sheeting is lifted.
 -On the first day of the audit, some carcasses rub against the floor due to their size and head cut. The operator did not separate them for washing until the quality manager intervened. 
 -In the cutting product picking room, water dripping from refrigeration equipment is observed at five locations, with the potential to fall onto the product.. 
 -Undetectable clamps are observed on the cables of the cutting line and in the wiring area near the vertical of the unprotected product.
 -Several conveyor belts in the cutting room show damage (cracks and missing parts), with the product passing through some of them uncovered and others already boxed. Some of the sprockets on the peeler are not in good maintenance condition. In addition, some of the protective Teflon screws are missing.
 -Wood shavings and plastic pallet debris are observed in the frozen storage chambers and frozen pallet preparation room. 
 
 5.4.1 NC MAJOR No official metrological verification is available in accordance with Order ICT/155/2020 for the Ako soft temperature control equipment located in the finished product freezing chamber.
 
 5.11.4 NC MAJOR With regard to last year's deviations, the company has implemented the following actions: 
 -Skirting boards in poor condition have been removed and plastic profiles have been installed in some areas. 
 -Floor patches have been installed in some areas of the plant. 
 -The weatherstripping has been replaced, but light continues to be observed in one of them. 
 -An insect trap has been installed in the box washing area and a pheromone trap. 
 -Maintenance has been carried out on the conveyor belts involved in the deviation.
 -Teflon with integrity loss has been replaced. 
 -The process has been redesigned, but it is still not complete. 
 -New boxes (for finished products) have been purchased, but some still have deficiencies on the outside. 
 
 However, the actions have not been effective, as the same deviations have been observed again this year. In addition, during the audit, the effectiveness of the corrective actions taken by the company in relation to the previous year's certification audit is reviewed, and there is no closing date for the deviations, nor any verification of their effectiveness.",19.07.2024,1,Locked: 30.05.2025,
73856,CBFAA3B2,Kübler GmbH & Co. KG,Zeppelinstraße 18,Waiblingen,71332,Allemagne,,,IFS Progress Food,30.05.2025,Extraordinary termination of the control agreement with immediate effect from 27.05.2025 due to non-payment of an invoice,27.05.2024,"1, 7",Locked: 30.05.2025,
76336,EDB61EE5,Molkerei Hasenfleet eG,Hasenfleet 3,Oberndorf,21787,Allemagne,,,IFS Progress Food,30.04.2025,"Major 5.10.3:
 Once again, not all corrections and corrective actions from the previous year's assessments were implemented:
 Deviation (2024 and 2025) 3.2.1: There is still no documented requirement for beards, protective clothing in social facilities, artificial nails, eyelashes, vaping, and handling of personal items.
 Deviation (2024 and 2025): 4.2.1.2: A process for creating, releasing, and changing specifications is not yet in place.
 Deviation (2024 and 2025): 4.8.1: A site plan with the respective process flows for finished products/intermediate products, packaging materials, personnel, waste, and water is not available.
 Deviation (2021 & 2022 & 2023 & 2024 & 2025) 4.9.3.1: The floor in the unloading hall is uneven and severely damaged in some places.
 Deviation (2024 and 2025): 4.10.6.: The cleaning room lacks safety data sheets and operating instructions for the cleaning agents on site.
 Deviation (2024 and 2025): 4.15.1.: There is no documentation of the condition of the cargo space prior to loading regarding foreign odors, humidity, mold, or pests.",02.05.2024,4,Locked: 30.04.2025,
77635,8F0E2228,BODEGAS MANZANOS S.L.U.,CTRA. NA 134 KM.49,AZAGRA (NAVARRA),31560,Espagne,,,IFS Food,23.05.2025,"A major non-conformity has been detected in requirement 4.3.2: In the ingredient information of the QR code of the product B.U rosé lot L0A3250228, the stabilizer (K polyaspartate) has not been included in accordance with the provisions of Regulation (EU) 2021/2117. The company states that it is not a fixed ingredient in all bottlings, but in this case it was dosed (according to bottling order and control records).",26.06.2024,8,Locked: 23.05.2025,
81878,DBC6DF12,TRANSPORTES BUENDIA SOLANA SL,"C/. Cruz del Sur s/n, Polígono Industrial La Estrella",TORRE PACHECO (Murcia),30708,Espagne,,,IFS Logistics,30.04.2025,"During the audit carried out on April 30, 2025, a KO non-conformity has been detected regarding the requirement:
 
 1.2.1. KO: During the management assurance review of the level of awareness of the responsible with respect to product safety and the implementation of mechanisms for monitoring performance, it is evidenced in an interview with the new responsible of the management system and responsible of IFS in the company, that he has no knowledge about the allergens that are handled in the company or may be handled, nor about food defense, the responsible of the previous company left the company in October 2024, and since this date, RBS assumes the responsibilities without enough knowledges about the safety food , which also carries out administrative and traffic management activities.During the management assurance review of the level of awareness of the responsible with respect to product safety and the implementation of mechanisms for monitoring performance, it is evidenced in an interview with the new responsible of the management system and responsible of IFS in the company, that he has no knowledge about the allergens that are handled in the company or may be handled, nor about food defense, the responsible of the previous company left the company in October 2024, and since this date, RBS assumes the responsibilities without enough knowledges about the safety food , which also carries out administrative and traffic management activities.",20.06.2024,"2.1.2, 2.1.4, 2.1.5, 2.1.6, 2.1.8",Locked: 30.04.2025,
81920,E8D6F5D1,BO DE DEBÒ SL,"Polígon Industrial Clot del Tufau Carrer Maria Aurèlia Capmany, s/n",SANT VICENÇ DE CASTELLET,8295,Espagne,,,IFS Food,30.05.2025,"During the audit performed on 26th May 2025 to 28th May 202, it was detected a Major non-conformity under the requirement 4.3.2.
 
 Major non-conformity 4.3.2.
 during the visit to the plant, it was found that the product was being packaged and labelled under customer brand name Bxx Prxx; Texxx i Taxxx; espinacs a la catalana amb cigrons. The labelling is checked and it is only in Catalan. It has a QR code which can be used with a mobile device to download the information in English, Spanish and French. According to the company, this is a customer requirement and it had been warned of a possible legal breach. Catalan is not an official language of the European countries of destination of the product, in breach of Article 15 of Regulation 1169/2011. It is also a breach of Article 18 of Royal Decree 1334/1999, which states that ""the compulsory indications on foodstuffs marketed in Spain must be expressed, at least, in the official Spanish language of the State""; this is not a traditional product, although they indicate that it is only marketed in Catalonia.
 In the situation described, the labelling does not comply with the legislation in force in the country of destination.",26.07.2024,7,Locked: 30.05.2025,
82156,C5281F65,ESKIMOS S.A. w Restrukturyzacji,Motoga 25,Baranów,24-100,Pologne,,,IFS Food,26.05.2025,No payment for the audit done.,16.05.2025,5,Locked: 26.05.2025,
83433,AF1088C7,GRANJAS ECOLOGICAS SLU S.L.U.,"C/GURRI, 1 (EDIFICI FOX)",SEVA (BARCELONA),8553,Espagne,,,IFS Food,28.05.2025,"During the unannounced Integrity On-site ChecK has been detected 2 KOs: 2.3.9.1 Specific monitoring procedures in terms of method is no implemented for the CCP cooling after pasteurisation, indeed this CCP it’s not under control. E. g. during the on-site inspection it's noted that in the cooling chamber there is a chart with product already pasteurized (macaroni and chicken wings). On the top of the chart, the sample used to record the parameters time / temperature is crossed from the probe, but the ending of the probe is not inside the sample, so the temperature at the core of the product is not available. 
 4.18.1 The traceability system implemented is not maintained to enables the identification of product lots and their relation to batches of raw materials. E. g. during the on-site inspection: 
 - It's noted that in the refrigerated finish product warehouse there are 3 pallets with different packed product without any label or few label written by hand with the name of the product or one box with two labels with different batches. 
 The batch printed on the finish product correspond to the date of labelling. During the on-site inspection is checked the digital traceability system: it shows that are available 8 units of finish product “muslo pollo eco al vacio” (batch 21225033 packed on 20 MAY) plus 134 units of the same finish product (batch n 2153525038) packed on 21 MAY. 
 Furthermore, during the on-site inspection there is product “vacuum packed chicken escalope” unlabelled and is labelled during the on-site inspection with date 21 MAY, so it’s not possible to know if the product were packed on 20 MAY or 21 MAY. 
 -Product “Frozen chicken cannelloni” eco cod. art. 2120010016: according to the recipe (mail 14 FEB from the Resp. of the kitchen and R&D) there is in the list of ingredients wheat flour in the bechamel, but in the traceability report this ingredient does not appear.",11.10.2024,"1, 7",Locked: 28.05.2025,
84955,"4,40E+07",Zanobeet S.L.,Pago Las Manchuelas s/n,Chipiona (Cádiz),11550,Espagne,,,IFS Food,30.04.2025,"A Major NC was raised during the IFS Integrity On-site Check on April 24, 2025.
 Description of the Major NC:
 Clause 4.13.2:
 “During the IOC it has been observed that the pest control plan is not correctly implemented:
 - Presence of reptile excrement (geckos) in the packaging area.
 -Presence of many rodent droppings in the machine used for sorting pumpkin. Not in use on the day of the IOC.
 - Presence of a lot of snails in the beetroot washing machine, floor of this area and walls of the packing room.
 - Presence of unauthorised and uncontrolled rodenticide in the packaging material area next to the boxes already prepared for packaging the final product, against the Regulation EU 528/2012, with the consequent risk of intentional or unintentional contamination.
 - Presence of a quantity of spider webs on the upper external part of the cold room used to store final product auxiliar material and on the insect trap in the washing area.
 - Number of flying insects throughout the facility. The presence of dead flying insects was found on the final packaging material.”",12.11.2024,5,Locked: 30.04.2025,
86159,1CE826E4,TERRAGAIA .,"3, avenue de Flandre",Rungis,94550,France,,,IFS Broker,26.05.2025,"During the IFS Broker V3.2 audit performed 23.05.2025 has been detected a Major non conformity. Requirement: 2.2: During the audit, the company showed the mandarin approval
 document dated 8/01/2025, which was provided by the storage provider. It presented results for skin defects and a juice content of 23% (the standard requires a minimum juice content of 33%).
 While seeking explanations for the sale of the batch that
 appeared non-compliant, it was discovered that the document
 presented was not the original. Therefore, the authenticity of the documents could not be demonstrated.",24.07.2024,"1,5",Locked: 26.05.2025,
88724,45A0BA99,Aeon Handelsgesellschaft mbH,Hansaring 61,Köln,50670,Allemagne,,,IFS Broker,30.05.2025,"4.3.5 Major: The company has a single product that is sold to the end consumer via its own web shop. This is psyllium husk in a 500 g PET bag. The product is manufactured and packaged in India. Aeon imports the product and is responsible for the information on the packaging. The declaration was checked in advance by a law firm. The law firm made comments on the declaration regarding the description of the foodstuff that this could violate the ‘Health Claims Regulation’. As a result, the description of the psyllium husks was changed. The new declaration was not resubmitted to the lawyer for review. The following text was printed on the back of the packaging: ‘Psyllium husks can be regularly added to food or used as a home remedy, for example for constipation or diarrhoea.’ The wording suggests that there is a connection between psyllium husks and health - in this case intestinal health in the case of constipation and diarrhoea. The wording can therefore be interpreted as a health claim. Foods may only be advertised with health or nutrition claims if this has been expressly authorised in accordance with Regulation (EC) No. 1924/7 (Health Claims). This means that the declaration does not comply with the current legislation in the country of destination, in this case Germany.
 
 4.5.2 Major: No complete declaration of conformity was available for the psyllium husk packaging bag used. The declaration of conformity only lists which legal provisions apply to the packaging material. According to the mandatory information from Regulation (EU) No. 10/2011 Annex IV, the following information was missing, among others: 
 1) the name of the material, 
 2) Sufficient information on the substances used or their degradation products, 
 3) Information on the substances whose use in foodstuffs is subject to restriction (dual use substances) 
 4) Information on the use of the packaging 
 5) Information on whether the packaging material has functional barriers
 6) Confirmation that the overall migration/global migration is complied",19.06.2024,"1.10, 1.6",Locked: 30.05.2025,
89125,1F3B2126,SOCIETA' AGRICOLA DE DEA MARKUS & WEISS KURT SS,"VIA SALDONE, 7/C",GALLO DI POGGIO RENATICO (FE),44028,Italie,,,IFS Food,27.05.2025,The company decided to renounce,01.07.2024,5,Locked: 27.05.2025,
90335,EF9A0A03,Dutch Convenience Meat B.V.,Ringweg 18,Roermond,6045 JL,Pays-Bas,,,IFS Food,28.05.2025,"Integrity on-site check on 22-05-2025. The following KO and major have been observed:
 2.3.9.1 KO: Pasteurisation of sous vide spareribs is defined as CCP, with limits > 2 hrs > 75 °C core temperature. 
 Pasteurisation is done in a cooking cabin. The program is set on the temperature sensor in the core of a product. 
 The temperature of this sensor is monitored and recorded in Danfoss system. 
 The correct performance of the pasteurisation process (CCP) is checked 
 the day after pasteurisation by maintenance engineer directly in the morning and a few hours later by QA. 
 Neither the maintenance engineer nor the QA, records the result of this check. 
  
 Note: the processes verified during the Integrity On-site Check (21-May-2025, 17-APR-2025) were all in compliance. 
 
 2.3.9.4 Major: Cooling down of sous vide spareribs after pasteurisation process is set as OPRP with limits: 
 Within 5 hours < 7 °C 
 This is not monitored but verified with a datalogger on a monthly base. 
 Monthly verification does not guarantee continue control of this OPRP, which leads to a possible food safety issue. 
  
 Seen verification for 8-APR-2025 and 1-MAY-2025. All in compliance.",09.01.2025,1,Locked: 28.05.2025,
90535,BDF354DF,INVERSIONES INT – COLOMBIA CEDI MEDELLIN .,"PARQUE INDUSTRIAL DEL NORTE BODEGA 109, GIRARDOTA",Medellín,.,Colombie,Inversiones INT Colombia S.A.S .,.,IFS Progress Logistics,27.05.2025,"The facility has ceased its operations on May 26th, 2025.",13.02.2025,"1.1.10, 1.1.4, 1.1.9, 1.2.1, 1.2.2, 1.2.3, 2.1.1, 2.1.10, 2.1.4, 2.1.9, 2.2.1, 2.2.2, 2.2.3",Locked: 27.05.2025,
1923,EFCF44E4,Zumdieck GmbH,Senefelder Straße 21,Paderborn,33100,Allemagne,,,IFS Wholesale / Cash & Carry,05.06.2025,"5.1.2 Non-conformity:
 The basis for the internal audits is the IFS checklist. According to the hazard analysis ""SID-17-Hazard Analysis-Audit Planning"" V4 dated September 12, 2022, chapters 2 and 5 must be audited annually. However, not all subchapters were fully audited in the internal audit in October 2024; subchapters 5.3 and 5.5 were missing. Subchapters 5.3, 5.4, 5.7, and 5.10 were not audited in the internal audit from October 11-13, 2023, so the annual audit frequency was only partially met. Furthermore, subchapters 4.1 to 4.4 were not audited in 2024 and 2023, thus exceeding the specified two-year interval. Therefore, there is a dysfunction in monitoring the frequencies of the established audit program.
 Note: The documented audit results are meaningful, an action plan with corrective measures, deadlines and responsibilities has been drawn up, all KO requirements have been reviewed and internal optimization potentials have been identified.",06.08.2024,"1.2, 1.5",Locked: 05.06.2025,
5229,"9,90E+07",BRF SA,"Rua Senador Attilio Fontana, 86","Concordia, SC",89700-000,Brésil,,,IFS Food,03.06.2025,"4.9.4.1 – MAJOR: 
  
 There was evidence of a hole in the ceiling next to the pipe (support structure) under the raw material conveyor in the IQF room. 
 Presence of a rusted ceiling at the start of the conveyor belt in the breast packing room. 
 Opening in the ceiling (trap door) near the breast silo (manual weighing) in the breast packing room. 
 Evidence of dripping from the ceiling onto the floor, near the conveyor belt where the boxes enter the continuous freezing tunnel 01. 
 Drip on the floor in IQF room 01. 
 There was evidence of dripping from the ceiling inside the raw material cooling chamber 11 in the cutting room. There were products (cuts in trays and containers) inside the chamber with exposed parts and the products were affected.",31.07.2024,1,Locked: 03.06.2025,
8203,EF900B6D,Bonomi S.p.a.,"Via Vazzi, 7",Rovere' Veronese (VR),37028,Italie,,,IFS Food,06.06.2025,"Following the certification visit on 03,04,05/06/2025, and following a preliminary technical review, the certificate is suspended due to Major non-conformity
 In detail § 4.10.2
 During the on-site inspection (Savoiardi biscuit ""ladyfinger"" production department, lines 2 and 3), a situation of significant accumulation of sugar and flour residues was noted, in areas with and without exposed product.
 Below are some details: Aerial parts such as electrical cable ducts, electrical panels, pipes (which also pass over the exposed product) related to the Savoiardi biscuit ""ladyfinger"" production lines showed up significant accumulation of dust (flour and sugar) and in some cases of product residue from previous processes.
 It was also found that the bins used for the removal of production waste from the lines intended for livestock farming are reintroduced into the production premises without first sanitizing them as required by the cleaning plan, highlighting the presence of organic residues not removed inside them.",28.08.2024,6,Locked: 06.06.2025,
10440,85CE212A,MACQUET SA,Route de Saint Omer,FRUGES,62310,France,,,IFS Food,06.06.2025,"Major - 4.5.3
 Non-Conformity – Halal Lamb Meatballs for Client Cxxx
 During the traceability exercise carried out on lot 52110367 (produced on May 21, 2025, and delivered on May 22, 2025), as well as during the audit conducted on June 3, 2025, concerning products in stock, the following deviation was identified: the product labeling is non-compliant with Regulation (EU) No. 1169/2011 on the provision of food information to consumers. Note: The client was initially informed about the composition of the product. The exchanges with the client were shared with the auditor.
 Specifically, additives E325 and E262ii, present in the actual recipe via the ingredient Promeat Plus, are not listed on the product label.
 This non-conformity is classified as major, due to the discrepancy between the actual product composition and the regulatory labeling requirements.
 Additional Information: All other products using the same recipe havecompliant labeling.
 The internal audit of March 2025had already identified weaknesses in the new product validation process.
 Corrective actions have since been implemented on new dossiers, notably for the following cases: SA CRF Belgium – Brand C (validated on 09/04/2025) and Marinière de Lammekoteletter (validated on 23/05/2025). Evidence of these correctionshas been provided.
 Immediate Actions Following the Detection of the Non-Conformity
 -The affected batches of meatballs have been immediately blocked
 -Deliveries have been suspended
 -A label update is underway to restore compliance with the customer’s specifications",02.08.2024,1,Locked: 06.06.2025,
14952,7CDB3F9A,Lotus Bakeries België N.V.,Hollenaarstraat 91,Oostakker,9041,Belgique,Lotus Bakeries N.V.,9971,IFS Food,06.06.2025,"Major NC in 1.2.6. 
 An official warning was given by FASFC during an inspection of the site on 19/06/2024 with a mandatory action to correct the NC’s by 19/06/2024 (the same day). This incident was reported to the CB dd 28/3/2025.
 
 Given the observations made during the inspection and the proposed corrective action, the inspector closed the official warning immediately on 19/06/24 without follow-up visit. For that reason, it had been overlooked by the company to report the mandatory action and this has only been done on 28/3/2025 at the moment the company learned about this requirement (during audit at another production site).",29.07.2024,6,Locked: 06.06.2025,
106,6FDCFA4C,LEROY EUROSALMON SAS,"127, rue des Mûres - ZI des Gouchoux Est - Saint Jean d'Ardières",BELLEVILLE EN BEAUJOLAIS,69220,France,,,IFS Food,05.06.2025,Client closed the site,13.08.2024,2,Locked: 05.06.2025,02.07.2025 - 03.07.2025
20280,2B388A88,La Marchesa Soc. Coop. Agricola,"Via Appia Km 11,800",TEVEROLA (CE),81030,Italie,,,IFS Food,05.06.2025,"During On 28-May-2025 an Integrity On-site check the IFS IP assessor issue 2 Major NC related to 
 Requirement 2.3.9.4: Control measures, other than those defined for CCPs, shall be monitored, recorded and controlled by measurable or observable criteria.
 Evidence: batch 25148, expiry date 18/06/2025 was in the packaging step on line n° X and could not subsequently be subjected to control with the mobile metal detector as the packaging has a metal seal.
 Requirement 5.3.1The criteria for process validation and control shall be defined.
 Evidence: The company does not provide a complete validation for the claim related lactose content (< 0.01%)",07.02.2025,4,Locked: 05.06.2025,16.04.2026 - 17.04.2026
30138,12EAA3D9,PAPES SAFOR S.L.,"PI LES VIÑES, CL DELS MALLORQUINS, 7.",MIRAMAR - VALENCIA,46711,Espagne,,,IFS Food,04.06.2025,"Major NC issued after receiving the ENAC report (Receipt date: June 2, 2025) related to the follow-up audit conducted during the IFS Food v8 scheme renewal audit on May 19 and 20.
 Major Non-Conformity 4.5.3
 
 During the plant visit on May 20, 2025, the packaging on line 1, originating from the frying line, was observed to contain 120g GREFUSA brand ham-flavored wavy potatoes without any weight indication on the packaging. The deviation was not detected in the labeling controls (packaging section) performed by the responsible party at the beginning and mid-production stages. Failure to comply with this requirement is marked by IFS as a Major Non-Conformity. (Note: once the auditor has detected the non-compliance, the company managers immediately investigate the cause (label reels without indication of the container weight) and analyze the extent, concluding that all production in which these labels have been used is in the factory. They consider all this product non-compliant and remove the defective reels. The auditor explains this circumstance in section 5.10.3 (identification of non-compliant products, which he marks as A, indicating the checks he has carried out to ensure what was commented by those responsible, in relation to the number of defective reels, their use and location of the non-compliant products)",29.07.2024,6,Locked: 04.06.2025,
52945,CCE4A550,DSV Road A/S,Grimsbyvej 2,Esbjerg,6700,Danemark,,,IFS Logistics,05.06.2025,"Major: 4.11.3: 
 Records of temperature control from January 2025 to the day of the audit shows a systematic failure regarding the temperature limit in the cold storage of 2 °C. A sample was chosen by the auditor of products received at the cross-docking site the 30.05.2025 from cold storage “ØST”. Cross docking storage of products received 30.05.2025 was done on temperature from 2.6 to 4 °C, mainly ≤ 3°C, according to print of electronic temperature registration from the 30.05.2025. At records from the 30.05.2025, it appears that the temperature was 4 °C, observed and recorded by employee at beginning of working hours and 3,8 °C at end of working hours. One costumer (2100730) has ordered transport at 2 °C, and costumer requirement has not been met during storage at the cross-docking site. The product stored were fresh meat in different cuttings vacuum packed.",29.07.2024,"1.1.1, 1.1.10, 1.1.2, 1.1.3, 1.1.4, 1.1.5, 1.1.6, 1.1.7, 1.1.8, 1.1.9, 2.1.1, 2.1.10, 2.1.11, 2.1.2, 2.1.3, 2.1.4, 2.1.5, 2.1.6, 2.1.7, 2.1.8, 2.1.9, 2.2.1, 2.2.2, 2.2.3",Locked: 05.06.2025,
58480,FDD8B8CD,Chew Express Netherlands B.V.,Orthen 111,‘s-Hertogenbosch,5231 XR,Pays-Bas,,,IFS Broker,05.06.2025,"Major non-conformity against 4.4.3:
 The system for suppliers’ approval and monitoring is not under control and not well based on hazard analysis. Seems that documentation provided by suppliers is not checked and corresponding actions taken: 
 Explanation: The approval of new product supplier A., for butchery snacks, is not well under control. Producer A. is not certified against IFS Standard or any other GFSI recognized Standard (only HACCP certified, not accredited). A supplier questionnaire is received, but not all requirements seem to be conform. In fact the producer declares in the supplier questionnaire that there is no traceability system and recall procedure in place.
 Also there is a new logistics service provider, M., not certified. The supplier questionnaire is not well checked as it is stated that there is no visitor and/or contractor entrance control. In an email requested and received during audit the logistics supplier M. is confirming that they do have a visitor and contractor policy, but there is no documentation available.",29.07.2024,"1,11",Locked: 05.06.2025,
59120,5A802D4F,PASTELERIA MANDUL. S.L.,"Poligono Industrial Las Viñas, Cl. Valencia, S/N",Malagón (Ciudad Real),13420,Espagne,,,IFS Food,04.06.2025,"During IOC audit conducted on 3rd of JUNE 2025 compny decided to stop the audit after 1 Major and KO were raised, only after 1.30 hours audit had started. 
 As we cannot guarantee that Majors/KOs and deviations could have been raised, certificate has been withdrawn.
 2.3.9.1. KO
 During the visit on site, among other facilities, the two product packaging rooms were visited:
 - Baby room: they were packing chock muffins under retailer brand.
 - Cake room: they were packing Starry pie under own brand.
 According to the HACCP, the metal detector control is a CCP. Tokens used: Fe 2mm, No Fe 3mm and Inox 3mm ( baby room) and Fe 2,5mm No Fe 2,5 and Inox 3mm ( cake rrom)
 In the Baby room, product was being packaged and there is no evidence that the metal detector was checked before the start of packaging, against the company's instructions.
 When the auditor commented that the correct operation of the metal detector should be recorded at the beginning of packaging, the operator recorded it, but the batch recorded did not coincide with the batch being produced. Batch 153325 was being produced and batch 154225 was registered.
 
 When the Cake room was visited, a request was made to check the correct working of the metal detector. The equipment did not detect any of the tokens used. The operators took no action and continued packaging the product.
 30 minutes later, the auditor returned to the cake room and was again asked to test the metal detector for proper operation and none of the three tokens were detected. No action was taken by the operators and they continued packing again
 2.3.6.1. 
 During the plant visit, it was observed that the company had acquired a centrifuge for egg breaking. The conditions were not adequate, the eggs were broken, buckets were filled and manually added with a funnel in a tank of 1000 kg.
 The egg temperature was 6ºC. 
 HACCP has been requested to see the different hazards of this step and to date this process has not been included in the HACCP, no hazards have been defined and this stage has not been contemplated in the flow chart.",19.12.2024,6,Locked: 04.06.2025,
62691,BA2F5FEB,Manufacturas Taberner S.A.,Autovía A-3 Madrid-Valencia Km.343,Valencia,46930,Espagne,,,IFS Food,04.06.2025,"On the IFS Food V8 audit conducted on May 29&19 one KO was raised against req 2.3.9.1 and one major NC against 4.19.2 with the following description: 
  
 2.3.9.1 - KO 
  
 The company has defined three CCP’s (HACCP risk assessment dated 25.06.2024 and P10-F3 CCP management table, issue 20, dated 12.12.2024) 
  
 CCP2 was defined in CCP2 in sieving step for prepared mixture of spices, additives and ingredients, consisting of in that all final products must be sieved trough 2mm sieve with a daily monitoring of each sieve, recorded in PL4-F6 (issue 7, 20.06.2023). During the audit it was confirmed that two out of four sieves in packing area not being monitored since june/2023. 
 In addition, although sieves were found in proper status , the size was not correct. According to HAACP, the critical limit in case of CCP2 is 2 mm, however the real size of both sieves were 10 mm. 
  
 4.19.2 
  
 Although there is physical separation in the product packaging room between allergen and non-allergen packaging lines, it has been considered that not enough preventive measures have been implemented to avoid cross contamination: 
 -No measures have been taken for staff in terms of clothing or flows: Staff can move freely through the packing room regardless allergen or allergen free production is running, nor clothing procedures have been implemented to be able to differentiate those which are in contact with allergens from those which are not. 
 -Analysis of final products after cleaning after production with allergens are conducted in all productions (although they dispatch the product before these analyses arrives being a period of 3-7 days depending on the allergen). Nevertheless, the company has not validated the risk of cross contamination trough ambient when lines with allergen and non-allergens are working in the same moment to ensure that there is no cross-contamination with the other packaging line (both lines have a distance of 10 meters) 
 -No cleaning validation has been documented to ensure the safety of the final product with the practices currently implemented by the company to avoid cross contamination. 
 -Broken allergen bags were found in the warehouse 
 -No procedures have been implemented for allergen waste. They remain in the production area although allergen lines are not working anymore. 
  
 (Note: Traces are not declared. Similar finding had been detected in previous certification audit)",25.07.2024,"5, 10",Locked: 04.06.2025,
64102,CEADCCFA,Marblo NV,Eugene Bekaertlaan 57,Waregem,8790,Belgique,,,IFS Food,05.06.2025,"KO - 2.3.9.1: During the audit of the hot kitchen, where the cooking of the various products takes place, it was found that: of the moussaka produced, there were already 4 carts in rapid cooling, with each cart going into its own individual oven, only two records had been noted of the measured core temperature of the product. No measurements had been made of the remaining two carts. Cooking is a CCP where >70°C core temperature should be achieved as CCP monitoring of the cooking process. Visual inspection whether the white sauce had boiled was also not registered.",12.08.2024,2,Locked: 05.06.2025,
66865,0DF34CD7,PAPAS ARGENTE S.A.U.,"Ctra. Thous Km 1,6",Alberic (Valencia),46260,Espagne,,,IFS Food,06.06.2025,"In the audit carried out on June 3 & 4, 2025, 2 Major NCs were detected against the following requirements:
 NCM1 - requirement 1.2.6
 During the review of customer complaints, the company records a report from customer Cxxxxxxxx in 2024 with registration 24043 affected batch 2803, due to acrylamide values of 2920 µg/kg when the legal limit for chips is 750 µg/kg. A record of the complaint with an analysis of the cause (excess temperature during frying) is shown and the company reviews the documentation and determines that the temperature values recorded are correct and that the results of the analysis confirm that the acrylamide values are higher than the legal limit. The company agrees with the customer to withdraw production. This food safety incident has not been reported to the CB. 
 
 NCM2. - requirement 5.11.1
 During the audit it is detected that several deviations, for which appropriate corrections have been undertaken, have not been recorded in the list of deviations available to the company, e.g. health inspection dated 24.04. 25, request for analysis of chlorates by chlorination of mains water, (requested from the laboratory in May 2025), damage to floors in the storage area (repaired), failure to determine critical points for sampling of Ph and ammonium in rinse water (register is modified and sampling points are indicated), state of conservation of hand wash (replaced), record of inspection of installations without a record of the deviations detected, state of conservation of the weather-stripping on the access door to the turning and shredding area. On the other hand, the record of the deviations (23) from the internal audit has not been made and corrections have been made. Analysis of the cause of claim 24042 is insufficient, it is established that after an unsatisfactory result of an environmental analysis (limit 800 cfu/cm2 as the sum of moulds, yeasts and aerobes) the corrective action established is to extend the limit to 2,500 cfu/cm2 without a justification based on data and/or recommended scientific literature. In addition, during the audit, there was evidence of the repetition of deviations from the previous audit and detected, some of them also in the health inspection of April 2025, (2.1.2.1, 2.3.6.1, 4.9.6.2, 4.10.5).
 
 The corrections and corrective actions procedure is not maintained and implemented, no root cause analysis has been established for deviations recorded in both external and internal inspections, as well as for deviations from the internal audit carried out on 20 and 21 March 2025. Furthermore, it is evident that the method used by the company for root cause determination and implementation of corrective actions to prevent recurrence is not adequate.",13.08.2024,6,Locked: 06.06.2025,
70758,CBB0B333,GONAS UAB,"Ližiu 1, Taurage distr.",Ližiu,LT-72364,Lituanie,,,IFS Food,03.06.2025,Certificate is locked due to the lack of payment,23.05.2025,2,"Locked: 03.06.2025, Unlocked: 03.06.2025",
71277,EDDD3A2C,BAFA Hemp Foods GmbH,Stephanstraße 2,Malsch,76316,Allemagne,,,IFS Progress Food,03.06.2025,"5.10.2 Major
 At the time of the assessment on 27.05.2025, no processed action plan from the previous assessment was available. No documented corrections were submitted or implemented. The non-conformities identified in the previous assessment were not corrected by means of suitable corrections. The non-conformities identified in the previous assessment were not corrected, reoccurred in the current assessment and were devalued accordingly.
 
 5.10.3 Major
 At the time of the assessment on 27.05.2025, there was no processed action plan from the previous assessment. No documented corrective actions with clear deadlines, responsibilities and follow-up had been defined. The non-conformities identified in the previous assessment were not systematically addressed or closed through appropriate corrective actions. The non-conformities identified in the previous assessment were not corrected, reoccurred in the current assessment and were downgraded accordingly.",27.05.2024,"9, 10",Locked: 03.06.2025,
72018,E40EB98E,Pure & Fit Sp z o.o. Sp. K.,Rogowskiego 4,Białogard,78-200,Pologne,,,IFS Food,05.06.2025,The company is in liquidation.,31.07.2024,7,Locked: 05.06.2025,
75165,64A1FF30,Fruitland Sp. z o.o.,Żdżarów 99,Sochaczew,96-500,Pologne,,,IFS Food,04.06.2025,Client informed on 26.05.2025 that he doesn't want to continue IFS certification.,26.11.2024,5,Locked: 04.06.2025,
77418,4C8AE52E,Bocatti SPA,"Carretera General San Martin 8000, bodega 18D","Quilicura, Santiago",-,Chili,,,IFS Food,06.06.2025,The payment for the IFS Food audit was not done.,08.01.2025,7,Locked: 06.06.2025,
79705,F1AF285A,Xucker GmbH,Wohlrabedamm 3A,Berlin,13629,Allemagne,,,IFS Wholesale / Cash & Carry,02.06.2025,The business activities at Wohlrabedamm 3A will end at the end of May 2025.,10.12.2024,"1.10, 1.5, 1.6, 1.7",Locked: 02.06.2025,
80934,5DF264D4,FADISPAN S.L.,"C/ Los Astros, 7",VALLALDOLID,47009,Espagne,,,IFS Progress Food,03.06.2025,"Major 2.3.9.1: In the monitoring of the PCC (metal detection at the packaging phase) the operator in charge (A.V.) of the monitoring didn’t follow the instruction (Anexo 1 APPCC Fadispan Rev16 6 May 2025, PCC tab) for the metal patterns: instead of placing the patterns inside the boxes with the breads, he placed it on the box. Apart from not following the instruction implemented, one of the patterns (Fe 3mm) wasn’t detected, and the employee passed the pattern again. The auditor asked how he would have acted if that happened on the scheduled controls. The operator said that if the metal detector doesn’t detect the test once, he would pass the pattern again, and he would only call the maintenance department or take any other action if the second time the metal detector doesn’t detect the pattern.",19.06.2024,6,Locked: 03.06.2025,
81027,711B5DF5,Safiro Nutrition Sp. z o.o.,Wola Dalsza 369,Łańcut,37-100,Pologne,,,IFS Food,09.06.2025,No payment done for the audit.,29.05.2025,10,Locked: 09.06.2025,
85893,1BDA1CED,Vivid Foods Lda,"Centro Negócios Vila Nova da Barquinha, Lote 47",Santarém,131555,Portugal,"Vivid Foods, Lda",131555,IFS Food,07.06.2025,"During the IFS Food audit carried out between June 02 and 04,2025, the following non-conformities were identified:
 Req. 2.3.9.1 (Deviation D in KO): The metal detectors are not tested for the operation of the rejector. The rejector on line 9 was not aligned for the product in question (tenderloins in vacuum) and did not reject the product tested during the audit tests. Alignments were done and the system start working.
 Req. 4.14.2 (Major): During the site visit (and SAGE system) it was evidenced that the turkey in vacuum with lot number 09001145 best before 08.05.2025 was frozen on the 09.05.2025 and started the thawing process to be used on the 29.05.2025. The product went to waste when the situation was detected.
 Req. 5.11.3 (Deviation D in KO): It was not possible to evidence the treatment done to the deviations found on the internal audit from 06 and 07.02.2025 neither the planning activities defined for NC from the previous audit as e.g. 4.10.2, 4.16.2 and 4.17.4.",18.07.2024,"1, 2, 2007",Locked: 07.06.2025,
87271,78A8D28C,Exportadora Santa Olga SPA,30 Oriente 1420 Oficina 816 - Edificio Plaza Oriente,Talca,*,Chili,,,IFS Broker,06.06.2025,"The payment for the last IFS Food audit on September 12, 2024, was not done.",11.10.2024,"1,5",Locked: 06.06.2025,
87479,1F77A70D,"CENTRAL MEXICANA DE ABASTOS , S.L.","PUERTO DE GUADARRAMA 30, POL. IND. LAS NIEVES.",MÓSTOLES (MADRID),28935,Espagne,,,IFS Logistics,05.06.2025,The certificate is withdrawn due to the change of location of the facilities. A complete audit at the new site is scheduled for the end of 2025.,13.11.2024,"1.1.10, 1.1.4, 1.1.5, 1.1.6, 1.1.8, 2.1.10, 2.1.4, 2.1.5, 2.1.6, 2.1.8",Locked: 05.06.2025,
87479,136646AE,"CENTRAL MEXICANA DE ABASTOS , S.L.","PUERTO DE GUADARRAMA 30, POL. IND. LAS NIEVES.",MÓSTOLES (MADRID),28935,Espagne,,,IFS Broker,05.06.2025,The certificate is withdrawn due to the change of location of the facilities. A complete audit at the new site is scheduled for the end of 2025.,13.11.2024,"1.10, 1.4, 1.5, 1.6, 1.8",Locked: 05.06.2025,
88860,2500F937,FORMAGGERIA TOSCANA SRL,Località San Martino,Monterotondo Marittimo (GR),58025,Italie,FORMAGGERIA TOSCANA SRL,56121,IFS Food,03.06.2025,"During the renewal audit finished on 30.05.2025, the following NCs has been raised:
 Major NC under 1.1.1: during the production inspection, staff behaviors were detected that demonstrated an insufficient food safety culture (evidences: staff not wearing disposable protective clothing when entering and exiting the high-care area; staff crossing the high-care area from the refreshment area without having followed the hand sanitization procedures following food consumption; external door of the high-attention area open with a water pipe from outside lying on the floor of the area);
 Major NC under 4.3.2:
 During the audit, a label of “Angiolina grande “(mixed ricotta) batch U22336, labeled on 05/29/25 with Origin of Raw Material “Italy” instead of “Europe” was found. The Company declares that the label in question had previously been eliminated and corrected, but there is no formal evidence of its elimination from the scale/labeler which led the operator into error, nor formalization of the approved changes to the label. The product in question with production of 48 packages and 93 kg, with transport document no. 3346/00 of 05/29/2025 was withdrawn by the customer Toscana Distribuzione with an email dated 05/30/2025.",08.08.2024,4,Locked: 03.06.2025,
88975,A8696905,"Agricola Santa Eulalia, S.L .","Paraje del Bosque, 1",Lebor - Totana,30850,Espagne,,,IFS Food,06.06.2025,"A Major non-conformity was raised during the audit on June 2-4, 2025.
 Description of the Major NC:
 Clause 4.5.3.:
 “A one-time labeling mistake was observed on the site inspection when wrapped broccoli 10 x 500 g was packed on cardboard box, batch L2301. The address and R.G.S.E.A.A. used on 500 g unit label was from another packinghouse of the corporate group: 21.016028/MU instead of 21.038563/MU. Without identification, ""packed for"" generating confusion about the exact place where the product was packaged.”",04.09.2024,5,Locked: 06.06.2025,
91248,2E1B27A9,"FRUITGODS, S.L.","C/ Ibi Nº7, patio 5, Bajo",Terramelar – Paterna (Valencia),46989,Espagne,,,IFS Broker,05.06.2025,Outstanding payment,27.02.2025,"1,5",Locked: 05.06.2025,
766,C9B1FE08,Fortin Mühlenwerke GmbH & Co. KG,Fringsstraße 1,Düsseldorf,40221,Allemagne,,,IFS Food,12.06.2025,"5.5.2 
 As part of the audit, it was found that individual batches of pre-packages were produced and placed on the market on the ICA 3 line that did not reach the nominal filling quantity on average. This mainly concerns the filling batch 00151- 1130101 of the article 29086086207 dated 12 March 2025. 146,645 small packs of oat flakes were filled with a nominal filling quantity of 500g. The average value achieved is 498.69 and is therefore 1.31g below the nominal quantity. This represents a legal violation of §9 of the FPackVO. In the further audit, the evaluation of the checkware software of all three lines from the period 1 January 2025 to the present was examined and it was found that there were no underruns of the nominal filling quantity on lines ICA 1 and ICA2. On line ICA 3, there were still individual batches that were less than 0.5 grams below the nominal filling quantity. The company explained that oat flake batches with a high filling weight (e.g. 425 hl) are filled on line ICA3, where the nominal filling weight is reached more quickly than with standard goods (390 hl). The opening of the small packaging is then cut shorter than usual so that the gluing can be applied securely. The audit showed that the weight of the packaging is below the standard tare deduction of 9g. The company was unable to explain when the weight was determined by the tare deduction. There is also no system for checking the specified deduction. The company uses calibrated checkware devices on all filling lines, which store the measured values and display them on the line. For filling batch 00151- 1130101, the system indicated that the measured value was below the nominal filling quantity. The measured values are not checked by the company. Deviation: The company has established good technical facilities for monitoring the weights of its prepackages. Due to a lack of controls of the measured values and insufficient control of the tare deductions, several batches were found that did not reach the nominal filling quantity on average.",27.06.2024,6,Locked: 12.06.2025,
1834,D9B7F9B2,Ahlener Schinken-Center GmbH & Co. KG.,Kruppstraße 18,Ahlen,59227,Allemagne,Tönnies Central Service GmbH & Co. KG,33378,IFS Food,10.06.2025,The site was closed on 31/05/2025,29.07.2024,1,Locked: 10.06.2025,
2105,7122ACD8,Eierhof Hennes GmbH,Vivaldistr. 31,Euskirchen,53881,Allemagne,Eierhof Hennes GmbH,53881,IFS Food,16.06.2025,"KO vs. 4.1.3: The implementation of the KAT standard is part of the customer specifications. The currently valid version of the KAT standard for dyeing plants (2025.01, point 6.2.2) requires quarterly analyses of the process hygiene criteria of Regulation 2073/2005, Annex I, Chapter II, 2.3.1 on Enterobacteriaceae. There are quarterly tests for Enterobacteriaceae, but not with the sample size of 5 required by the regulation; only one sample is analysed. 
 This is a repeat deviation from 2024 with regard to compliance with customer specifications for analysis volumes.
 
 Major vs. 4.11.2:
 The company incubates and analyses selection culture media for Listeria spp. and Salmonella itself. These culture media are disposed of with household waste. They are not inactivated, e.g. by autoclaving. This means that the possibility of pathogenic microorganisms being released cannot be ruled out. A danger to humans, animals and the environment can therefore not be ruled out.
 
 Major vs. 5.6.1:
 According to Regulation 2073/2005, Annex I, Chapter II, 2.31 (process hygiene criteria), Enterobacteriaceae must be analysed with n=5. The KAT guidelines from 01.2025 for dyeing operations stipulate at least one test per quarter. The tests for Enterobacteriaceae are carried out quarterly at the end of the production process, but only n=1. It is therefore not possible to assess whether the process hygiene criteria of Regulation 2073 are being met. (Viewed: Test report 622372 from 14/05/2025)
  
 KO vs. 5.11.3:
 Several repeat deviations were found during the audit.
 - 2.3.4.1: Missing flow diagrams were repeatedly found, now for the preparation of empties.
 - 4.1.3: Incorrect analyses were repeatedly found within the scope of customer requirements.
 - 5.6.2: A plan was introduced for the sampling locations for environmental monitoring with regard to Salmonella and Listeria spp. However, the type of sampling is too small at 10 cm2; according to DIN 18593, at least 1000 cm2 are required here.
 - 5.11.3 Already rated B in the previous year, as repeat deviations from 2023 were already detected in 2024.
 - 5.11.4 Due to the repeat deviations, the effectiveness tests are not acceptable. This point therefore also represents a repeat deviation",08.07.2024,3,Locked: 16.06.2025,
4162,D3E10E18,Patisserie Jack Heesen B.V.,Pijler 49,Brunssum,6446 AX,Pays-Bas,,,IFS Food,16.06.2025,"During the audit completed on site on 12-13/05/2025 the following Major NCs and KO were identified:
 4.13.4 During the audit (12–13 June 2025), active signs of pest presence were observed in multiple areas:
 Additional moth activity in the raw material storage area and weighing area
 Two types of ants observed:
 • At the personnel entrance (joint of wall and door)
 • Near the butter chamber wall, including on closed product pails
 • Cobwebs found persistently above production lines, in corners, and beneath lines
 Although the pest controller visited on 13.6.25, the last previous visit was on 24.3.25. This extended gap, combined with ongoing pest activity, shows that:
 • Pest control measures were not intensified despite the issues raised during the internal integrity check (IC)
 • Findings from pest checks are not effectively acted upon
 • The presence of infestations (moths, ants) is not being adequately controlled or documented
 • Where
 • Pest control documentation is incomplete or ineffective
 • Actions following pest sightings are not properly implemented or verified
 • The response time and intensity of pest control is not risk-based
 
 5.11.3 KO During the IC of 24.4.24 the following KO was raised since there was recurrence on deviations raised in September 2024 during the regular UA. 
 Key deficiencies persisted or recurred during the audit of 12–13 June 2025, including:
 • Personnel behavior violations (e.g., glasses, water bottles, patches, own clothing, metal detector deactivation)
 • Inadequate cleaning and hygiene (e.g., dirty floors, mats, soap dispensers, cobwebs, unclean tools and lines)
 • Pest control failures (e.g., recurrence of moths, weevils, and ants; ineffective intensification of control measures)
 Additionally:
 • Several critical areas and lines show persistent contamination or cleaning neglect
 • The pest control response remained insufficient despite a major deviation (4.13.4) being raised during the IC
 • Corrective action timelines and responsibilities are not defined, and actions are either delayed, ineffective, or undocumented",04.11.2024,6,Locked: 16.06.2025,
8139,5D2441FA,FRUIDOR RUNGIS SAS,16 rue du Poitou - Bâtiment D7,RUNGIS Cedex,94619,France,FRUIDOR,94 626,IFS Food,11.06.2025,"KO on item 4.18.1:
 During the audit, it was noted that the traceability labels on the pallets taken out for order preparation were removed. Thus, it was possible to observe several references with different batches without distinction in the preparation area (examples BR 55204 L2 and BR55204L1). The teams were then asked which batch was used to prepare the 13 packages for the ScapXXXX customer. The information was not available.
 After research, the manager (new arrival) informed us that the customer was delivered with 12 packages from batch BR 552024L1 and 1 package from batch BR 55204L2. A material accounting system was therefore carried out on BR 55204L2 at the auditor's request:
 - Receipt of 108 packages
 o Use of:
 § 5/06: 3 packages sent to Fruidor Rouen (green)
 § 10/06: 1 package sent to ScapXXX
 § 10/06: 23 packages sent to ScadXXX
 - Quantity in computer inventory: 81 packages
 - Quantity in physical inventory: 84 packages. No information on the boxes allowed the products to be distinguished.
 Therefore, two batches were mixed up.
 Furthermore, this exercise did not allow for the inspection upon receipt and the approval inspection to be seen: not performed on this batch. The procedure provides for systematic inspection of batches upon receipt.
 
 Furthermore, packaging traceability (2kg boxes) was not performed on the March packages and only partially (50%) on the February packages. Furthermore, the pallets of boxes received last week were not labeled with the site's traceability information. A deviation had already been identified regarding packaging traceability during the IFS 2024 certification audit.
 
 Finally, an area of non-compliant products was identified and contained several different products. These products could be sold to discounters. However, it was noted that traceability labels were no longer systematically applied to the products (only two labels for approximately ten different products), and when they were applied, the quantity indicated on the label was non-compliant. Thus, when selling to these discounters, traceability cannot be ensured (this was apparently an isolated case on the day of the audit).",02.08.2024,5,Locked: 11.06.2025,
8622,9338FB2B,LaBan Foods .,Spanjeweg 20,Bodegraven,2410 AC,Pays-Bas,,,IFS Food,10.06.2025,"Paragraph 5.5.1 Major; Weight (minimum weight): 
 The Butter blend product was packaged on 4 June 2025. It was filled on the roll line. The label states 1000g (minimum weight). The specification states a minimum of 1000 grams. One box was reweighed (10 packages). The weights below include tare weight. The tare weight is 8 grams. Four of the ten packages met the minimum weight: The weights were 1017, 1019, 1027 and 1023 grams. Six of the ten packages did not meet the minimum weight. The weights including tare were as follows: 1004.7 grams, 1002.4 grams, 999.2 grams, 998.8 grams, 995.4 grams and 994.3 grams.",11.05.2024,4,Locked: 10.06.2025,
10299,501FA275,Maítre B.V. .,Zonnekracht 5,Oude-Tonge,3255 SC,Pays-Bas,,,IFS Food,10.06.2025,"NC 5.1.1: Three of the planned annual internal audits are not demonstrably executed within 15 months since last internal audit, seen for ""bedrijfsburo"" last audit date 06-03-2023, certificates last audit date 27-02-2023 and QA last audit date 23-02-2023",06.08.2024,7,Locked: 10.06.2025,
10719,B7E60EB4,Vinobag SA,102 Route du Viala,Saint-Jean-de-la-Blaquière,34700,France,,,IFS Food,10.06.2025,"Major-5.7.1
 It has been found that products that do not comply with regulations have been released under the cover of an authorisation from the customer, who is the trademark owner.
 On 7 March 2025, based on an analysis carried out by an external laboratory, the site found that the IGP Hérault red wine had an alcohol content of 14.27%, whereas the Bag in Box label indicated 13.5%. The customer is immediately contacted by email to inform them of this non-compliance and obtain their authorisation before proceeding with the bottling of the wine. The customer is also informed that the site disclaims all responsibility for non-compliant labelling. The customer replies by email, authorising the site to package the wine and, for future deliveries, sends new labels that comply with the 14% alcohol content.
 The packaging of 420 10-litre Bag in Boxes was made on 13/03/2025 with non-compliant labelling. A second analysis carried out on the packaged wine indicates an alcohol content of 14.18% (with a laboratory uncertainty of 0.15). To date, 72 BIBs have already been shipped to the customer; 44 BIBs have been sold by the customer in their wine cellar (direct sale to consumers). The remaining 348 BIBs are still in stock at the Vinobag site and were blocked on the day of this audit.
 The release procedure implemented by the site did not guarantee that only finished products complying with legal requirements were prepared by Vinobag and would be distributed by the end customer.",27.07.2024,8,Locked: 10.06.2025,
13793,858012D6,Sojarei Vollwertkost GmbH,Römerstraße 14,Traiskirchen,2514,Autriche,,,IFS Food,11.06.2025,"KO 5.11.3:
 Following the internal audit (performed on four days in the period from 10 October 2024 to 25 March 2025), for the 15 deviations no corrective actions were documented.",22.07.2024,"5, 6",Locked: 11.06.2025,
33451,"4,90E+07",CAULA ALIMENTS S.L.,"P.I. La Jueria Nord. Ctra. Cartellà, s/n",ST. GREGORI - GIRONA,17150,Espagne,,,IFS Food,18.06.2025,"Major for requirement 4.19.3 
  
 A final product analysis shows a caseinate content of 1.9 mg/kg. The label does not indicate the presence of milk or milk-derived traces. There is also no validation for the absence of milk or milk derivatives.",23.08.2024,"1, 7",Locked: 18.06.2025,
42965,F0C5368B,Della Peruta Vincenzo S.p.A.,"Via S. Antonio Abate, 14",Scafati,84018,Italie,,,IFS Food,13.06.2025,Customer decided to stop the production and perform only trading activities,08.08.2024,5,Locked: 13.06.2025,
47312,3643712C,OP NATURA DAUNA SOC. COOP. AGR. A R.L. .,Via Ordona km 0.300,"Carapelle, Foggia",71041,Italie,,,IFS Food,12.06.2025,"3 Major NCs and 2 KOs were raised during the audit on June 9-10, 2025.
 Description of the KOs:
 Clause 4.1.3:
 “Customer agreements are not respected. For the customer Cxxxd CPQ, the manufacturers to be processed must be on a list approved by the customer and listed on the label, and must be GlobalGAP certified. During the on-site audit, for example:
 1 . On 10-06-2025: The packaging of Asparagus for the client Cxxxd CPQ presented on the label the reference to producer A10 (GlobalGap farm GGN 4056186254634 - Cioxxxxa G,) but from the evidence of the company records found during the on-site audit, the producer in process was Sxx Axx Dxx Mxxxxo srl cod A109 received with delivery note no. 1000 dated 08-June-2025 and without any reference to Global Gap certification). From what was seen during the audit also, the producer Sxx Axx Dxx Mxxxxo srl was not among the producers approved by the customer.”
 Clause 4.18.1:
 “Product traceability is not always guaranteed at all process stages. 
 1) On 09-06-2025 During the audit the processing and packaging of Asparagus 6 X 500 g L.24-02 customer Txxxa GMBH traceability code 13134 (Processing Area A) was present on the finished product label code A10 - farm GlobalGap GGN 4056186254634 (Cioxxxxa G,) but from the evidence of the company records found during the on-site audit the producer in processing was Sxx Axx Dxx Mxxxxo cod A109; 
 2) On 10-06-2025: Asparagus packaging for client Cxxxd with producer A10 farm GlobalGap GGN 4056186254634 (Cioxxxxa G,) on the label but from the evidence of the company records noted during the on-site audit the producer in process was Sxx Axx Dxx Mxxxxo cod A109; 
 3) Acceptance of raw materials: inconsistency between dates of receipt and volumes received for raw material Broccoli (lot B6-H5, supplier Ciocola Ludovico)
 - Delivery slip: no. 83/B dated 18/05/2025, quantity 50 bins
 - Acceptance report dated 17-May-2025 (with manual corrections), quantity 88 bins.
 4) In Processing Area B was the processing of 500 g film broccoli L 24-02. The raw material and finished product label for customer CxxxD contained reference to producer B1 (Cxxxxxo), while on the processing form (Mod 25) producer B6 (Cioxxxxa G) was present. The company managers stated that the register examined referred to processing for another customer (XgX) and the correct register had already been brought to the office. In the meantime, the register (Mod 25) with reference to manufacturer B6 (declared incorrect) had the name of customer CxxxD in the header. 
 5) Furthermore, during the traceability test launched by the auditor on BROCCOLI FILM 500 g ""CxxxxD CPQ"" BRAND L14-06 production on 05/04/2025 there was only one registration document summarising the production process but without evidence of clear links (codes, batches, dates, etc.) between the process steps and the relevant registration documents.”
 
 Description of the Major NCs:
 Clause 4.3.2:
 “The company uses Citric Acid in the fennel washing tank. Dosages are defined and registered. However, there is no reference on the fennel label to the use of the additive (E330) as required by labelling regulations. No analysis on the product present.”
 Clause 4.5.3:
 “During the on-site audit and the check between the packaged product and the label, it was found that the data on the label did not correspond to the packaged product packaged product and in detail: Date 09-06-2025 Asparagus 6 X 500gr from customer Txxxa. The labelled product had a size 10-16 and an indication GGN ....634 relating to the producer Cxxxxxla, while the product used to process the product had a size 7-12 with GGN ....285 (Soc Axr Dxx Mxxxo srl). The product was re-labelled but the GGN change was not made.
 On 10-JUN-2025: processing of customer Asparagus Cxxxd lot 24-02
 Finished product label: producer A10 (corresponding to the farm Cxxxxxa Lxxxxo)
 Packaged product: (Soc Axr Dxx Mxxxo srl ) (lot 109)
 On 10-JUN-2025 after receiving the delivery note of the raw material, it was observed that the lot A109 of the producer Soc Axr Dxx Mxxxo used for processing had entered as non-GGN certified.
  In addition, on 10-JUN-2025 following the processing of customer broccoli Cxxxd L. 24-02 a change of processing was made with product destined for a new customer (OxL). No evidence of record of change of processing, line stoppage and monitoring”
 Clause 5.4.1:
 “The company has 10 scales that can be used for weight control (serial numbers from 231300028 to 231300037), but for none of them has the communication of commissioning been made, as required by Ministerial Decree (DM) No. 93 of 21 April 2017, Article 8 ‘Obligations of instrument owners’, which stipulates that ‘owners of measuring instruments subject to the obligation of periodic verification: Communication to be made within 30 days to the Chamber of Commerce of the district in which the instrument is in service the date of commencement of use ......’. Example: balance no. 231300037, metric booklet issued on 24.01.2023 and balance no. 231300030, metric booklet issued on 24.01.2023.”",29.07.2024,5,Locked: 12.06.2025,
47457,0A2D3D5B,Zerbinati s.r.l,"Via Vittime 11 Settembre 2001, n°29",Casale Monferrato (AL),15033,Italie,,,IFS Food,19.06.2025,"4 KOs & 2 Major NCs were raised during the IFS Integrity On-site Check on June 16, 2025.
 Description of the KOs:
 Clause 4.18.1:
 “In the traceability test carried out on Valeriana 120 g customer branded C, lot B69230700 expiry date 10.06.2025, it emerged that the link between finished product and raw material supplier is traced by the operator on a sheet attached to the pallet, which is kept with the traceability sheets. The following discrepancies emerged:
 - On all 7 sheets attached to the pallets of raw material used, the date from 05.06.2025 was corrected to 04.06.2025
 - The loading times on line 6, had also been corrected on several sheets.
 - The quantities reported in processing did not correspond to the quantities delivered by the suppliers: in fact, in the production record it was reported 5 times 237 kg instead 7 batch of Valeriana were used and only one was 237 kg while all other deliveries were smaller quantities.
 The Computer Management System did not show the processing of this batch of vegetables on 04.06.2025 but rather on 05.06.2025. The company stated that the management system was not reliable for traceability and to date it is not the IT structure to do the traceability, but also the paper indications were not authentic and clear.”
 Clause 4.1.3:
 “In the traceability test, performed on Valerian 120 g customer's brand C. lot B69230700 expiry 10.06.2025, a Valerian supplier was used (Agristiana di Attanasio Cristiana) which was not on the last list of suppliers provided to Customer C. as agreed in the Customer Guideline rev 2023.”
 Clause 5.11.3:
 “The corrective action following a complaint by customer C. regarding the use of Valerian product, packaged under the customer's brand name, not in line with customer C.'s approved specifications, was not effective.
 It was found during the inspection that not all consignments are subjected to the product defect control in acceptance. Those received on part of Saturday are not checked as observed during the inspection. These batches are sent to the processing line without a formal defect check. The defect checks on the finished product is carried out on a random basis and not on all batches.
 In the traceability test from the sheets attached to the pallet, it is noted that roots and other vegetables species e.g. Portulaca were present in some batches of Valerian, but the defect percentage is not reported. In the raw materials inspection register, however, 0% defectiveness was recorded on these batches used for the batch being tested. The batch of finished product was not subjected to a goods inspection. The company carries out the defect control check every 15 days on a random basis among the various references. At packaging there is a general check of the product 'appearance' carried out by the line operator. Customer C's specifications, on the other hand, indicate the percentage of defect accepted per defect category.”
 Clause 2.3.9.1:
 “In the traceability test records, incomplete records were found for the monitoring of a CCP. In particular, the chlorine concentration in the washing tanks must be checked at the start of production, at the end and every two hours. In the case of the tested product (Valerian 120 g customer's brand C. lot B69230700 expiry 10.06.2025),the first production run was without addition of chlorine to the washing water. When the reference with chlorine started, the control was not carried out at the start, but the two-hourly frequency was considered. For all lines, the recorded monitoring ends at 16:00 although there is evidence from the vegetable processing sheet that production continued for some lines until even 19:00.”
 Description of the Major NCs:
 Clause 4.19.2:
 “Celery only passes on the product lines for products that are subject further processing phases in a retailer's delicatessen department, even though they are declared in the label as ready-to-eat. The company states on the label ""may contain traces of celery"" for these products. The company tests the cleaning effectiveness with a bioluminometer once a month on all lines in rotation. 
 However, the functions present do not know what the limit of detectability of the instrument in terms of the amount of organic matter is and therefore do not know what minimum amount of allergen the instrument can detect, in order to ensure that cross contamination is minimised.”
 Clause 4.9.9.2:
 “The company uses well water. The last complete analysis was carried out by the ASL on 10.11.2021. The company carries out partial analyses twice a year (microbiology and some chemistry) but not all those of Legislative Decree 18/2023. The choice of some parameters of the Decree 18/2023 and the frequency is not justified by the risk analysis.”",10.01.2025,5,Locked: 19.06.2025,
49285,B8C3EFFF,IBERFRASA S.L.U.,"P.I. ALTO LOSAR, PARCELA 16-17",QUINTANAR DE LA ORDEN - TOLEDO,45800,Espagne,,,IFS HPC,17.06.2025,"Major Non Conformity Req. 4.10.7 : 
 There is evidence of non-compliance with the operation against glass breakage on packaging line 13, as defined in instruction ITG-039, Ed.6. At the time of the visit, several remains of glass can be seen in the capping machine of line 13, during the packaging of Perfume Jolie, Batch 25052021. The line was not stopped, nor was a quarantine protocol established for the potentially affected units, nor was the incident recorded in the packaging report. It should be pointed out that the filling system itself makes it very difficult for foreign bodies to get into the container, and if this is the case, the cap and closure are tightened to prevent them from coming out.",01.08.2024,"1, 2",Locked: 17.06.2025,
50139,DE040083,Seafood Parlevliet Tholen B.V.,Stevinweg 6,SM Tholen,4691,Pays-Bas,,,IFS Food,19.06.2025,"During the announced audit with last day 17-06-2025 a Major non-conformity was noted at clause 4.9.9.1: Water analysis results are exceeding requirements: results of 15-5-2025: (1) process water in smokery: TPC 22°C = 700 cfu/ml, Coliforms = 9 cfu/100ml (legislative requirement Coliforms not detectable in 100ml) and (2) water hygiene sluice TPC 22 °C = 310 cfu/ml.",11.06.2024,2,Locked: 19.06.2025,
50805,F1529899,O.P. ESPERIDIO S.c.a.r.l.,CONTRADA POGGIO ROTONDO S.N.,PALAGONIA,95046,Italie,,,IFS Food,16.06.2025,The contract with Certiquality has been formally terminated at the company’s request.,09.01.2025,5,Locked: 16.06.2025,
53210,2AF1288D,NATURPUGLIA s.r.l.,Via Aristofane snc,ANDRIA (BT),76123,Italie,,,IFS Food,16.06.2025,The suspension was decided due to the failure to pay invoices relating to activities already carried out by Certiquality S.r.l.,20.03.2025,6,Locked: 16.06.2025,
57290,565AD974,"Winters, the Chocolate Company B.V.",Dragonder 10,Valkenswaard,5554 GM,Pays-Bas,,,IFS Food,18.06.2025,"Two Major Non-conformities have been raised during the IFS Food v8 re-certification audit from 16/06/2025 to 17/06/2025 at Winters, the Chocolate Company B.V. - COID 57290:
 
 Major Non-conformity (requirement 4.5.3): 
 Packaging of end products is performed either in downstairs or upstairs packaging department. 
 For upstairs packaging department no documented label checks are currently implemented: 
 1) seen as part of factory tour no documented label checks available for products currently in production (Urban Cacao bar milk chocolate caramel sea salt 130g e, Van der Valk milk chocolate bar apple cherry 130g e, Urban Cacao milk chocolate bar hazelnuts 130g e)
 2) operator in charge of packaging activities indicates to have no knowledge of form INP-F-12 label checks
 3) No history of records could be shown for upstairs packaging activities. 
 
 For downstairs packaging department label checks are in place as part of line start-up and clearance checks (HYG-F-08 line clearance packaging v1.0 dd. 1/7/2024), however checks are not fully implemented:
 1) Documented records for line clearance including label check are seen to be absent for several production runs in week 15 -week 16 - week 17 for start-up and/or end of run checks (repeat finding against action plan 2024)
 2) QM had noticed inconsistency in record keeping as part of recall test dd. 31/3/2025 and implemented weekly activity of verification of records. Last verification of correct implementation of checks dd. 28/4/2025, no verification activity recorded for the past 6 weeks. 
 
 Complaint log shows 4 customer complaints (2 downstairs packaging area, 2 upstairs packaging area) regarding mix-up of labels. No allergen labelling issue resulted from these complaints.
 
 Major Non-conformity (requirement 5.5.1)
 Most products are sold per minimum weight. Company also sells products using e-mark. During the audit it became clear that the legal requirements for use of e-mark are not met:
 1) Company does not hold legal recognition for the use of e-mark. 
 2) For products in production on day of the audit no weighing records sustaining e-weight statistics available. Only moulds are weighed, no individual products currently checked. 
 Following products with e-mark seen as part of factory tour: Urban Cacao bar milk chocolate caramel sea salt 130g e, Van der Valk milk chocolate bar apple cherry 130g e, Urban Cacao milk chocolate bar hazelnuts 130g e
 
 For product sold under min. weight system for quantity checks not fully implemented: In upstairs packaging area no final product weighing performed nor documented records kept; seen for Dubai Chocolate bar 200g (as part of product trail). Only moulds are weighed, no individual products currently checked.",09.08.2024,6,Locked: 18.06.2025,
62063,39F329C9,Valero Forn Tradicional S.L.,"C/ De Mura, 33","Terrassa, Barcelona",8227,Espagne,,,IFS Food,16.06.2025,"A Major non-conformity was raised during the audit on June 12-13, 2025.
 Description of the Major NC:
 Clause 4.8.2.:
 “A number of issues were detected in the process flow from goods in to dispatch which posed contamination risks during the processing of the products. Issues included Two dead, and one live moth were found on or close to processing equipment.
 Many oven trays had lost part of their Teflon coating.
 The belt on line 6 had threads coming away. The blue belt on the chapatera line was frayed at the edges. A light was hanging off the ceiling by one end. In the finished product freezer there were wires hanging out of the high area of the wall. A Camara was seen with cut wires hanging near the finished product freezer.”",08.07.2024,6,Locked: 16.06.2025,
65191,298F2160,INDÚSTRIA E COMÉRCIO DE LATICÍNIOS VALE DOS BURITIS LTDA,"Praça Dom Elizeu, N° 269, Centro",Buritis - MG,38.660-000,Brésil,,,IFS Progress Food,17.06.2025,"During the assessment carried out on June 12 and 13, 2025, the auditor found that a voluntary recall was carried out starting on August 29, 2024, for the product Grated parmesan cheese without dehydrating 1kg, Buritis brand, lots: 188, 190, 191, 193, 197, 202, 205, 206, 207, 209, 213, 214, 215, 218, 219, 221, 223, 225, 227, 228, 230, 232 and 234- total quantity: 90 kg, referring to the manufacturing date of 06/07/2024, valid until: 02/12/2024. The reason for the recall was the risk of contamination by Listeria monocytogenes, posing a risk to consumer health. The non-compliance was detected due to an inspection by the Ministry of Agriculture (MAPA) on 27/08/2024. Official letter no. 0167257256, from Process 25351.399586/2024-85-Expediente 1191756/24-3-Coordination of Inspection and Sanitary Inspection of Food/ANVISA (Voluntary recall) was verified. All communication history in accordance with RDC No. 655/2022, with customers, consumers, communication with the media.
 
 Major non-conformity detected in requirement 1.1.3: Lack of supporting record of communication with the certification body within 3 working days, as recommended by the IFS Progress Food V.3 Standard.",28.06.2024,4,Locked: 17.06.2025,
67689,384CD774,ASOFRUBE S.L.,"POLIGONO INDUSTRIAL PLATAFORMA LOGÍSTICA FRAGA, PARCELA LIE 1-06",FRAGA (HUESCA),22520,Espagne,,,IFS Food,11.06.2025,"A KO was raised during the audit on June 9-10, 2025.
 Description of the KO:
 Clause 3.2.2:
 “During the staff lunch break, while visiting the auxiliary materials warehouse adjacent to the cherry handling area, it was observed that the loading/unloading door of the warehouse was open. Upon approaching the area, the following breaches of personal hygiene requirements were detected:
 1. -Staff members were outside wearing their work uniforms (light purple trousers and shirts).
 2. -Some staff were sitting on the ground in their work uniforms.
 3. -Several individuals were smoking in a non-designated smoking area.
 4. -Some were observed eating in the same area.
 It is important to highlight that this door does not have a handwashing station nearby, which means personnel could re-enter the processing area without washing their hands, posing a risk to product safety.”",13.07.2024,5,Locked: 11.06.2025,
67854,1427227A,VALENCIANA DEL FRIO S.A.,"Calle de les Piteres, s/n",Quart de Poblet (Valencia),46930,Espagne,,,IFS Food,12.06.2025,"During the renewal audit that took place on 11-12.06.2025, it was raised a KO under req.4.18.1: 
 The system used to record the traceability of the packaging material is not adequate as it has been found some records where the lot of the packaging was wrong (corresponding to last campaign) and was not corresponding to the packaging received during this campaign. E.g. production record of product lot Q20.4.1.506 dated 12-05-2025. Also, the traceability for the packaging provided by the client is not recorded",09.07.2024,5,Locked: 12.06.2025,
70373,B1D1A982,BIOLIVA MED COMPANY SARL,Route de Mahdia km 15 Sakiet Edeyer,SFAX,3058,Tunisie,,,IFS Food,10.06.2025,2024 invoice has not been paid,17.02.2025,9,Locked: 10.06.2025,
74514,CC878241,IL BORGO SRL,"Via Valle Calda, 94",CAMPO LIGURE (GE),16013,Italie,,,IFS Food,11.06.2025,"During IOC on 20-MAY-2025 detected a Major NC on req 4.10.2 and, after discussion with IP IFS, decided to lock certificate. Here text of Major NC:
 Although the product has a low microbiological risk, on the day of the IOC, the state of implementation of the cleaning and disinfection activities was not adequate; the following issues were identified:
 a) Dough department: a non-operational production line is
 present in the department, the equipment is covered with a plastic sheet, but it’s not adequately cleaned: flour residues and at least n° 6 typical of food products insects were noticed (Coleoptera, including at least n° 1 viable individual)
 b) Dough department: silky burrs visible on the ceiling suspended elements (monthly cleaning ref. cleaning plan rev. 7 dated 18 -MAR-2025; last recorded intervention dated 16-MAY-2025).
 c) Frames and lower surface of the leavening / cooking trays
 (both in use and not in use): visible organic residues (oil and flour mix) encrusted. According to the cleaning and sanitation plan, the trays are cleaned daily; the frequency and methods for cleaning the trolleys are not defined in the cleaning and sanitation plan (rev. 7dated 18-MAR-2025)
 d) Focaccia packaging department: cobwebs present between
 the nitrogen gas cylinders (used for packaging in MAP, usage on a monthly basis; not in use on the day of the IOC)
 e) Crostini packaging department (not in use): space between the floor and the grates of a manhole (sealed) with consolidated organic / inorganic residues
 f) Crostini packaging department (not in use): consolidated
 organic / inorganic residues between the wall-floor junction points
 g) Inside the leavening cells: the panels show signs of rust and
 dark stains (rust spots and organic residues deriving from the
 frames of the trolleys used for moving the product; estimate for replacement dated 26-MAR-2025 is present, awaiting approval by the property).
 h) Raw materials warehouse: floor/wall junction points not
 adequately cleaned (visible consolidated organic/inorganic
 residues)
 i) Cooking area: Behind the ovens, a tile has been fixed using
 expanded foam. Since this material is difficult to clean, organic /inorganic residues were found adhered to its surface.",25.11.2024,6,Locked: 11.06.2025,
76759,D92B3D93,ABCD DE L'EXOTIQUE SAS,37 avenue de Bourgogne,Rungis,94581,France,,,IFS Broker,13.06.2025,"KO on item 4.6.1:
 A traceability exercise was conducted on supplier AXXXX GXXXX, where the company purchased 4,464 packages from Guatemala and 4,464 packages from Costa Rica: shipments 11,165 and 11,166.
 During the sale, it was noted that the company had sold:
 - 3,348 packages from Guatemala (1,080 to YXXXXX and 2,268 to CXXXXX)
 - 5,580 packages from Costa Rica (1,080 to YXXX and 4,500 to the subsidiary CXXXXXX).
 Therefore, there is a difference of 1,080 packages from each origin (1,080 more packages from Costa Rica and 1,080 fewer packages from Guatemala).
 The purchase and sales invoices are the only traceability elements on the site.
 After searching for additional information from the supplier (via the customer shipping CMRs), it was noted that Yellow received:
 - 1134 packages from Costa Rica
 - 1026 packages from Guatemala
 The information is therefore different from the sales invoices.
 Another example was carried out for a purchase and subsequent sale from supplier AgXXXXX: Confirmation order number: 24070010 on 07/18/2024. An origin error was noted between the purchase invoice (from Guatemala) and the sales invoice (from Costa Rica).",06.08.2024,"1,5",Locked: 13.06.2025,
82172,BD47F8A9,Polus Sütő Kft.,Bartók Béla út 81,Ajka,8400,Hongrie,,,IFS Food,13.06.2025,"During the IOC audit completed on site on 11/06/2025 the following Major NCs and KO were identified:
 
  4.9.1.1 MAJOR During the IOC the following non-compliance were observed regarding infrastructure. The risk of product contamination could not be excluded, therefore, the food safety could not be assured without doubts:
 - There were mouldy ceilings and walls observed throughout the whole factory, especially: (1) at raw material warehouse around the cold storage and frozen storage rooms; (2) in the fine bakery processing area above the frozen storage; (3) at the bread slicing and packing area; (4) in the main production hall. Remark: open products are handled in these areas.
 - Peeling paint was observed on the ceilings and on walls at some areas: e.g. raw material storage where bagged flour and bread labels were stored, etc.
 - Rusty parts and peeling sealing was observed in the proofing chambers ceiling panels. Remark: open semi-finished products can be found in these chambers.
 - Dirty wall-through ventilator above the slicing-packing packing machine.
 - The upper structures were dirty above the transport belt transporting bread after unloading from the multi-story oven. 
 3.2.2 KO 
 A.) The following bad practice was observed at slicing-packing station: two operators assigned for manual slicing and packing of bread were doing some cleaning activities, they were brooming and sweeping the area and collected the spread breadcrumbs from the floor. The operators were touching the brooms and the dust pans while doing the cleaning. After finishing the cleaning of the area, they started the manual slicing and packing (they were manually fed the slicer and manually put the sliced bread into the packaging foil bags, touching the bread) without washing hands and changing gloves after the cleaning activity.
 B.) In the changing rooms (both women’s and men’s) several dirty and/or unorganised lockers were fund: (1). Cleaning chemicals were stored in one locker in the “women’s white changing room”; (2) In one “women’s black changing room” locker food was stored beside personal clothes; (3) In one empty “men’s white changing room” locker rotten bread pieces were found in a plastic bag. (4) In an empty locker in “men’s black changing room” an empty can of energy drink was found. These examples show not proper use and control of changing room lockers. 
 2.3.9.1 KO Control of chilled and storage temperatures are designated as CCPs. According to the monitoring plan the temperatures are recorded twice per day (in the morning shift and in the afternoon shift). During the site inspection it was observed that the monitoring forms were already filled for the morning check as well as for the afternoon check while the site inspection was at ca. 8:30-9:00. In other words, the afternoon checks were already filled at 8:30-9:00 on the day of the IOC. For the frozen storage a record was already entered for 15:20 (-19,6 Celsius) and for the chilled storage a record was already entered for 16:10 (+2,9 Celsius) at 8:30-9:00. This practice questions the credibility of the CCP records. 
 4.17.2 MAJOR Liquid egg is sprayed on the top of dough pieces before baking (for glazing of some specific products). The equipment used for spaying the liquid egg was an electric household paint sprayer, however, this equipment did not have any documentation (e.g. certificate of conformance) proving that the food contact parts (e.g. plastic dosing tank, plastic pipe, spraying nozzle etc.) are suitable for use in food industry/food contact.",06.02.2025,6,Locked: 13.06.2025,
82479,6C433C32,AGRO BLEND GROUP SHPK,Autostrada Tirane - Durres Vore,"Vore, TIRANA",1032,Albanie,,,IFS Food,16.06.2025,outstanding payments,06.03.2025,6,"Locked: 16.06.2025, Unlocked: 17.06.2025",03.02.2026 - 05.02.2026
86099,918F365B,"ALBASOL FRUIT, S.L. B09876855","AVD.INDUSTRIALES, S/N",LA SOLANA ( CIUDAD REAL),13240,Espagne,,,IFS Food,19.06.2025,"4.1.3 KO In the case of client H, it indicates that the watermelon's Brix must be between 12 and 13 degrees. 
 DV: ""No documented evidence of the measured BRIX levels is recorded in form G 0503-1 'Quality Control of Packaged Product'. Examples from the previous production campaign, since the previous certification audit, were requested, but it was not possible to provide evidence demonstrating compliance.""
 4.5.1
 MAJOR During the audit, documentation is requested for the following packaging: 50x33x18 cardboard box from supplier VP, S.L. and IFCO plastic boxes from supplier I.
  DV: The following documentation is not provided:
 * 50x33x18 cardboard box: No technical data sheet for the box is provided.
 * IFCO plastic box: No health registration, supplier approval, or declaration of conformity is provided.
 
 4.9.9.1
 MAJOR The company states that the water used at the facility comes in tanks from a cheese factory owned by the same group. Routine control which the company carries out daily pH and chlorine controls. Frequency: Weekly. Record Water monitoring record. G1201. Ed: 2.
 DV: Despite a request for an invoice for the water used, the company does not provide it, and it is not possible to prove the origin of the drinking water used in washing the product. In addition, the company does not provide a chlorine control record from 2025, covering the few days the company was operating (without handling or washing the product). Annual disinfection of the intermediate water tank is not provided.
 
 4.18.1
 KO During the visit to the packaging warehouse area, a large number of unidentified packaging was detected (green and black cardboard boxes, boxes bearing the audited company's brand, and bulk boxes). Furthermore, during the on-site traceability exercise, it was found that the ""packaged product quality control"" log G 0503-1, with a quality control date of 06/08/2024 (Order: A-000295/24. Product traceability: 31/5090/15), does not identify the batch number of the packaging used during the production of the product.
 Packaging traceability cannot be guaranteed according to Regulation 178/2002.
 
 
 5.11.3
 KO The company states that the campaign has not yet begun. Although no product was being handled during the visit, it was observed that product had been received (Delivery Note A-000001/25. Date: 16/06/2025. Product: Microseed watermelon with traceability 25-25/5090/1. Quantity: 21,538 kg. Supplier: VF, S.L. Viewed incoming delivery note number 000501 dated 16/06/2025. GlobalGAP Product: 4063651663600).
 DV:
 * Corrective action regarding requirements 2.3.6.1; 4.1.2; 4.3.4; 4.4.1; 4.4.3; 4.9.9.1; 4.11.1; 4.11.4; 4.15.7; and 5.3.4. to conduct a briefing/training for the quality manager has not been carried out.
 * It is considered that corrective action regarding requirements 4.9.5.4; 4.9.6.1; 4.21.2. has not been carried out since the last inspection of the facilities using record G1209. Rev: 0. was carried out in August 2024.
 * The deviations in requirements 4.1.2; 4.9.9.1; 4.11.4 and 4.21.2 are repeated. Only requirement 4.11.4 is repeated for the same reason; the rest are for a different reason, although in the same requirement as the previous year.",22.07.2024,5,Locked: 19.06.2025,
86641,7DB80935,Improving Logistics & Consulting S.L.,"C/ Mas de l'Oliveral, 12",Ribarroja (Valencia),46394,Espagne,,,IFS Logistics,10.06.2025,"During the IFS Logistics v.3 audit performed on 10.06.2025 was detected a Major Non Conformity in the requirement 4.4.1.
 
 Description: During the visit to the facilities, the auditor selects the product water, with brand name Axx Nxxx Fxxx, located on shelf 07A42 and with SSCC 384293590130577292. Quantity : pallet wrapped in film (480 bottles). After consulting the IIWS computer program and reviewing the movements, it is verified that the pallet entered on 03.15.2024 and is listed as shipped on 12.07.2024. The customer is FxxPxxx. This shosw that the traceability system has not been effective, as this stock is not recorded in the traceability system.",22.08.2024,"1.1.2, 1.1.5, 1.1.6, 1.1.8, 1.2.1, 1.2.2, 1.2.3",Locked: 10.06.2025,
88137,7881521E,AENT S.r.l.,"Via Emilia, 101",Loc. Sanguinaro - Fontanellato (PR),43012,Italie,,,IFS Logistics,17.06.2025,outstanding payments,27.03.2025,"1.1, 1.2, 1.3, 1.4, 1.5, 1.6, 1.8, 1.9, 3.2, 3.3",Locked: 17.06.2025,
88394,AA43CE3C,Meka.be bv,Polderstraat 8,Diksmuide,8600,Belgique,,,IFS Wholesale / Cash & Carry,11.06.2025,"Major non-conformity - requirement 4.5.1
 During the audit, it was found that there were no specifications for food compliance with the packaging. It was not possible to verify that the packaging of the products sold was compliant for their intended use. There is no indication for plastic packaging, for example, of compliance elements for the type of food sold, the duration of the conformity guarantee, or on temperature conditions. A few technical data sheets mention compliance with EU Regulation 10/2011 (without details): 4 cheese pizza, chocolate cake, crème brûlée but not for ""pastel de nata"" (no mention).",10.06.2024,"1.4, 1.5, 1.6, 1.7","Locked: 11.06.2025, Unlocked: 12.06.2025",
88863,457D90B9,PPHU Transad Sebastian Romaniak -,"Aleja Krakowska 27, Kopana",Tarczyn,05-555,Pologne,,,IFS Logistics,18.06.2025,During unannounced recertification audit on 16.06.2025 Major nc have been raised for 1.2.3: Documents approving the location and the means of transport selected during the audit as a sample for transporting foodstuffs were not presented. Registration is required by law and should be carried out by the appropriate sanitary or veterinary inspection.,18.07.2024,"2.1.1, 2.1.10, 2.1.11, 2.1.2, 2.1.3, 2.1.4, 2.1.5, 2.1.6, 2.1.7, 2.1.8, 2.1.9, 2.2.1",Locked: 18.06.2025,
89016,FFE1680A,"BODEGAS LANGA HNOS., SL B50069616","Crtra. N-II, km 241,700",Calatayud ( Zaragoza ),50300,Espagne,,,IFS Food,13.06.2025,"During the announced recertification audit, carried out to the operator BODEGAS LANGA HERMANOS SL, COID 89016 on 11 and 12 June 2025, a major non-conformity with code 5.5.2 has been opened:
 For still wine, they carry out destructive quantity control. Production orders only indicate OK for the fill level, with no records of the checks carried out, such as, for example: production order ER-25-00137 of 09/05/2025 for bottling 2022 red wine under the PI L-250509 brand). It cannot be verified that quantity checks are carried out in accordance with Royal Decree 1801/2008.",22.07.2024,8,Locked: 13.06.2025,
89079,BE738F47,STEF LOGISTIQUE BRETAGNE NORD - Site Ploumagoar .,13 ZI de KERPRAT,PLOUMAGOAR,22970,France,STEF LOGISTIQUE .,69362,IFS Logistics,13.06.2025,"Major NC on 5.8.3 : It was noted on the reception document records of 10/06/2025 for a full truckload of frozen breaded poultry products that a temperature check between parcels was recorded as compliant with a temperature of -13.8°C, while the customer requirements, stated in the reception document, are set at a minimum of-16°C according to the 2017 specifications with this customer (-15°C in a 2019 framework contract established with the group to which this customer belongs). There was no anomaly report immediately filled out.",05.08.2024,"1.1.1, 1.1.10, 1.1.2, 1.1.4, 1.1.5, 1.1.6, 1.2.3",Locked: 13.06.2025,
91017,1FD259F8,BIOLIVA MED COMPANY SARL,Oued El Kharoub Bouficha-Zaghouan,Bouficha,4010,France,,,IFS Food,10.06.2025,2024 invoice has not been paid,18.02.2025,9,Locked: 10.06.2025,
1794,4ACD20E0,Fude + Serrahn Milchprodukte GmbH & Co. KG,Goltzstraße 18,Berlin,13587,Allemagne,Fude + Serrahn Milchprodukte (80819) GmbH & Co. KG,20459,IFS Food,20.06.2025,"During the re-certification audit completed on site on 16-17-18-19/06/2025 the following Major NCs and KO were identified:
 
 DEV:
 The concept for pest prevention and control is not effectively established.
 
 Evidence:
 In the outdoor storage area, where primary packaging and dry raw materials are also stored, traces of rodent droppings were found. In the inner area in front of a defective roller door, a number of stacked pallets of milk powder were stored. When the pallets were relocated and unstacked on request, contamination from bird droppings was found on the floor and on wrapped pallets in the front area of the roller door.
 The door has a defective rubber lip and does not close completely. There is no protection against the entry of pests.
 Risk assessment:
 The outer packaging of raw materials was partially contaminated and there was some bird droppings on the pallet film of the milk powder bags.",14.06.2024,4,Locked: 20.06.2025,
4592,400294A2,AVENA Cerealien GmbH,Mühlenstr. 1c,Karstädt,19357,Allemagne,Flechtorfer Mühle Walter Thönebe GmbH,38165,IFS Food,11.07.2025,"Major fire at the Mühlenstraße 1 c site, 19357 Karstädt. Production is currently not possible. Investigations into the condition of the buildings and facilities and the extent to which parts of production can be resumed are still ongoing.",04.07.2024,6,Locked: 11.07.2025,
5968,CB813929,Burg Azijn BV,Marconistraat 26,Heerhugowaard,1704 RG,Pays-Bas,,,IFS Food,25.06.2025,"During the on-site audit on June 23rd and 24th, 2025, a major non-conformance (NC) was raised to requirement 4.2.1.5: relate dto herb vinegar, apple vinegar (clear and cloudy) and natural vinegar, the Nutri-Score logo is placed on the label.
 This is not in line with the requirements for Nutri-Score: food products that are not covered by the mandatory nutritional declaration, as listed in Appendix V of EU 1169/2011, are not covered by the Nutri-Score.",19.09.2024,8,"Locked: 25.06.2025, Unlocked: 02.07.2025",05.08.2025 - 06.08.2025
6668,E7D059DB,LES GRANDS CHAIS DE FRANCE - SITE DE PETERSBACH SAS,"1, rue Division Leclerc",PETERSBACH,67290,France,LES GRANDS CHAIS DE FRANCE (80761) S.A.,67290,IFS Food,08.07.2025,"MAJOR non-conformity on requirement 4.3.2:
 The site manufactures a private-label Limoncello liqueur (25% vol, 50 cl) for a client based in France. During the review of the product's labeling, several regulatory non-compliances were identified, which were not communicated to the client. This constitutes a breach in the label validation and review process.
 
 The following issues were noted:
 
 1. Misleading claim: The statement “traditional Italian recipe” implies a traditional composition, whereas the product contains a lemon-free flavoring, colorants, and a thickener. This contradicts:
 * Regulation (EU) No. 1169/2011, Article 7 (fair information practices),
 * and Article L121-2 of the French Consumer Code (misleading commercial practices).
 
 2. Ambiguous designation: The phrase “lemon liqueur” used in the marketing presentation suggests the presence of actual lemon ingredients, while it only contains a natural lemon-flavored aroma, with no fruit content. This is non-compliant with:
 * Regulation (EC) No. 1334/2008, Article 16,
 * and the DGCCRF practical guide – November 2017 (highlighted claims and ingredient representation).
 
 3. Graphic representation: The use of lemon illustrations on the front and back of the label is not accompanied by an immediate mention such as “lemon-flavored” or equivalent, which may mislead the consumer. This also breaches Regulation (EC) No. 1334/2008 and DGCCRF recommendations.
 
 The private-label client validated the label in 2022 based on the recipe provided by the site and conducted an audit in 2024 without identifying these irregularities. The site did not inform the client of the regulatory non-compliances identified since, which constitutes a failure in the duty to inform and manage regulatory changes.
 
 This finding highlights a failure in the label control procedure, in regulatory monitoring, as well as in communication with the client regarding the legal requirements applicable to private-label products.
 
 It should be noted that this is an isolated case among more than 30,000 products manufactured at the site. The current label verification procedure now effectively detects this type of error for new labels, unlike the present case, which dates back to 2016. A verification conducted on a new label for a similar product has demonstrated the effectiveness of the current procedure.",29.10.2024,8,Locked: 08.07.2025,
6910,BEC882FC,Pflaum Feinkost GmbH,Bergstraße 24,Leutkirch-Adrazhofen,D-88299,Allemagne,,,IFS Food,09.07.2025,"1.2.1 KO
 In accordance with the standard, management must ensure that employees are aware of their responsibilities with regard to food safety and product quality and that mechanisms are in place to monitor the effectiveness of their actions. These mechanisms are identified and documented. This is not implemented to a sufficient extent; for example, an internal audit conducted by an external auditor on 20-21 August 2024 identified a total of 65 deviations (31x of which were D deviations and 8x of which were major/KO) without sufficient measures being taken by the company management to effectively remedy the numerous significant deviations. Another example would be, for example, that a simple production employee, who can only communicate in German to a very limited extent, was tasked with the daily documentation of the raw material batches used in pita production; during the IP check, it was observed that the daily documentation of the raw material batches used has been missing since 30 May 2025, which the company has not noticed to date. There is no control or assurance that the employee is carrying out this important documentation correctly in accordance with the specifications. Furthermore, the large number of deviations and non-conformities identified during the IFS IP check is an indication that the responsibility of the company management is not being taken into account to a sufficiently effective extent.
 2.3.9.4 Major
 Monitoring CP Protective fumigation of finished goods Pita rolls in tubular bags not under sufficient control: The monitoring of the protective fumigation of pita rolls in tubular bags is defined as CP; corresponding checks must be carried out at the beginning, then every 30 minutes and at the end, whereby the residual oxygen in the packaging must not exceed 1.1%. The company cannot conclusively justify the monitoring criterion. There is also no validation available for the monitoring process. During the plant tour, all residual oxygen measurements recorded on the current production day were, without exception, below the monitoring criterion of max. 1.1% residual oxygen. The auditor then initiated 5 random samples of the current production; all random samples of the finished goods were significantly above the 1.1% residual oxygen (= between 1.89 and 2.5% residual oxygen). In the further course, random samples were taken from the production of the previous days as well as from the stored retained samples; the random samples of the previous day's production consistently showed values between 2.3-2.4%. In the case of the retained samples, only 2 values were below the monitoring criterion of 1.1%; in others, peak values of 6.48% (= pita production with BBD 04.07.2025) up to 8.3% residual oxygen were observed (= pita production with BBD 17.07.2025). The measuring device used for monitoring (=Oxibaby) should be calibrated at least once a week according to internal specifications, but was last verifiably calibrated on 06.05.2025. According to the specification (work instruction CP 3 / version 8 as of 05.11.2024), further measurements should be carried out if the measured values deviate from 1.1% residual oxygen; if the limit value is confirmed to have been exceeded, all packages must be re-measured from the last good test; random samples with limit value exceedances must then be unpacked and repacked. The fact is that almost all of the residual oxygen checks initiated by the auditor showed, in some cases, greatly increased, deviating test results. According to the shift supervisor, it is known that the residual oxygen value in the packaging increases again after the residual oxygen test immediately after packaging; this could be due to interaction with the packaged product or also to leaks or insufficient tightness of the packaging, although documented tightness tests of the Pita-Roll tubular bag pre-packaging are not planned. Residual oxygen monitoring is insufficiently defined (what, when and where) and the company's monitoring results contradict the spot checks initiated by the auditor, which cannot be conclusively justified by the company.
 4.14.2 Major
 According to legal requirements as well as product requirements, the raw material ‘pasteurised liquid protein’ used in large quantities in the company must be stored at a maximum of 4.0°C. During the tour of the plant, however, the auditor found that the room temperature (= reading from the temperature logger) was 5.2°C at the time of the inspection. A search of the manual daily temperature records for the relevant cold store revealed that the value of 4.0°C was exceeded on 43 occasions from May to June 2025, of which the temperature was 5.0°C or above on 9 occasions. The relevant logger recordings showed a peak value of 7.1°C in one case during the specified test period. The legal requirement for the maximum storage temperature was therefore exceeded in many cases without the company having defined recognisable corrective measures. Furthermore, a target temperature of 2°C-7°C is specified for the cold room in which the purchased pasteurised liquid protein is regularly stored, whereby the upper value may be exceeded for less than 24 hours for a maximum of 2°C (=9°C for less than 24 hours). This target value is also not in line with the legal storage temperature for pasteurised liquid protein. Note: During the site inspection, the surface temperature of the pasteurised liquid egg white was checked on 2 IBCs as an example; this was below 4°C (=3.1°C) at the time of the inspection. Nevertheless, the defined specifications and control measures of the company are not sufficiently suitable to consistently ensure the implementation of the specified legal requirements for the storage of egg products.
 4.18.1 KO
 Insufficient traceability of raw materials used:
 a. During the factory tour, 2 different batches of finished goods had already been completed in the pita roll production area; however, a list of the batches of raw materials used for this was not available. When asked, the employee in question stated that this traceability information, which is to be documented on a corresponding form for each batch, is only regularly documented after the end of the production day. However, the documentation for the current production day had not yet been completed due to time constraints. According to QM specifications, however, the corresponding documentation would have to be completed after the end of each production batch. When the auditor asked for the relevant inspection records for the previous production days, it emerged that the last inspection records for raw materials used in daily pita roll production dated 30 May 2025. The employee stated that the remaining inspection records were located elsewhere and that she wanted to search for them. After approx. 30 minutes, the auditor returned to the production office to enquire about the whereabouts of the traceability records since 30 May 2025; it was apparent that the employee in question was in the process of ‘adding’ the requested inspection records (e.g. for 2 - 4 June 20925). It should be noted that no documented records of the batches of raw materials used in the pita production area are available for the period 30 May 2025 to date; there is no direct traceability of the raw materials used.
 b. Basement deep-freeze warehouse: 2 red E2 crates contained blue foil bags with lemongrass powder; the bags were not labelled, batch allocation was not possible.Note: the company states that it has not produced any more products with lemongrass powder since January 2025; the observed bags with the corresponding raw materials were sample deliveries that had inadvertently not been labelled.",17.01.2025,"1, 2, 3, 5, 6, 7",Locked: 09.07.2025,
7227,2B8EB92B,Vandemoortele Bakery Products France- Le Fossat SAS,Route de Toulouse,Le Fossat,9130,France,,,IFS Food,30.06.2025,"Major NC on 4.13.2: During the audit, it was noted that the measures put in place to control pests were not sufficiently effective: 1/ Successive trend analyses show that rodents are being caught inside the premises. 33 since the beginning of the year, for example at the entrance to the CIP room, at the kneading area on line D (12/05), in maintenance, in cardboard storage, in packaging storage 1 (11/06). Even though sealing work is regularly carried out, particularly following the infrastructure audit of 21.12.24 (work carried out to repair the CF South entrance door, filling of holes in skirting boards, etc.), no effective treatment to eliminate or manage the infestation so that it poses no risk to products, raw materials or packaging has been put in place; the site has defined an infestation threshold of 4 captures/area to trigger a switch to toxic bait. 2/ Moth filaments were observed above the yeast preparation tanks. Numerous moths were observed around lines E and F. The site plans to reinforce its cleaning team on 28 and 29 June to clean oven F, the potential source of this infestation. The action plan relating to this infestation, the analysis of the causes and the measures to be implemented are not documented. 3/ The glue plates of all the EFKs observed were extremely loaded with insects. It should be noted that the plates are only changed 3 times a year 2 flies killing devices were not equipped with glue plates unlike the others (N° 510 and 519).",05.09.2024,6,Locked: 30.06.2025,
12259,016F5A4F,Fromagerie Perreault-site d'Azé,"6, rue de Béllitourne",Château Gontier,52204,France,Fromagerie Perreault,53204,IFS Food,08.07.2025,"REQUIREMENT 2.3.9.4
 During the audit, the X-ray PRPo was not under control on the cheese-cutting packaging line:
 1. At the auditor's request, the 3 tests (stainless steel, glass and rubber) were carried out and none of the lures were detected by the X-ray.
 2. The program used to parameterize the RX was not that of the product in production, but that of another product packaged the day before. As a result, the RX was not functional throughout the day's production.
 3. The RX monitoring documents were filled in with the words ""compliant"" for the 3 tests (stainless steel, glass and rubber), whereas the tests had clearly not been carried out, and this for the two tests carried out that morning.
 A major non-conformity is therefore attributed.",19.11.2024,4,Locked: 08.07.2025,
12415,59A46809,Edwin Grasmehr GmbH,Brückenstrasse 48,Weilburg,D - 35781,Allemagne,,,IFS Food,04.07.2025,"During the unannounced IFS Integrity On-site Check on 27.06.2025, 1 non-conformity (1 Major) was identified in relation to the standard requirements of the IFS Food Standard.
 Affected requirement: 4.8.2 Major: In the ground floor packaging, above the Webomatic machine, there is an evaporator directly above the shelf on which the finished sausages are placed before they are put into the packaging. Dripping water was clearly visible on this evaporator during the audit. The evaporator was unclean.
 It cannot be ruled out that dripping water can drip onto the finished product, Ready to Eat, before it is packed.",26.02.2025,1,Locked: 04.07.2025,
13155,77C0BA65,Mineralbrunnen Teinach GmbH,Badstraße 41,Bad Teinach,75385,Allemagne,,,IFS Food,27.06.2025,"KO 4.12.1:
 On the first day of the audit, 0.7-liter medium mineral water bottles were produced on line 4.
 After the empty bottles are cleaned, they are inspected as the only measure for checking the bbottom (contamination). 
 
 During the audit, several glass shards were found in the inspector in various areas. There is no procedure for dealing
 with broken glass in sensitive areas. It was not possible to determine when the glass broke, and there was also no approval after glass cleaning. The company does not carry out a full bottle inspection at the end of the line.",26.08.2024,8,Locked: 27.06.2025,
13747,217A2B10,"MANUFACTURAS CEYLAN, S.L.","c/ Traginers, nº 6. P.I. Vara de Quart.",Valencia,46014,Espagne,,,IFS Food,27.06.2025,"Mayor NC 4.12.2:
 Company has established several preventive measures to avoid the possible risk of physical contamination coming from foreign bodies in final products such as the installation of sieves, filters, magnets and metal detectors. 
 But during the plant visit, a plastic hose was observed at the exit point of the mixing equipment P3 zone A, just above the bucket containing already-sieved final product ready to be packed. The hose had missed pieces of plastic, which could potentially fall into the sieved product. Although no presence of plastic fragments was detected in the final product, this reference does not undergo any further processing steps, such as additional sieving.",31.07.2024,10,Locked: 27.06.2025,
14069,9D1D0F08,LOYEZ WOESSEN .,"ZA Rue Saint Patrick,",Phalempin,59133,France,,,IFS Food,30.06.2025,"KO on 4.18.1: 
 During the audit on June 25, 2025, it was noted that recycled butter (production day of June 19, 2025, batch 7027698) was reincorporated into Silo 2 but was recorded as being reincorporated into Silo 1, therefore into different products. This represents a recording error and loss of traceability. The silo registration document, which incorporates the recycling, is the only written record available to track the traceability of these recycling operations. 
 There is also no traceability monitoring for the sunflower oil used to soak the butter drill bits after cleaning (direct product contact).",09.07.2024,4,Locked: 30.06.2025,
15132,CE64392A,LES DUCS DE GASCOGNE SA .,ROUTE DE MAUVEZIN - BP 13,GIMONT CEDEX,32201,France,,,IFS Food,30.06.2025,"Major NC on 4.3.2 : During the traceability test, it has been found that the recipe for the specialty made from foie gras with Espelette pepper batch 1210110GDDM01.10.2028 chosen for the test (private label product) did not contain alcohol (port, armagnac, wines), in accordance with the recipe validated with the client on 23.07.2024. However the label affixed which has been validated with the client on 02.09.2024 mentioned the presence of these ingredients. The label of the finished product is therefore not in line with the ingredients in the recipe and therefore non-complaint with regard to EU regulation 1169/2011.
 It should be noted that this contract was a spot contract for delivery at the end of November 2024 (S47), that there were 7 production batches that also respected the validated recipe, that there has been no production since October 4, 2024 and that the products in stock on the site have been in discarded status since December 2024 (837 units).",09.08.2024,"1, 2, 4, 5, 7",Locked: 30.06.2025,
15370,E2103FFD,Walter Lang GmbH,Am alten Sicherheitshafen 2 - 4,Bremen,28197,Allemagne,,,IFS Broker,04.07.2025,"The company trades in nut butters in consumer packaging, among other things. During an extraordinary audit on 3 July 2025, the following non-conformities were identified:
 
 Requirement 2.3.1: KO
 The company sells a nut butter and is a contractual partner of a retailer. There was an out-break of Salmonella infantis in a nut butter, which was directly linked to this product by the Robert Koch Institute. In Germany alone, 52 infants were affected. The retailer's valid HACCP plan dated 26 April 2024 does not take special consumer groups into account. The product was not pasteurised and the corresponding microbiological hazard posed by pathogenic microorganisms was not adequately identified. The declaration does not contain any infor-mation indicating that the product is not suitable for specific consumer groups.
 The broker´s HACCP plan does not consider which process parameters need to be reviewed regularly to ensure product safety. There is also no risk assessment as to whether a written agreement on the reporting of incidents needs to be established.
 
 Requirement 5.5.2: KO
 There is no contractual provision specifying how the company is to be notified of incidents at the producers. This meant that essential information could not be passed on to the customer. In the present case, the first incident occurred at the producer on 13 March 2025. 
 
 Requirement 5.7.2: KO
 On 13 March 2025, the manufacturer produced a batch of nut butter that tested positive for salmonella. The product was withdrawn at the behest of the authorities. The retailer was informed of the blocking by the producer and, according to its own statement, did not inquire about the cause. Even the suspected case of 14 April 2025, which was proven to have come to the broker's attention and involved a product with a manufacturing process comparable in terms of food safety, did not lead to a corresponding root cause analysis with subse-quent information being provided to the retail customer. Corrective actions were therefore not taken and fulfilled as quickly as possible.",27.01.2025,"1.5, 1.6, 1.8, 1.9",Locked: 04.07.2025,
15984,AAA74CB4,Kőröstej Kőröstetétleni üzeme Kft.,Abonyi út 2,Kőröstetétlen,2745,Hongrie,,,IFS Food,07.07.2025,"During the audit completed on site on 2,3,4 July 2025 the following KO and NC mayor were identified:
 
 KO 3.3.2: Several workers have been worn clothes dedicated to clean zone production area in the yard.
 - In the cardboard packing area of the sliced and grated cheese products the employees wore one-usable green coats during the audit which is dedicated to the high hygiene control slicing and grating area. The two areas are separated by each other so in the cardboard packing area it is not required to put on these clothes, also because this room can only be accessed via the finished goods warehouse.
 
 NC major 4.8.2_The employee responsible for the smoking step (filling the smoke generator) was also handling the removal of semi-finished products from the conveyor belt to the drying racks. During the inspection, the employee was observed scraping tar residues from the bottom of the generator equipment using a wooden stick, placing it into an open bucket containing a mixture of water and tar. The employee did not change clothing when returning to the conveyor belt of semi finished products, only took on a one-usable nitrile glove.
 The hygiene conditions of the room were found to be inadequate:
 - tar residues were present on the surfaces of the equipment, nearby walls, and floor,
 - the tiled floor around the equipment was damaged and cracked in several places,
 - no cleaning records were available for the room or the smoke generator, so it cannot be verified when the last cleaning took place,
 - the employee’s clothing and footwear were visibly dirty.
 These conditions present a risk of cross-contamination to the semi-finished products.
 
 NC major 4.12.2.2: - The PE/PP nets used for the processing step of draining the cheese were found to be damaged in several parts, with visibly missing plastic fragments, indicating possible detachment prior to the audit. During the inspection, these nets were being used to store semi-finished ""parenyica"" cheese.
 According to procedure ""SZ-8.0 Prevention of Foreign Body Contamination"" (dated 01 July 2024), the condition of such equipment must be checked daily. The most recent inspection records indicated that the nets were in acceptable condition. Shift supervisors are responsible for conducting daily visual checks.
 - The sponge used to wash the fermentation trays was worn out and in poor condition. Due to the nature of the sponge, it is difficult to notice when a piece breaks off
 
 
 NC MAJOR 4.14.3 : - In the temporary chilled storage area linked to production, a container was used to store packaged cheese products intended for further processing. 
 However, there were also cheeses that had fallen out of their packaging and were visibly moldy among the packaged products awaiting use inside the container, which could contaminate the product during material handling and unpacking.
 - Finished product warehouse is crowded, pallets were stored even on the corridors such way that some chilled warehouse areas (nr V.) could not be reached during the site tour.
 - In one of the finished product warehouses, on top of the crates of grilled cheese already in their primary packaging, there was a yellow crate stored, which is used in the plant as a base crate for storage of other crates on the floor.
 - A wooden slat was stored with packaged Raclette cheese (batch id 4274250909), which was stored in one of the chilled storage area for further processing.
 - Labels of finished products are stored in a separate warehouse building but they were not covered. The labels are brought into the production area where open products are also present.
 
 NC MAJOR 4.14.5: In the temporary chilled storage area linked to production, a container was used to store ""gomolya"" cheese from a partner facility intended for further processing. One of the bags had a washed-off identification label, making the product unidentifiable. Another bag (batch ID: H5139/06) had a best-before date of 18 June 2025, which had expired, yet the product was neither labelled as expired nor segregated.
 
 NC MOJOR 5.11.3 The corrective actions formulated by the company are not always effectively implemented, as the same non-conformities were observed during this audit, the internal production audit conducted on 2025.05.21., and the official inspection by the authorities on 2025.03.11. Recurring examples include unidentifiable materials in the production area and spiderwebs in the additive warehouse.
 The same deviation occurred on 4.14.3 as last years audit, warehouses were crowded with limited access to some areas.",02.09.2024,4,Locked: 07.07.2025,30.07.2025 - 31.07.2025
20757,C559C6F7,AGRÍCOLA D'ALBATÀRREC I SECCIÓ DE CRÈDIT S.C.C.L.,"CTRA. D’ALFÉS, S/N",ALBATARREC (LERIDA),25171,Espagne,,,IFS Food,27.06.2025,"During the IFS Food v.8 audit performed from 25 to 27 of June 2025, was detected two Major Non Conformities. 
 Requirement 2.3.9.4. Description: Although there is a register for post-harvest treatments online (Reg. 50 ‘Register of post-harvest phytosanitary treatments’ Edc. 2 date: 22/06/2020), the treatments carried out during 2025 have not been recorded, making it impossible to verify the product used, the doses, the quantities applied or the batches of the products used. 
 Requirement 4.12.3. Description: During the visit to the plant, a lack of control of the chemical products present on site was observed. The following was observed: 
 * The cupboard where chemicals for maintenance are stored is open, accessible to all personnel. 
 * Some bottles of chemical product for phytosanitary treatments in the field are observed, without control, in the area of pre-calibration / dumping of raw material to the selection line. No member of the company was able to determine who had placed them there or what their purpose was. 
 However, there is no risk of contamination of the raw material because the product is below the line through which the product is transported.",02.08.2024,5,Locked: 27.06.2025,
24938,0D02C7F2,SFB Fleisch- und Kühlcentrale GmbH & Co. KG,Industriestrasse 22,Holdorf,49451,Allemagne,Vion GmbH,86807,IFS Food,27.06.2025,"Major in 4.8.2:
 An unsatisfactory cleaning status was found in the establishment. The machines/ equipment in contact with open foodstuffs were dirty. Moving machine parts/ defective plastic parts above open product showed unacceptable damage/ soiling and possibilities of contamination with foreign bodies for open meat. The hygienic environmental conditions of the invert/ invert process were unacceptable. The records of the self-inspection concept did not reflect the actual conditions in Production. The declarations of conformity for stretch film with direct product contact described that the user must ensure that the film is suitable for the intended use. An investigation into this was not available. In the cold storage area with goods packed in cardboard boxes, mouse droppings were found on the wall behind a pallet.",19.08.2024,1,Locked: 27.06.2025,
27260,8706DCF9,ZIV Ltd.,Kamchia str. 8,Balchik,9600,Bulgarie,,,IFS Food,03.07.2025,"As of today (03.07.2025) Certima BV withdraw the certificate number IFS- 01308 of client ZIV Ltd., 8, Kamchia Str., 9600 Balchik, Bulgaria, COID:27260
 
 Reason: Company ZIV ltd Balchik had an IFS Integrity onsite check on 27th June 2025. 
 During the onsite check 2 Major nonconformities were observed and raised by IFS IP auditor.
 
 Major on 4.12.2:
 In the scope of foreign body management, the following deviations were found:
 - Cracked paint on the ceiling in the kitchen area at line no. 3 - the damage was above the dough feeding device so contamination cannot be ruled out.
 - Damage to the ceiling in the kitchen area of the biscuit production line 5 - at the time of the audit, semi-finished product production was taking place there.
 - Damage to seals and chipping of paint at small mixers that were not in use at the time of the audit, but had been used recently, as indicated by residue on the equipment. According to the statement, these mixers are used for production trials, but it cannot be ruled out that they are also used to prepare the mass used in standard production.
 - Damage to the glucose container in the kitchen area of the biscuit production line 5 - at the time of the audit.
 - Significant damage to Plexiglas on a line not in use at the time of the audit and minor damage on line 3 - not recorded in the foreign body control register.
 
 Major on 4.13.2:
 The pest control system is ineffective. Numerous flying insects (flies, midges, moths) were found flying in various areas including the dough preparation areas where there is a risk of product contamination. Several moths were caught in each of the pheromone traps checked. No pheromone traps were installed to monitor pest activity in the flour raw material storage areas and in the finished product storage area. According to the plan, there is a pheromone trap at the flour silos, but it was not shown during the IOC. The company stated that the insect problem appeared in recent days. According to the protocol, no increased pest activity was observed during the last visit of the external DDD company.",24.02.2025,6,Locked: 03.07.2025,
27634,EC776B83,FORTIS d.o.o.,Industrijska bb,Bojnik,16205,Serbie,FORTIS d.o.o.,11000,IFS Food,07.07.2025,Fire in chamber with goods. Detailed information will follow. (07.07.2025),22.07.2024,5,"Locked: 07.07.2025, Unlocked: 08.07.2025",
33170,C36268A5,Bodegas Esteban Martin S.L.,"Camino Virgen de Lagunas, s/n",Alfamen (Zaragoza),50461,Espagne,,,IFS Food,24.06.2025,"KO has been raised in clause 2.3.9.1 during re-certification audit on 23.06.25:
 According to the risk analysis carried out, the company has identified wine microfiltration and rinsing (bottle washing) as a CCP in the case of bottling wine in glass bottles. 
 A visit was made to the production area to see the bag-in-box wine bottling process during the first day of the audit; only the microfiltration CCP (CCP1) applies. 
 Wine has already started to be bottled and a record of the controls performed is requested. In the case of CCP1 microfiltration, which is defined to be controlled at the beginning, middle, and end, it is observed that nothing has been noted in the corresponding record FPR/03-08 rev_4. The CCP record is empty at the time of the on-site evaluation (approximately 13:10h) and there is no evidence that the PCC has been under control since the start of production (approximately 11:00h).",08.08.2024,8,Locked: 24.06.2025,05.08.2025 - 06.08.2025
33211,BEF0C1D8,"JUAN LLORENTE, S.L.","CTRA CL 601, PK. 79,100",CARBONERO EL MAYOR-SEGOVIA,40270,Espagne,,,IFS Food,30.06.2025,"During the recertification audit, the following major nonconformity was detected in requirement 5.10.3.
 
 During the visit to site 3, in warehouse 1 there were 2 boxes strapped with film, one from lot 4937 Map 2223 returned from Aro Ibe Serr and the other from lot 2055 Map 4023, with the presence of “piojillo”, which has not been registered and is not being managed.
 At site 2, in the large drying shed there was a pallet with 5 boxes, 10 pieces of boneless ham from lots 4527, 4526. Vacuum-packed in a bag with Sola brand, Centro de Jamón de Cebo Ibérico denomination, and the words Jamón de Cebo Ibérico 50% Iberian breed, identified as commercial samples and strapped with black plastic film. These 10 bone-in and sealed pieces were sold to a Crisg customer with Product Conformity Document No. 24-334.
 On 03-10-2024, the 10 boneless and vacuum-packed pieces, a total of 80 kg, were returned by the customer, although this customer return had not been processed as of the date of the audit, it was a vacuum-packed boneless ham.",09.08.2024,1,Locked: 30.06.2025,
34309,AF7FA31F,Brient SAS,ZA les Fontenelles,MORDELLES,35310,France,BRIENT SAS (Direction Générale),35310,IFS Food,08.07.2025,"KO on 3.2.2
 During the field audit of the sensitive deli slicing area and the sensitive salad area, a number of discrepancies were noted in the understanding and application of defined hygiene rules:
 - Wearing masks under the nose instead of over the nose, observed on 4 employees and one maintenance contractor during an intervention.
 - Plastic disposable sleeves not worn by 4 employees
 - Top of uniform not completely closed for 2 employees
 - Failure to remove disposable PPE gloves, sleeves and aprons before contaminating operations, observed on 2 occasions.
 - 4 employees wore hairnets in the break room (unauthorized practice).
 These various points lead to a KO rating.
  
 Major NC on 1.2.4
 During the field audit of sensitive slicing areas, rules of good practice specifically defined by the company to control the listeria hazard were found not to have been applied:
 - Barrier rule ""Control of the return of non-conforming products between the grey and white zones"": on 4 occasions, the rule was found not to have been applied: 1 bin overflowing with UVCs on the sensitive side of the line, insufficient disinfection of waiting UVCs, disinfection by stack rather than by unit, a full bin on the grey zone side not reprocessed before the morning shift left.
 - Barrier rule: ""Control waste flow by closing waste traps"": waste trap blocked by a surplus of black garbage can liners when the morning shift leaves.
 Other poor practices that could lead to microbiological contamination were also observed: waste garbage can stored next to waiting sliced products on line 23, roll of waste bag stored on the thermoforming machine on line 25, small equipment disinfection bins on various lines shown to be insufficiently filled, with incomplete disinfection of knife handles.
 All these observations lead to a major NC rating.",21.11.2024,"1, 7",Locked: 08.07.2025,
34475,5BFF5783,Brient SAS,Lieu-dit Saint Laurent - ANTRAIN,VAL-COUESNON,35560,France,BRIENT SAS (Direction Générale),35310,IFS Food,08.07.2025,Head office audit with KO on 3.2.2 and Major NC on 1.2.4.,17.04.2025,1,Locked: 08.07.2025,
34899,89F4D633,Florette Hortícola Canarias S.L.U,C/ Los Llanillos 1. Pol. Ind. Las Majoreras,Ingenio (Las Palmas),35259,Espagne,Florette Ibérica,31320,IFS Food,25.06.2025,"IFS Integrity Audit with 2 majors
 4.9.1.1 The premises in the reception area, cutting area, white room of salad bags are not designed, constructed and maintained to ensure food safety as the floor is cracked, rough, broken or missing the top layer in several places. This fact was detected in previous Certification Body audit.
 
 4.10.2 Some points with an inadequate state of cleanliness were observed:
 - Mold growth on the ceiling located over plastic coils partially used (not fully protected). Some water drops, probability from cleaning activities, fall in this area.
 - Water & dirtiness accumulation observed in the protection tray located in the packing equipment number 1. 
 The above situation can suppose a risk of contamination of the product.",27.11.2024,"5, 6, 2007",Locked: 25.06.2025,
34990,E4650D9C,Spedition Schmelzer GmbH,Binger Str. 33,Gensingen,55457,Allemagne,,,IFS Logistics,07.07.2025,"Requirement item 5.9.2. 
 Non-conformity: 
 In the 2024 recertification audit, there was a C rating for requirement item 5.8.2 (version 2.3) due to corrective actions from 2023 that had not yet been implemented for requirement items 4.2.1ff, 5.7.1, 6.1.2. 
 In the current review of the corrective actions from the 2024 recertification audit, the non-implementation of the corrective actions was again identified for the following deviations: 
 -Deviation 1.3.1 (4.1.1 after version 3): 
 The procedure for determining customer satisfaction was created. The corrective action in the form of a quarterly, documented review of the identified customer needs and implementation of the resulting customer solutions was not carried out. The corrective action was subsequently considered by the company to be unsuccessful, but no alternative corrective action was implemented. 
 -Deviation 6.1.2 (4.5.4 after version 3): 
 Transport was integrated into the product protection hazard analysis. The alarm test did not take place in 2024 and until the 2025 audit. 
 Furthermore, with regard to the defined corrective action for the deviations of requirement points 4.2.1.5 (4.7.1.3 according to version 3) and 4.2.5.4 (4.9.3 according to version 3), it was found that this was not implemented on time. The corrective action ""Development of a concept for proper storage including cleaning and disposal"" was scheduled to be completed by 31 December 2024. This concept was actually developed by 14 March 2025, but not effectively implemented, as shown by the numerous deviations in this year's audit with regard to hygiene and order.",29.07.2024,"1.1.10, 1.1.11, 1.1.6, 1.1.8, 1.2.1, 1.2.2, 1.2.3, 2.1.10, 2.1.11, 2.1.6, 2.1.7, 2.1.8, 2.2.1, 2.2.2, 2.2.3","Locked: 07.07.2025, Unlocked: 07.07.2025",
34990,E4650D9C,Spedition Schmelzer GmbH,Binger Str. 33,Gensingen,55457,Allemagne,,,IFS Logistics,07.07.2025,"Requirement item 5.9.2. 
 Non-conformity: 
 In the 2024 recertification audit, there was a C rating for requirement item 5.8.2 (version 2.3) due to corrective actions from 2023 that had not yet been implemented for requirement items 4.2.1ff, 5.7.1, 6.1.2. 
 In the current review of the corrective actions from the 2024 recertification audit, the non-implementation of the corrective actions was again identified for the following deviations: 
 -Deviation 1.3.1 (4.1.1 after version 3): 
 The procedure for determining customer satisfaction was created. The corrective action in the form of a quarterly, documented review of the identified customer needs and implementation of the resulting customer solutions was not carried out. The corrective action was subsequently considered by the company to be unsuccessful, but no alternative corrective action was implemented. 
 -Deviation 6.1.2 (4.5.4 after version 3): 
 Transport was integrated into the product protection hazard analysis. The alarm test did not take place in 2024 and until the 2025 audit. 
 Furthermore, with regard to the defined corrective action for the deviations of requirement points 4.2.1.5 (4.7.1.3 according to version 3) and 4.2.5.4 (4.9.3 according to version 3), it was found that this was not implemented on time. The corrective action ""Development of a concept for proper storage including cleaning and disposal"" was scheduled to be completed by 31 December 2024. This concept was actually developed by 14 March 2025, but not effectively implemented, as shown by the numerous deviations in this year's audit with regard to hygiene and order.",29.07.2024,"1.1.10, 1.1.11, 1.1.6, 1.1.8, 1.2.1, 1.2.2, 1.2.3, 2.1.10, 2.1.11, 2.1.6, 2.1.7, 2.1.8, 2.2.1, 2.2.2, 2.2.3",Locked: 07.07.2025,
36748,81C08D47,Dufina nv,Grote Baan 53,Lovendegem,9920,Belgique,,,IFS Food,07.07.2025,"A major non conformity was raised on requirement 4.14.3 : t 4.14.3: During the assessment of the production areas, frost was observed at the bottom of the large freezer (""diepvries opslag"") in a palox containing raw meat intended for the production of smoked bacon. This meat will not be cooked during the rest of the process. The meat in the ""Dolav"" was not properly protected. As a result, the meat was in contact with the frost.
 Similarly, frost detached from an area of the freezer ceiling and fell onto smoked breasts temporarily stored on several trolleys to stiffen them before slicing.
 This situation presented a risk of product contamination.
 In addition, the material flow for this freezer did not include the flow of raw meat (for lardons) but only that of smoked bacon.
 
 The company immediately took the necessary steps to rectify the problem: eliminating the incriminated products, installing protection for the products stored there and moving the trolleys to an area of the large freezer dedicated to stiffening and free of frost.",14.08.2024,1,Locked: 07.07.2025,
36785,63A44ADD,DMDS SA,Rue Martin Legros 30,Malmédy,4960,Belgique,,,IFS Food,10.07.2025,"During the production visit, it was noted that :
 • CCP 5 ‘Metal detector’ has not been the subject of records of passage tests since 13 June 2025.
 • CCP1 ‘pH of dried products’ has not been the subject of records of the final weight loss after drying since 26 June 2025.
 These two failures to comply with the records specified in the HACCP study make it impossible to effectively demonstrate the control associated with these 2 CCPs.",22.08.2024,1,Locked: 10.07.2025,
37219,CB7BD10C,"BREYBEAU NV, site Gavere - Breydel .",Industriepark Legen Heirweg 2,Gavere,9890,Belgique,,,IFS Food,03.07.2025,"KO 1.2.1: During the audit it became clear that the integration of the employees of the site of Tradelio in Oudenaarde which moved partly to the site of Breydel, were not yet integrated in the company. Lack of communication and lack of presence of the senior management on the work-floor caused a serious breach in the Food safety culture within the company. It became clear that several employees were somewhat lost within the company and not aware of any risks within the company and the need to report these. Senior management itself was not aware of this gap, since focusing on the integration of the 2 IT-systems and not on the processes on the floor and communication within the company of any issues.
 
 KO 2.3.9.1 monitoring of CCP metal detection and management of the temperature control of the finished goods via the CCP 2 (temperature of cooled rooms) was not under control. 
 
 Major 4.9.4.1: in the shock-cooler for the products after cooling, some dripping condensation was observed when the ventilators were activated. Directly under the dripping, products were covered, but a bit further unpacked products were present and micro-drips could reach this products due to high ventilation flow through this shock-cooler.",18.07.2024,1,Locked: 03.07.2025,
37830,E2C85D59,SuiCo EOOD,Malashevska str. 16,Sofia,1202,Bulgarie,,,IFS Food,23.06.2025,"Major on 4.19.2 
 The company manufactures some products with “Gluten free” claims. During the IOC “Gluten free” Macaroni was packed. The following bad practices were observed during the IOC: 
 - The “Gluten free” claimed Macaroni was loaded into a hopper of the packaging machine. Right above the hopper of the packaging machine a mixer was situated (the unloading pipe of the mixer was right above the hopper of the packing machine. The mixer (used for mixing gluten containing muesli) was not fully cleaned after the last use, cereal powder remains were seen in the unloading pipe. Also, cereal particles were seen inside the mixer. Although the Macaroni hopper was lidded, the lid needed to be open and removed while manually loading the hopper. Cross contamination from gluten containing cereal powder from the mixer could not be excluded. 
 - Although there was a written instruction for cleaning after allergen containing materials (WI 3-03 dated 06 JUN 2023), this referred to the general cleaning instruction WI 3-01. No validated cleaning is applied before starting production of “Gluten free” claimed products. 
 - No specific rules are applied for operational personnel when processing “Gluten free” claimed products (e.g. as a general rule, employees are allowed to eat in their working clothing in the canteen area). 
 - Although gluten tests are carried out in external laboratory every half a year from “Gluten free” claimed products, no other tests have been performed to validate and regularly verify the production environment (e.g. gluten tests from production surface to validate and regularly verify the cleaning effectiveness). 
  
 Major on 4.3.2 
 During the traceability exercise and vertical audit, the labelling of the La Garone Muesli Chocoholic 350g was checked. It was found that the product contains Banana Chips as one of the ingredients. According to the specification for this Banana Chips, this material contains: 76% banana, refined coconut fat, sugar, honey, flavouring. On the packaging foil of the product this Banana Chips was indicated as “banana chips 5%”, however the ingredients of this Banana Chips were not listed in brackets. This does not comply with Regulation EC. 1169/2011 
  
 KO on 4.12.1 
 The risk of contamination with foreign bodies could not be excluded. The following situations were seen during the IOC: 
 - At loading Hoppers No. 4 and No. 5, it was observed that the lids of the hoppers were placed on the floor while hoppers were manually filled. One of the lids touched a 
 cleaning broom and a dustpan. 
 - In the feeding hopper of the Muesli Mixer there were two bags of parboiled rice found. 
 Remark: this machine was not in operation. 
 - In the feeding hopper of the Parboiled Rice Packing Machine a sieve was seen which did not cover the whole hopper, there were gaps ca. 3-5 cm between the sieve and the wall of the hopper. Furthermore, the mesh of the sieve was damaged. This did not ensure effective sieving. Remark: this machine was not in operation. 
 - At the Packing Machine for Spices, above the open feeding hopper the gearbox with open chain was observed. This gearbox was above the open hopper without any protection. 
 - The sealing material / gasket on the inside part of the lid of the hopper of the Risotto 
 Mixer was damaged, parts were missing. 
 - Some uncontrolled screws and bolts were seen on the top of one of the electric boards at the Risotto production area. 
 - At the Macaroni Packing Machine, the sealing material / gasket on the feeding pipe started to detach. This pipe was above the open hopped. 
 - The holding structures above the BETI Packing machine above the open feeding / dosing hoppers were not in good condition: rusty parts, peeling paint, dirty surfaces were observed. 
  
 Major on 5.5.2 
 At Packing No. 5. Rice was packed into 10 kg bags by an automatic dosing system. There were no records about weight control. The production checklist was not filled at all. When IP Auditor returned ca. 2 hours later the checklist was still not filled. There was a balance in this room, and according to the operator’s explanation this is used to check the weight. This balance was not calibrated/metrologically approved.",21.10.2024,"5, 6, 10",Locked: 23.06.2025,
38583,715A5CE3,Prodotti Alimentari Fioravanti & C. S.r.l. Srl,"Via Piane Tronto, 5",ANCARANO (TE) ABRUZZO,64010,Italie,,,IFS Food,11.07.2025,"During the Integrity On-site Check of 09/07/2025, 4 non-conformities were identified against the following IFS-Food v8 requirements as follows:
 • 2.3.9.1* KO N° 2, NC Level: KO -D
 • 3.2.2* KO N° 3, NC Level: KO -D
 • 5.5.2, NC Level: NC Major
 • 5.11.3* KO N° 5, NC Level: KO -D",02.01.2025,"5, 7",Locked: 11.07.2025,
38906,"1,20E+07",La Noix Gaillarde SN EURL,Gare d'Aubazine,Saint Hilaire Peyroux,19560,France,,,IFS Food,07.07.2025,"Major NC on 2.1.2.1 : An internal audit was subcontracted on 13/01/2025 to an external auditor. The 1st audit report presented to the auditor made no mention of the major NC and the KO assigned by the external auditor in the internal audit summary paragraph. 
 Following the insistence of the auditor for the current certification audit, the initial audit report sent by the external auditor was presented and did indeed include a major NC and a KO. The report had therefore been modified.",05.09.2024,"5, 6",Locked: 07.07.2025,
41707,3AD002CA,KALOGERAKI BROS SA,"Kalogeraki site, Smari Pediados","Heraklion, Creta",75100,Grèce,KALOGERAKI BROS SA,75100,IFS Food,07.07.2025,"During the IFS audit (01-03/07/2025) 4 MAJOR Non conformities were recorded .
 1) 3.4.1 . The lockers were not repaired and cleaned after the finding of last audit(2024) including the walls in that area. This re-occurring finding is downgraded from ""D"" to ""Major""
 2) 4.17.4. The equipment for mixing the ingredients of dairy dessert -edesma -(two receiving tanks for dry ingredients, connected with the batch stirring tanks) are located in a covered but external area (open to the outside environment from the east side of the building). The same area is used for milk reception. The mixing equipment had no covers and obvious insect contamination (flies)
 3) 5.5.1. The company due to a technical issue doesn't have consisted records of the weight checks(automatic reports from weighing devices) according the legislation of EEC 76/211 for e
 There is a record (Ε46) for checking nominal weights. The record was audited during a traceability test on Graviera PDO 250g (Own brand Kalogerakis) with lot 2101251 and the ""e"" logs for weight checking was not found. After that finding, the whole record was checked and multiple lot numbers of products did not had the associated records regarding the ""e"" weigh checks.
 4) 5.11.4 . The effectiveness of the implemented corrections and corrective actions of previous assessment have not been assessed properly
 The observations of previous assessment (2024) have been closed except (1.3.1, 3.4.1) that were downgraded in the scoring of this audit (grade ""D"" and ""Major""),.Also other issues categorized on same IFS requirements with the previous audit(2024) have been raised (4.9.4.1, 4.10.5 & 4.14.3) but the findings were regarding different processing areas or other topics.
 5 observations from previous audit(2024) have partially or not resolved in overall evaluation of effectiveness of corrections and corrective actions.",13.08.2024,4,Locked: 07.07.2025,
41973,C1317A12,Cárnicas Mirotz SL,"C/ Lermandabide, Nº 3","Vitoria - Gasteiz, Álava",1015,Espagne,,,IFS Food,01.07.2025,"A KO was raised during the audit on June 30, 2025.
 Description of the KO:
 Clause 4.18.1:
 “During the visit to the facilities we found that in the final product chamber there were several boxes without identifying the type of product, lot or expiration date. An attempt was made to perform a mass balance, since the company claimed that the lot corresponded to the last order placed, but it was not possible to find the production order, so it was not even possible to trace anything or see quantities.”",09.08.2024,1,Locked: 01.07.2025,
45363,192B943F,Boudier Logistics GmbH,Lichtenkopfer Weg,Bexbach,66450,Allemagne,,,IFS Wholesale / Cash & Carry,03.07.2025,"4.12.1 Major: A closed, brand new snap trap box was located in cold store 1 without any labeling. A record of the daily visual inspection was not kept. The snap trap is not recorded in the service provider's documentation. The snap trap was disposed of directly on site. According to the pest controller's records, the last time an infestation was detected indoors was in Aug. 2024.
 The origin of the snap trap or a reason for its placement could not be clearly explained in the audit.
 
 KO in 5.1.1: No deviations were identified during the internal audit. With regard to the deviations identified during the certification audit, the internal audit was not carried out effectively.
 
 KO in 5.11.2: The following corrective actions agreed in the 2024 recertification audit were not implemented in a targeted manner or on time:
 4.6.3.2 C Drains in the cold stores were not secured against the entry of pests 
 4.8.2 C The annual cleaning did not take place until CW 10/2024 but in CW17-2025 and was documented on the weekly cleaning form. During the 2025 recertification audit, despite basic cleaning, there were still considerable old dust deposits on walls in various areas 
 4.17.2 B The time management and quantity balance were not documented during the internal test. 
 4.17.1 B A process description for the traceability of the systems was set up and the 
 systems for storage and retrieval were described. The measure was not implemented until 08.05.2025, 
 although the deadline is 10/2024. 
 6.1.1.1 B The effectiveness of food defense - was not tested until 28.05.2025 instead of Sept. 2024 as agreed. 
 
 Finding 2025: 
 According to the pest controller's service report dated 26.05.2025, the company was informed on 13.03.2025 that the bait station RKS 33 (inside) is not accessible. No measures have been taken to date. The defect was still mentioned on the report dated 23.06.2025.",09.09.2024,"1.10, 1.1, 1.4, 1.5, 1.7, 1.8",Locked: 03.07.2025,
46033,78F574CA,LUCIEN GEORGELIN .,LA PRAIRIE DE LONDRES,VIRAZEIL,47200,France,,,IFS Food,23.06.2025,"MAJOR non-conformity on requirement 4.17.4:
 During the on-site visit, it was observed on the candy process, at the level of the candy paste rolling machine (machine for rolling the candy paste), significant wear of the paint on the metal plate in contact with the product at the end of the cylinders at the line inlet. Due to friction with the candy paste, the paint has been partly removed (polished) and the metal has been exposed. The candy paste observed on the machine was colored orange and the metal plate’s paint was also orange: almost identical color. Contamination of the candy paste is likely.",02.09.2024,"1, 4, 5, 6, 7",Locked: 23.06.2025,
47531,756F2359,INDUSTRIAS LACTEAS SAN VICENTE S.L.,"AVDA. DE LA LIBERTAD, 24",NAVATEJERA - LEON,24193,Espagne,,,IFS Food,30.06.2025,"During the IOC audit completed on site on 20-June-2025 the following Major NCs and KO were identified:
 
  4.8.3 MAJOR The company operates a clean room since February 2025, where the cheese is cut in wedges (with / without pre-cutting in portions). Cutting, packing and labelling had not been segregated until that date. There is a risk assessment for this requirement, dated on 01 FEB 2024, where the company concluded that the clean room was necessary for the activity to guarantee absence of microbiological contamination and shelf life. The defined range of temperature for the room 12ºC-16ºC. 
 The company had a “Procedure in case of failures” for the clean room, where some measures in case of malfunction in the climate equipment are described (IP-40, dated on 06 APR 2025). This was documented after a deviation in the last IFS audit, and it includes the following measures: 
 o Disinfection of surfaces every 30 mins and rinsing 
 o Reduction of the working time to 5 hours. 
 o Restriction in the personnel access. 
 On the day of the audit, the clean room temperature was 23.5ºC. The company stated the climate control equipment has been removed from the facilities and taken to the external supplier´s for a corrective maintenance, as it never worked correctly. The following was observed: 
 - There is no evidence that the equipment has been installed, nor taken back to the supplier´s facilities. A note was requested to the supplier, who sent it by e-mail during the audit, stating that the equipment was removed on JUNE 10th for corrective maintenance, and they expect to repair it in the following 10 days. 
 - There is no clean room installation evidence available. There is neither any evidence that this equipment has been included in the internal preventive maintenance plan, nor any record of corrective maintenance on the equipment. 
 - There is no temperature record available for this room. 
 - There is no environmental analysis in the room since the installation. They planned to do it in July-August. 
 Besides this: 
 - No intermediate disinfection was done during the time the auditor was on the area, as required in the “Procedure in case of failures”. 
 - No disinfectant gel was used at the entrance to the room. There is no hygienic sluice, and clothes are changed at the product labelling room to enter. 
 - In the “mini” packing line, the product (soft cheese 1 kg) was left on pallets and in the machine to be packed for more than 2 hours. This product is the most sensitive one (aW: 0,94). According to the risk assessment, the product should not be in the room for more than 1.5 hours. 
   
 4.13.2 MAJOR Despite the company has a pest control plan in place, the following issues were observed: 
 - Presence of drain flies and other insects in cheese production area, specially in the brine area, on the walls, floors and junctions area. The fly killer devices were full in the area. 
 - Cockroach wings were observed in the culture storage room, in production area. The company has applied a treatment for cockroaches in May 2025. 
 - Also, numerous birds and rodent droppings were observed in another external warehouse, where the company has another finished product cold chamber, and packaging materials storage. 
 - Pest control plan does not cover a separated warehouse building, that the company uses to store old machinery, debris, and all kind of objects. A dead rodent and a dead bird were found in this warehouse, as well as numerous rodent and bird droppings. The company states the warehouse is not in use, but white cheese containers were stored in the room, close to where the rodent and bird were spotted.",29.04.2025,4,Locked: 30.06.2025,
48673,2CAF2C51,Hoffnungstaler Werkstätten gGmbH,Sydower Feld 1,Biesenthal,16359,Allemagne,,,IFS Progress Food,09.07.2025,"In the IFS Food Audit by another CB, 3 non-conformities were identified, of which the following 2 valuations have an impact on the IFS Progress confirmation letter
 Major in 4.3.1: 
 The list of ingredients for mango vanilla fruit yoghurt (150 g) is written as containing 12 % mango puree. However, the mixture contains 20 to 22 %. The supplier specification dated 26/02/2024 states a mango puree content of 50%. This would mean that the end product contains 10 to 11 %, but not 12 %. The quantitative indication of ingredients that are of significant importance for the differentiation from other foods, as required in Art. 22 para. 1 FIR, has therefore not been implemented correctly.
 Major in 4.18.1:
 Production logs are used to document traceability within the company. The batch numbers of the packaging and the ingredients used are recorded in these logs. Two systems are used for recording:
 a) For ingredients that change frequently, a direct, handwritten note is made in the last production log (e.g. for the culture used).
 b) For ingredients that do not change frequently, the batch change is entered in an Excel spreadsheet and remains there until the next batch change. When the production log is printed out, the batch stored in the Excel spreadsheet for these ingredients (e.g. packaging material) is transferred to the production log so that it is also stored in the production log. The production log is the key log for traceability.
 During the inspection on 30 June 2025 (IFS Food), discrepancies were found between the batch numbers of packaging and ingredients in the warehouse and the batches stored in the Excel spreadsheet for 
 - 10 kg bucket: documented as P2513463, in store as P2509664 (both batches are from delivery on 23 June 2025), opened P2514635 (not listed on the last two dispatch notifications) 
 - Whole milk, 10 litre tube (tube, blue): documented batch number 17.06.2024, opened: 23.04.2025. More than 800 tubes are already missing here. Production 30/06/2025 (436 tubes), production 27/06/2025 (232 tubes) 
 - Laboratory: documented 44180404, opened: 50980004
 Therefore, traceability via the production logs cannot currently be ensured",28.05.2025,4,Locked: 09.07.2025,
49302,17F043F3,NTRA SRA DEL ROSARIO S.C.L (BODEGAS CAMPOS REALES) coop (SITE PROVENCIO),"Castilla la Mancha, 4",Cuenca,16670,Espagne,,,IFS Food,20.06.2025,"During the recertification audit, a major non-conformity has been detected in requirement 5.4.1:
 
 It is observed that the scale used for products packaged in BiB does not comply with the tolerance established in RD1801/2008. The step of the class III scale used is 10g, when it should be a maximum of 3 grams.",24.07.2024,8,Locked: 20.06.2025,
51866,11B506DA,Landmetzgerei Heinzelmann GmbH & Co. KG,Rainweg 2,Fluorn-Winzeln,78737,Allemagne,,,IFS Progress Food,04.07.2025,"Major 5.4.1:
 During the audit, it was found that the company does not use calibrated scales to check filling weights in the production of self-service portion sausages in sterile casings and meat salads in tubs. In addition, the random sample weighings for these products are not recorded to check compliance with the specified nominal filling quantity. This means that the pre-packaging regulations are not being complied with.",01.10.2024,"1, 5, 2007",Locked: 04.07.2025,
55598,D614C964,Malufra Sarl,Lot 364 et 365; Zone Industrielle,Taourirt,65800,Maroc,,,IFS Food,09.07.2025,Outstanding payments,19.03.2025,2,Locked: 09.07.2025,11.02.2026 - 13.02.2026
57527,E437EDF6,SPANIC EUROGROUP S.L.,"AV DEL CAMI NOU, Nº 245; POL. ZAMARRA","XIRIVELLA, VALENCIA",46950,Espagne,,,IFS Food,07.07.2025,"During the recertification audit, a major nonconformity is detected in requirement 5.3.2: When making samosas, the weight of the strips of dough used to make the samosa is checked (but not recorded). For loose samosas, weight control and recording are only carried out if they are packaged in bulk in a box with a plastic bag.
 There is insufficient recorded documentation to verify that the product contains 70% filling in other formats. For example, in the traceability product, there is no record of dough weight or samosa weight to perform calculations and verify that it contains 70% filling.
 For the quantity of meat (20% of the filling) with the production portion, this percentage can be verified; for example, in the traceability exercise, it would come out at 19.9%.",12.07.2024,7,Locked: 07.07.2025,
58829,B46C5FDB,Sulzberger Käserebellen Sennerei GmbH,Thüringerberg 110,Thüringerberg,6721,Autriche,,,IFS Progress Food,20.06.2025,Steam boiler out of operation,14.10.2024,4,Locked: 20.06.2025,
59174,C771023A,I.CA. Srl,Via Torre snc,Nissoria (EN),94010,Italie,,,IFS Food,07.07.2025,"During the audit completed on site on 1-2 July 2025 – 01 the following KO and NC mayor were identified:
 
 NC major 2.3.6.1 Hazard analysis Ed.2 Rev. 6 Annex 3 of 12.06.2025 the production process for lasagne alla parmigiana does not include the cooking and manual filling of the braising pan for the production of tomato sauce, Furthermore, the process for pre-cooked fried products does not include the manual loading of flour for battering, and the risk of allergens is not clearly formalised for the packaging process of assembled products.
 
 KO 2.3.9.1 Hazard analysis Ed.2 Rev. 6 Annex 3 of 12.06.2025 the production process for lasagne alla parmigiana does not include the cooking and manual filling of the braising pan for the production of tomato sauce, Furthermore, the process for pre-cooked fried products does not include the manual loading of flour for battering, and the risk of allergens is not clearly formalised for the packaging process of assembled products.
 
 NC major 4.3.4: The shelf life study for chicken cutlet product batch 5154439 RDP 221839 dated 29 January 2023 for time T0 reports the presence of listeria, although it is a ready-to-cook product. no validation and process control has been formalised to support the possible growth of listeria at 22 days (product expiry date).
 
 NC major 4.3.6 Nutritional value tests were carried out (lasagne alla parmigiana RDP6079 dated 28.07.20217), Salsiccia cacio e pepe L5187853 expiry date 06.02.2024 RDP 2024000231 dated 02.02.2024 reports a fibre content of 0, which is not in line with the product data sheet, which lists dietary fibre (as an ingredient), as confirmed by the data sheet for the ingredient itself (Fresco Glorioso technical data sheet of 24 December – fibre 7.2g/100g
 
 Nc Major 4.9.8.3: At the time of inspection, the protective grilles of the air conditioning fans inside the blast chiller showed signs of rust. Furthermore, the forced air duct in the battering machine had blackened areas that appeared to be mould due to humidity. In these areas, the product was exposed, with a potential impact on product safety
 
 NC Major 4.19.3 Allergen management procedure does not include a formal risk assessment of celery allergens derived from raw materials used in the company (Pistachio flour supplied by Calacxxx, technical data sheet Rev. of 01.01.2024, which reports the presence of celery), in the technical data sheet for the finished product Pistachio rolls 180g Skin of 30.01.2025, it only reports (Eggs, fish, soy, sesame seeds and their derivatives)
 
 NC Major 5.11.4: : At the time of the audit, the following non-conformities were not effectively managed: internal NC of 25 March 2025 regarding the management of water stagnation (verified on 1 April 2025 by RSA) in production, at the time of the on-site inspection on 2 and 3 July in some areas, e.g. the sectioning area and the cooking area, where there was still standing water that had not been removed, with no impact on the product. Furthermore, the non-conformities that emerged during the integrity programme for points 4.9.3.3 , 4.9.8.2 and 4.14.3 were still not managed",12.08.2024,"1, 7",Locked: 07.07.2025,
59762,5064A757,FLUFA SA,Rue H.-F. Sandoz 80,Tavannes,2710,Suisse,,,IFS Progress Food,25.06.2025,FLUFA SA is relocating. The address has been changed from Rue H.-F. Sandoz 80 in 2710 Tavannes to Rue de Pierre-Pertuis 43 in 2710 Tavannes.,21.06.2024,6,Locked: 25.06.2025,
60353,451C32D4,"MIDSONA IBERIA, S.L.U.","MAS MONTSERRAT, S/N.",CASTELLCIR (barcelona),8183,Espagne,,,IFS Food,24.06.2025,"Major Non Conformity Req. 4.9.3.1
 In relation to the condition of the floors, the following is evident:
 - The floor coverings of the finished product and semi-finished product blast chillers in Hall 2 do not meet the hygienic requirements for production. They are completely deteriorated (including the presence of grit in the finished product chiller due to excessive deterioration), which prevents proper cleaning and disinfection. Surfaces are not impermeable or resistant to wear and tear.
 - Partially deteriorated flooring (with chipping) in different locations (tofu curdling area, tempeh processing room entrance area and drainage area located between fryers).
 - Incorrect hygienic disposal of water on the floor of the blast chiller in Hall 1 and in the semi-finished product blast chiller in Hall 2; puddles of water have formed because the water does not drain directly into the drains. In the case of the floor of the chiller for semi-finished product in Hall 2, the puddles of water generated have crossed the door that is in direct contact with the freezing chamber and have generated ice formation on the floor of this chamber.
 - Presence of accumulated ice on the floor of the finished product freezing chamber in Warehouse 2 (under the evaporator).",13.08.2024,"5, 6, 2007",Locked: 24.06.2025,
62626,CDA3AFBB,Energique bv,Wetterkant 10,Gorredijk,8401,Pays-Bas,,,IFS Food,02.07.2025,"As of today (02.07.2025) Certima BV withdraw the certificate number IFS-01118 of client
 
 Energique B.V.
 Wetterkant 10, 8401GC Gorredijk, Netherlands
 COID: 62626
 
 Reason: During the audit conducted in period 23-25.06.2025, the auditor raised multiple Major and KO non-conformities.
 
 1.2.1 KO: Based on the site tour observations and the samples of documents and records reviewed during the audit it can be concluded the company’s management does not guarantee that employees know and implement their responsibilities. In the course of the audit a large number of critical non-conformities were found.
 
 1.2.2 Major: During the first day of the audit 3 different sausage-type products were in production, own brand RAW. One of the product had declared on the packaging a net weight of 450 g, marked with the ‘e’-sign. According to the local legislation, the company is required to have a formal approval by the government control authority to use the e-sign on pre-packed products. Currently the company does not hold such official approval.
 
 4.12.1 KO: During the site tour there were several observations where the risk of products’ contamination with foreign materials could not be excluded:
 - in the cooling chamber for meat ingredients thawing there were several pallets where products were in direct contact with wooden pallets that were in poor condition, including splintering parts; one of the pallets was colored with red paint, the company representatives could not explain what kind of paint this is, it was not clear whether it is suitable for direct contact with the meat products;
 - in the frozen storage chamber on number of pallets splinters of wood were seen (from the pallets stored on upper level racks);
 - during the visit in the meat preparation area cleaning between two batches (charges) in the meat grinder was observed; the operator was cleaning the floor and moving the floor water to the near drain, on the way back where cleaning tools are stored, the floor squeegee that was just used, was moved right above a pallet with open product prepared for the next meat mixing;
 - further cleaning operations in the same area executed in unhygienic way were observed – operator picking waste from the floor and handing it out to another operator, touching and moving the floor drain grid and further manipulation with products without changing gloves or hands washing;
 - during the visit in the production area, sausage line, on the casing filing machine, above the open feeding hopper, the motor of the near screw conveyor was seen rusty, with flaking paint;
 - the inside of the freezing tunnel was inspected after the machine has been cleaned – seen rusty grids on the fans, loose sealing between the wall and the ceiling, a built up of product residues on the bottom side of the conveyor;
 
 4.18.1 KO: 1) During the first day of the audit a traceability exercise was executed on product RAW Veterinary Diets Hypoallergenic 12 x 450 g, PD 31.03.2025, LOT B14-25, 2986.2 kg. The presented production documents show two charges of meat ingredients (1241 kg & 1221 kg) and two charges of dry and liquid ingredients have been prepared (1005 kg), to a total quantity of 3405 kg of semi-finished product before filling into casings. From the production records presented the total quantity of final products produced is 3069 kg. However the difference in the quantity of about 400 kg of prepared material before filling and after filling in cases could not be traced on the provided records and the company could not explain or identify that remaining material.
 2) During the site tour in the packaging storage area pre-printed labels were seen present. These bear the legally-required information for the products. These labels are not covered by the implemented traceability system – their usage is not recorded.
 
 5.10.1 Major: During the audit different products and materials were seen marked as blocked – e.g. final products planned for products for rework, raw materials, products blocked during the audit related to observed non-conformities. Besides the pallets being marked as blocked, no further records are kept on what the identified issues are, defined responsibilities, risk assessment or decision about further handling. The possible misuse of non-confirming products can not be excluded as there is no traceable data on the status of the non-conforming products.",01.07.2024,11,Locked: 02.07.2025,
62687,27BEA56C,CFROID SARL,7/9 AVENUE JEANNE GARNERIN,WISSOUS,91320,France,,,IFS Logistics,26.06.2025,"One Major non-conformity has been raised during the IFS Logistics version 3 audit on 25/06/2025:
 
 Major Non-conformity (requirement 4.10.1):
 The pest control contract signed with the service provider I. and dated 23/11/2012 states that there will be four visits per year, with “the application of appropriate raticide and insecticide baits authorized by the Ministry of Agriculture” and “bait placed inside secure containers listed on visit sheets”.
 The service provider’s last two visits were on 04/11/2024 and 02/04/2025. On 04/11/2024, Difenacoum was used outdoors at stations 26 and 27. And, on 02/04/2025, Difenacoum was used outdoors at stations 29 and 30. 
 Beyond the failure to comply with the contractual frequency of visits, no follow-up was carried out within 35 days, as required by regulations for the use of this type of AVK.",21.08.2024,"1.1.1, 1.1.2, 1.1.3, 1.1.4, 1.1.5, 1.1.6, 1.1.7, 1.1.8, 1.1.9, 2.1.1, 2.1.2, 2.1.3, 2.1.4, 2.1.5, 2.1.6, 2.1.7, 2.1.8, 2.1.9",Locked: 26.06.2025,
64166,3D03DEC6,JOSE MORALES S.L.,CC 3320 KM 29.6 Pol. Ind. Cotes,Algemesi (Valencia),46680,Espagne,,,IFS Food,09.07.2025,"On 21.06.25 a fire destroyed the entire production plant. 
 There was no product left in stock; only part of the office area was saved. 
 The causes of the fire are still unknown. It started at night during the weekend (plant not operational).",14.01.2025,9,Locked: 09.07.2025,03.12.2025 - 04.12.2025
67142,DBE5FEC4,Hanseatic Delifood GmbH,Osterbrooksweg 60,Schenefeld,22869,Allemagne,,,IFS Broker,10.07.2025,"In February 2025, during a routine inspection by a Swiss veterinary authority, listeria was detected in 25g of the product salmon offcuts best before 09.02.2025 (test report dated 21.02.2025). As the product had already passed its expiry date, there was no need for a recall. By order of the Swiss cantonal authorities, the product could no longer be distributed. The subsequent batches that were already with the customer were recalled and analysed; none of them were contaminated with listeria.
 The incident is to be regarded as a recall, but it was not reported to the certification body.",19.08.2024,"1,2",Locked: 10.07.2025,
67913,50FD104B,"BODEGAS CENTRO ESPAÑOLAS, S.A.","Carretera Alcazar, km 1",Tomelloso (CIUDAD REAL),13700,Espagne,,,IFS Food,26.06.2025,"During the recertification audit, a major non-conformity has been detected in requirement 4.3.2:
 
 1. Contrary to Regulation (EU) 2021/2117, the list of ingredients in the QR code of the wines reviewed during the audit; ""R.C. verdejo blanco 2024"" ""All_ verdejo blanco 2024"", ""R.C. tinto tempranillo 2024"", does not include all the ingredients that are added, but, only grapes and sulphur dioxide (SO₂).
 Production records were checked, where it is recorded that stabilisers are added, e.g. for the following products;
 - ""R.C. Verdejo Blanco 2024"", ""All_ Verdejo blanco 2024"", L25168, it is found, that are added; Z.W., containing according to F.T. of 01.25., potassium polyaspartate, sodium carboxymethyl cellulose (CMC) and gum arabic, which are not declared.
 -
 - ""R. C. Tempranillo 2024"", L25161, Z.C. is added, containing, according to F.T. of 01.25., potassium polyaspartate and gum arabic, which are not declared.
 
 2.- In the case of young red wine, the nutritional information on the technical data sheet (20.08.24) does not coincide with that indicated in the QR code and the table for calculating nutritional values.
 
 3. On the other hand, during the visit and labelling process, specifically in the red wine crianza R. C. lot 25174, it was observed that the location of the lot is not controlled in a visible and fixed place, since it can move over the text of the label, making its correct visualisation difficult.",02.08.2024,8,Locked: 26.06.2025,
69326,E7DB86E6,ALGI SA,Avenue Lavoisier 4,Wavre,1300,Belgique,,,IFS Food,03.07.2025,"Major 4.17.4: Presence of icing in freezer number 2 around the evaporator on the wall. Some products were kept under the evaporator and were not covered (cordon bleu and filled pasta), later it was seen that some ice particles were also present in the uncovered boxes. However, the cordon bleu and filled pasta will undergo another cooking step.
 
 KO 4.18.1: During the audit, it was found in several samples that traceability could not be guaranteed until delivery to the customer.",06.09.2024,7,Locked: 03.07.2025,
70688,CE5A9373,Süd-Fresh SA,Avenue d'Ecolys 31,Suarlée,5020,Belgique,,,IFS Logistics,02.07.2025,"During IFS Logistic Audit on 30.06.2025 two KO was raised and found justified.
 KO against 2.2.3.6 
 Monitoring of temperature in storage areas is CCP (PL-HACCP-26 dd 16/06/25). 
 Critical limit for frozen storage is set at -18°C.
 Monitoring through automatic T logging system + alarm generated via message on mobile phone and e-mail sent to responsibles of Süd Fresh + external generated alarm to external company S. (cooling installation).
 Corrective actions defined: contact subcontractor S. for reparation, evaluate impact on product (by measuring product temperature), consider product as non-conform (in consultation with product owner).
 Temperature records were seen for period 23-30/06/25. In frozen storage area temperature raised on 26-27-28/06/25 to max -10°C. Internal alarms have been generated, but no action could be shown. When verifying the temperature graphics from external company S. for the same period, also a raise in temperature was seen. It was not clear whether S. had received an alarm.
 KO against 5.9.2: 
 Insufficient corrective action taken following the previous IFS audit (recurrence was noticed):
 - 3.1.1: deadline for corrective action was 01/2025. However, no new training records + test results could be shown during this audit
 - 4.1.8.2: no verification of cleaning records has been done since September 2024
 No corrective actions described for 3 deviations noticed during the internal audit dd 03/04/25 at only the site in Suarlée.",11.11.2024,"1.1.1, 1.1.10, 1.1.2, 1.1.3, 1.1.4, 1.1.5, 1.1.6, 1.1.7, 1.1.9, 2.1.1, 2.1.10, 2.1.2, 2.1.3, 2.1.4, 2.1.5, 2.1.6, 2.1.7, 2.1.9",Locked: 02.07.2025,
73522,9EF77CEC,CALABRIA FOOD srl,ZONA INDUSTRIALE,PIANO LAGO (CS),87050,Italie,,,IFS Food,01.07.2025,Suspension due to interruption of production activities for maintenance work at the certified site,27.08.2024,5,Locked: 01.07.2025,
73582,2A0DB9A8,FREJA Transport & Logistics A/S,Plantagevej 24,Padborg,6330,Danemark,,,IFS Logistics,03.07.2025,"During the audit completed on site on 30.06.2025 – 01.07.2025 (sites COID 73583 and COID 73582) the following KO was identified:
 5.1.1. KO Frequency for internal audits is not determined by risk and does not take critical activities in to consideration. The audit plan does not show reference to IFS standard requirements. The audit report (for 2024) dated 22.08.2024 does not cover topics such as Management, HACCP, Food Fraud, Food Defense etc.",29.07.2024,"1.10, 1.1, 1.11, 1.4, 1.5, 1.6, 1.7, 1.8, 1.9",Locked: 03.07.2025,
73583,"2,70E+07",FREJA Transport & Logistics A/S,Industrivej 46,Padborg,6330,Danemark,,,IFS Logistics,03.07.2025,"During the audit completed on site on 30.06.2025 – 01.07.2025 (sites COID 73583 and COID 73582) the following KO was identified:
 5.1.1. KO Frequency for internal audits is not determined by risk and does not take critical activities in to consideration. The audit plan does not show reference to IFS standard requirements. The audit report (for 2024) dated 22.08.2024 does not cover topics such as Management, HACCP, Food Fraud, Food Defense etc.",23.07.2024,"1.1, 1.10, 1.11, 1.4, 1.5, 1.6, 1.7, 1.8, 1.9, 2.1, 2.2, 2.3, 2.4, 4.1, 4.10, 4.11, 4.12, 4.2, 4.3, 4.4, 4.5, 4.6, 4.7",Locked: 03.07.2025,
75747,A3A1D465,SEGURA JAMONES DE SERON SL,AVENIDA DE LEPANTO 61,SERON (ALMERIA),4890,Espagne,,,IFS Food,04.07.2025,"During the audit performed on 1st July 2025 to 3rd July 2025, it was detected a Major non-conformity under the requirement 4.3.2.
 
 Major non-conformity 4.3.2.
 Having checked the labelling of the final product selected for the traceability exercise, sliced ham Gran Reserva own brand Segura with batch 76828522 and best-before date 01-09-2025, it was found that the following ingredients are declared in the list of ingredients: pork ham, sea salt, salt, preservatives (E-252, E-250), antioxidant (E-316) and sugar. However, on the basis of the production records reviewed during the traceability test, it is found that no nitrifying agents were used in the production of this batch (in which case Parkers Jam Plus nitrifying salt is used, the composition of which is salt, potassium nitrate, sodium nitrite, antioxidant E-316 and sugar). 
 Consequently, it is evident that the company has declared on the final product label ingredients that are not actually present, which is considered a breach of Regulation (EU) No 1169/2011 on the provision of food information to consumers.",06.09.2024,1,Locked: 04.07.2025,
77976,56AEAE9D,PABERTRANS OPERADOR DE TRANSPORTE. S.L.,"Ctra. Granada-Almuñecar, Paraje Venta Tataron, Km 1,9",Padul (Granada),18640,Espagne,,,IFS Logistics,07.07.2025,"Mayor NC 4.10.1:
 The company has a pest control plan subcontracted to DA, S.L. (ROESB 0044-AND-450). The 2025 visits and 2024 trends were verified, with no major incidents found.
 The pest control plan cannot be considered effective because two dog droppings were detected within the facilities, located in the food storage area.",09.08.2024,"2.1.1, 2.1.10, 2.1.2, 2.1.4, 2.1.5, 2.1.6, 2.1.7, 2.1.8, 2.1.9",Locked: 07.07.2025,
78584,F6671287,Terzo Cerchio s.r.l .,"Via Botriolo, 64",Castelfranco Piandiscò,52026,Italie,,,IFS Food,27.06.2025,"A KO was raised during the audit on June 24-27, 2025. 
 Description of the KO:
 Clause 5.1.1:
 “The following findings emerged from the verification of the last three internal audits (March 2025, October and November 2024):
 - for the three audits there is no evidence of communication of the audit results (checklist, minutes, etc.) to the Quality Manager by the internal auditor); for those of March and October a paper copy was found by the internal auditor; it was not possible to obtain evidence for the November audit.
 - from the verification of the checklist used by the internal auditor, although the definition ""IFS version 8"" is reported in the header, the requirements reported still refer to version 7 of the standard.
 - for the non-conformities of the March audit (the only ones for which it was possible to have evidence), for some of them it was possible to have evidence of treatments (e.g. training report for the NC at point 4.10.6, communication to the pesto control operator to the NC at point 4.13.4) for others it was not possible to have evidence of treatment (see NC at points 5.6.5 and 5.6.8); in all cases there is no evidence of treatment of the NC as required by the standard (correction - analysis of the causes - corrective actions).”",30.07.2024,7,Locked: 27.06.2025,
78954,0B6C3036,TORRONS VICENS (CRTA TARREGA) SL,CT de Tarrega 1,AGRAMUNT,25310,Espagne,,,IFS Food,26.06.2025,4.12.1 - KO - The use of wooden paddles for kneading (stage after cooking and before molding) of the hazelnut turrón d'Agramunt and almond turrón d'Agramunt is observed; these paddles are deteriorated in the central part due to direct and repetitive contact with the metal kneading bowl. Remains of splinters can be observed in the product that is being elaborated due to the use of the wooden paddles in bad condition.,13.08.2024,"5, 6",Locked: 26.06.2025,
79330,72EA113A,Vergeer Holland B.V. B.V.,Denemarkenweg 10,Bodegraven,2411RK,Pays-Bas,Vergeer Holland B.V. BV,2811 PT,IFS Food,24.06.2025,"Paragraph 5.11.3 KO; Corrective and preventive measures.
 Actions are followed up using a central action list. Based on a random sample of six actions, four deviations were identified:
 - The actions from the internal QESH audit of 24 December 2024 (e.g. Kleentec line 66, 80 tasks out of 102 outstanding, reason unclear) were not included in the action list and cannot be demonstrated to have been carried out.
 - Internal audit at the Bodegraven site on 31 March 2025; action 0677 temperature for loading not always checked with deadline 16 June 2025 still open.
 - Internal audit of management responsibility dated 10-3 and 17-03-25: food safety culture objectives not included in annual planning, deadline 19-04-25, no corrective/preventive measures established and not demonstrably implemented.
 - Internal audit of the Maturation site (Henri Dunantweg) dated 11-09-24 conveyor belts on processing line 2 fraying (action 0573) no corrective/preventive measures established and not demonstrably implemented.
 
 Hygiene inspections also revealed deviations with regard to the improvement cycle:
 - Monthly hygiene rounds are carried out. During the inspection on 16-01-25, foreign packaging was found on line L2160. During the inspection on 19-02, it was found that process controls had not been carried out in accordance with the procedure. Both points have not been demonstrably followed up. The actions were signed off by the plant manager with the comment that the remarks had been incorporated into subsequent inspections. However, these points are not demonstrably reflected in subsequent inspections.",21.08.2024,4,Locked: 24.06.2025,
79731,DF9FE880,MARISCOS MALLIÑO S.L,"CL MIRAFLORES, Nº 10 BAJO",SANXENXO,36969,Espagne,,,IFS Food,30.06.2025,"During IOC a NC was raised, 
 2.3.9.1. KO According to the HACCP of the company dated: 7 MAY 2025 V 11, the levels of chlorine in the settling tank (first chlorination) have been defined as CCP. 
 The critical limit established is: 0.5 - 2.5 ppm to minimize the presence of Salmonella and E. coli.
 According to the HACCP plan, the chlorine levels are checked on a daily basis before production starts.
 
 During the IOC, chlorine monitoring records were requested for 25 JUN 2025 prior to the start of production and were not available.
 The IP auditor requested to take a sample and analyze the chlorine levels and the result was 0.09 ppm.
 
 Chlorine monitoring records for the production day chosen for the traceability test, 15 MAY 2025, have been requested and were not available.",13.12.2024,2,Locked: 30.06.2025,
82449,2906AB69,CHMeat Sp. z o.o.,Lotników Lewoniewskich 11A,Sokółka,16-100,Pologne,,,IFS Food,10.07.2025,Documents are locked due to the lack of payment.,08.07.2025,1,Locked: 10.07.2025,
82476,E2BDA52A,"SPÓŁDZIELNIA PRODUCENTÓW DROBIU ""EKO-GRIL"" cooperative",Lotników Lewoniewskich 11A,Sokółka,16-100,Pologne,,,IFS Food,10.07.2025,Documents are held due to the lack of payment.,08.07.2025,1,Locked: 10.07.2025,
83086,4D28C8A7,Ekotrax nv,Hoveniersstraat 43,Sint-Katelijne-Waver,2860,Belgique,,,IFS Logistics,04.07.2025,"withdraw cert 38771-2008-AIFS-BEL-ACCREDIA due to change of address.
 New COID has been created and new address corrected",28.06.2024,"2.1.10, 2.1.2, 2.1.4, 2.1.5, 2.1.6, 2.1.7, 2.1.8, 2.2.2, 2.2.3",Locked: 04.07.2025,
83208,A76CC8D9,GOLDEN TROPICS GROUP S.L.,Poligono 5 - Ctra Castellón KM 233,BETXI,12549,Espagne,,,IFS Food,08.07.2025,"Dear all,
 
 We inform you that during the IFS Food v.8 audit performed from 07 to 08 July 2025 was detected a KO and 2 Major non conformities.
 
 KO non conformity- Requirement 4.1.3: The entry for Hass avocados dated 25-11-24 was reviewed. Supplier: Bxxx Axxx, S.L. (Product not GlobalG.A.P certified). Origin: Morocco. Entry with delivery note 99251124. It was verified that several pallets were prepared for several orders, several packages and for several customers. This was verified, for example, in order 240657 dated 9-12-24 and order 240744 dated 18-12-24, both for customer Exx Exxx Fxxx and Vxxx. The customer, under specification 1-7-23, requests, among other things, Global.G.A.P certified products, and it was verified that this condition was not met. This constitutes a breach of the specification.
 The same non-compliance was detected for order: 251133 dated 8-5-25 for the same customer (Exx Exxx Fxxx and Vxxx) whose supplier is Wxx Fxxx (Peru).
 
 Major Non Conformity - Requirement 4.2.1.5: It was verified that for Hass avocado order no. 251133 for customers ExxExxxFxxx and Vxxx, shipped on 8 May 2025, consisting of two pallets (240 mesh boxes, 12 x 500 g, brand Cxxxx, Batch 19/5/250PRN), the GGN of the audited company was declared on the label (8437024385004) was declared on the label. Such a declaration is not possible, as it has not been possible to verify a chain of custody certification from the supplier Wxxx Fxxx (Peruvian marketer) proving that the product is certified.
 
 Major Non Conformity - Requirement 4.3.2: A sample check was carried out on avocados of Moroccan origin (Supplier Bxx Axxx) received on 25-11-24, with delivery note 99251124, from which several orders have been placed, the origin declared on the final product label is incorrect in the case of order 240764 from Customer Bxx Pxx, brand Bxx Pxx, Batch511824/0243 labelled as Origin Spain. Other labels have been checked for orders 240766 dated 18-12-24 and 240791 dated 18-12-24, and the origin was correct.",25.07.2024,5,Locked: 08.07.2025,
83450,B254F35A,Citronex Energy Sp. z o.o. Sp. K.,Słowiańska 13,Zgorzelec,59-900,Pologne,,,IFS Logistics,02.07.2025,General close down of company site.,30.08.2024,"2.1.1, 2.1.10, 2.1.11, 2.1.2, 2.1.3, 2.1.4, 2.1.5, 2.1.6, 2.1.7, 2.1.8, 2.1.9, 2.2.1, 2.2.2, 2.2.3",Locked: 02.07.2025,
85756,F480C7A4,Atrium Import GmbH,Düversbrucher Straße 18,Rehden,49453,Allemagne,,,IFS Broker,07.07.2025,"The company Atrium Import GmbH traded in nut butters in consumer packaging, among other things. During a special audit on 3 July 2025, the following non-conformities were identified:
 
 Requirement 5.5.2: KO
 There is no contractual provision specifying how the company is to be notified of incidents at the producers. This meant that essential information about an incident could not be passed on to the customer. In the present case, the first incident occurred at the producer on 13 March 2025. 
 
 Requirement 5.7.2: KO
 On 13 March 2025, the manufacturer produced a batch of nut butter that tested positive for salmonella. The product was withdrawn at the behest of the authorities. The retailer was informed of the blocking by the producer and, according to its own statement, did not inquire about the cause. Even the suspected case of 14 April 2025, which was proven to have come to the broker's attention and involved a product with a manufacturing process comparable in terms of food safety, did not lead to a corresponding root cause analysis with subsequent information being provided to the retail customer. Corrective actions were therefore not taken and fulfilled as quickly as possible.",06.08.2024,"1.5, 1.6, 1.8, 1.9",Locked: 07.07.2025,
85990,E3DCA1CD,"LASCARAY , S.A.","PORTAL DE ARRIAGA, 78",VITORIA (ARABA/ALAVA),1013,Espagne,,,IFS Progress HPC,27.06.2025,"Fire at its premises at PORTAL DE ARRIAGA, 78. 01013 - VITORIA (ARABA/ALAVA), COID: 85990",19.08.2024,"1, 4",Locked: 27.06.2025,
86357,E5F305EC,Lipóti Tóth és Társai Zrt,Robert Bosch út 14.,Hatvan,3000,Hongrie,,,IFS Food,04.07.2025,"4.13.2 Major
 
 During the site inspection, the presence of both live and dead moths was observed at several independent locations, including:
 • on the flour sifter and on the wall in its immediate surroundings,
 • in the area in front of the proofer on line 4 – on the surfaces of proofing baskets, technological equipment, and in the accumulated, uncleared flour layer beneath the stairs,
 • inside the dough mixing bowl.
 Based on these observations, it can be concluded that the current pest control measures are ineffective and do not ensure a pest-free production environment. The implemented pest control system has failed to prevent the appearance and proliferation of pests in the production area
 
 5.11.3. KO
 It was found that the pest control subcontractor repeatedly reported the continuous presence of moths in both the trend analysis and the service reports. The trend analysis included documented recommendations and directions for action to address the issue; however, the company did not implement any meaningful or effective corrective measures:
 - In 2025, no fogging treatments were performed, except for one conducted in the proofing room during the audit.
 - The moth infestation is not confined to a single area; therefore, localized treatments are ineffective – this was also indicated by the pest control provider in the trend analysis.
 2. Further shortcomings of the corrective action system are demonstrated by the recurrence of non-conformities already identified during the previous year's audit, including:
 - improper wearing of hairnets
 - icing in the freezing chamber.
 These cases confirm that the company does not operate an effective corrective action system, and the handling of identified non-conformities does not prevent their recurrence.",19.08.2024,"6, 7",Locked: 04.07.2025,
86464,E8BAA959,Agro Fruta B.V.,Leursebaan 262,Breda,4814 RE,Pays-Bas,,,IFS Broker,10.07.2025,Site closed due to bankruptcy,06.09.2024,"1,5",Locked: 10.07.2025,06.08.2025 - 07.08.2025
86552,C1603FCE,EMBİ GIDA A.Ş,Yenidoğan Mah. Sultangazi Cad. No: 170 Sancaktepe 34791 İSTANBUL,Istanbul,34791,Turquie,,,IFS Food,27.06.2025,"KO 4.18.1:
 During the audit, traceability forms filled in the minced meat preparation area were seen. The beef batch number written on this form was 27.06.2025. However, it was seen that the batch number of the beef that the staff later brought inside was 05.07.2025. The batch changes were not recorded on the form. The traceability forms in the cheese preparation room stated that cheese with batch number 18.11.2025 was used, however, during the audit, it was seen that the staff used cheese with batch number 24.05.2026. During the traceability test conducted during the audit, it was found that the batch number of the flour used in the minced meat ravioli product was written incorrectly, the delivery quantities stated in the shipment forms dated 21.03.2025 did not match the quantities written in the delivery notes - the total quantity written in the delivery notes was 735 packages, the total quantity written in the shipment form was 960 packages - although a total of 80 boxes of product were produced, it was written that 960 boxes were produced. In the micro program used for stock control, although the raw material warehouse exit was 38 kg, it was written in the production forms that 40 kg of meat was used. A traceability test was carried out from raw material to final product for beef with batch number 23.06.2025. However, records regarding which batch number product this raw material was processed into cannot be accessed.
 There are no labels on the packaged soy dumplings in the soy dumpling waiting area.
 
 Major 5.3.2:
 When the minced meat processing room was visited during the audit, it was seen that the room temperature was 26 C. When this step was examined in the hazard analysis, it was determined that the temperature value specified for the room temperature was 6 C. There were 4 boxes of minced meat and minced fat in the room. When their temperatures were measured, it was seen that they were at 17 and 13 C. It was observed that cooling was not sufficient in this room and the temperature increase during the minced meat preparation process was not evaluated and controlled.",23.09.2024,"6, 7",Locked: 27.06.2025,
86919,"4,72E+02",DFM Saveurs .,"Rue de l'Espérance, 36",Fleurus,6220,Belgique,DFM Saveurs .,5140,IFS Broker,11.07.2025,"A Major non-conformity has been raised relative to IFS Broker v3.2 in the audit that ended on 10/07/2025.
 
 Major non-conformity at requirement 4.3.5
 The label on the product of one of the traceability exercises (NP500TRGU, batch 24246 VU - 118538) didn't comply with the specification. On the specification, additives were mentioned as ingredient, on the label only Salmon and salt was mentioned.",01.10.2024,"1,2",Locked: 11.07.2025,
89374,E0E84723,GRAND HOPITAL .,2400 CHEMIN DU PETIT HOPITAL,L'ISLE SUR LA SORGUE,84800,France,,,IFS Food,07.07.2025,"Item : 4.3.2 
 Several regulatory labeling defects have been observed:
 1. During the traceability test, on the pallets of apricots for the customer DIL prepared on 29/06/25, departure 30/06/2025, the variety LIDO was noted whereas several pallets were made with apricots of the variety DELICE COAT. However, according to the marketing standard for apricots (UNECE STANDARD FFV-02), for Class 1, variety labelling is compulsory (""Variety name for Extra Class and Class I. A brand name may not be used. A brand name may only be indicated in addition to the variety name"").
 2. During the 02/07/2025 field audit, an error was noted in the packer code on the labels of 500g cherry trays for customer DLA:
 - Packer code on labels = EMB 84064V
 - Packer code on site = EMB 84054V
 3. During the traceability test carried out on the cherries (Cerise Folfer France cat 1 - 24/26 plastic trays 500g per 8 in IFCO cases - order no. 14570 dated 05/06/2025 - private label customer DLI, via customer COC), the Glocal Gap number corresponds to the EARL GAILET producer number (4049929749085) and not to the Global Gap Chain Of Custody number of the packing station (3760258000012). However, the order was prepared with several suppliers (different from the GAILET producer).",13.08.2024,5,Locked: 07.07.2025,
89440,689AC1EB,EURO PLANTAGO SAS,8 rue récamier,Paris,75007,France,,,IFS Broker,07.07.2025,"Major NC on 4.2.1: 
 Some supplier specifications indicate the presence of possible cross-contamination in mustard and sesame (4 suppliers). Since the end of 2024, Europlantago has carried out control analyses on these 2 allergens (5 psyllium samples analyzed), with 5 positive results for mustard (3.68ppm to 32.7ppm) and none for sesame.
 Traces of mustard are not indicated either on Europlantago data sheets or on psyllium bag labels. Customers concerned by these analyzed products have not been informed. Some customers were informed of the presence of possible traces of mustard allergen through completed customer documents (e.g. MMxx or Exx or Mxxx). On the other hand, other customers were not informed by any seen means of the traces of allergens in the product (Exx or Gxx).
 The information in the product specifications is therefore not complete, up to date or unambiguous.",09.09.2024,"1,1",Locked: 07.07.2025,
89632,BF9A2369,Boudier Fruchthandel GmbH,Lichtenkopfer Weg,Bexbach,66450,Allemagne,Boudier Logistics GmbH,66538,IFS Wholesale / Cash & Carry,03.07.2025,"4.12.1 Major: A closed, brand new snap trap box was located in cold store 1 without any labeling. A record of the daily visual inspection was not kept. The snap trap is not recorded in the service provider's documentation. The snap trap was disposed of directly on site. According to the pest controller's records, the last time an infestation was detected indoors was in Aug. 2024. The origin of the snap trap or a reason for its placement could not be clearly explained in the audit. KO in 5.1.1: No deviations were identified during the internal audit. With regard to the deviations identified during the certification audit, the internal audit was not carried out effectively. KO in 5.11.2: The following corrective actions agreed in the 2024 recertification audit were not implemented in a targeted manner or on time: 4.6.3.2 C Drains in the cold stores were not secured against the entry of pests 4.8.2 C The annual cleaning did not take place until CW 10/2024 but in CW17-2025 and was documented on the weekly cleaning form. During the 2025 recertification audit, despite basic cleaning, there were still considerable old dust deposits on walls in various areas 4.17.2 B The time management and quantity balance were not documented during the internal test. 4.17.1 B A process description for the traceability of the systems was set up and the systems for storage and retrieval were described. The measure was not implemented until 08.05.2025, although the deadline is 10/2024. 6.1.1.1 B The effectiveness of food defense - was not tested until 28.05.2025 instead of Sept. 2024 as agreed. Finding 2025: According to the pest controller's service report dated 26.05.2025, the company was informed on 13.03.2025 that the bait station RKS 33 (inside) is not accessible. No measures have been taken to date. The defect was still mentioned on the report dated 23.06.2025.",09.09.2024,"1.1, 1.10, 1.4, 1.5, 1.7, 1.8",Locked: 03.07.2025,
89766,DC1F6D0B,Cherry World S.L.,Paraje Valdelaba Poligono 12 parcelas 300 a 304,Munebrega (Zaragoza),50219,Espagne,,,IFS Food,04.07.2025,"In the IFS Food announced recertification audit performed on 02.07.2025 - 03.07.2025, 1 Major Scoring non-conformity was identified on requirement 5.4.2:
 
 “Scale used to weight control is not calibrated and metrologically verified as regulations establish for equipment involved in commercial transactions.”",03.09.2024,5,Locked: 04.07.2025,
89821,9B4AAFE0,Bioturca Tarım Ürünleri San. ve Tic. A.Ş incorporated company,Petrol osb mah.7.cad. no:9 Merkez,Adıyaman,2030,Turquie,,,IFS Food,30.06.2025,"The IFS Food certificate of the company has been withdrawn due to a change of site location, and there is no production activity in the certified site address anymore. AGFOCERT has voluntarily been informed by the site.",17.10.2024,"5, 6",Locked: 30.06.2025,
90261,2F9C039D,ASLI MAGAZACILIK VE UNLU MAMULLER URETIM A.S.,DUDULLU OSB MAH. 1. CD. NO:4 UMRANIYE,ISTANBUL TÜRKIYE,34775,Turquie,,,IFS Food,30.06.2025,"During the IOC unannounced audit conducted on 23.06.2025, 4 Major NCs has been raised under: 
 -2.3.8.1 validation of metal detector
 -4.3.2: labelling not compliant in terms of list of ingredients
 -4.12.2 Potential foreign material contamination from infrastructure
 -5.5.2 weight control registration not in compliance with Legislation.
 Therfore the CB has decided to suspend the current certificate.",23.12.2024,"6, 7",Locked: 30.06.2025,
4502,2241D933,Lenger Seafoods B.V.,Industrieweg 35,Yerseke,4400 AB,Pays-Bas,,,IFS Food,24.07.2025,The customer has terminated the certification agreement with DNV.,19.06.2024,"2, 7",Locked: 24.07.2025,
7022,F717AFDD,DELPEYRAT SAS,RUE DE LA COTE - ZA de Largelier,COHADE,4310,France,DELPEYRAT SAS,40282,IFS Food,18.07.2025,The site is closed.,12.03.2025,2,Locked: 18.07.2025,
7662,A6D86B9D,Wiesbauer-Dunahús Kft.,Dózsa György u. 4,Gönyű,9071,Hongrie,,,IFS Food,25.07.2025,"- 4.1.2 MAJOR: The company has a contract with the parent company (IFS certified COID:1277) for the production and packaging of the Happy Frankfurter product. The parent company provided Wiesbauer Dunahús with the product specification and also provided the packaging material required for packaging. On the first day of the audit, the Happy Frankfurter 210 g (Lot: 58890) product was packaged. During packaging, the CCP control, metal detection, was carried out, the product was manufactured according to the customer's requirements. The claims on the product are verifiably verified by Wiesbauer Dunahús. The product is not labeled at the end of the packaging. According to the agreement between the two companies, the product must be sent to the customer's premises without the label specified in Regulation (EC) No. 1169/2011, who will carry out the labeling. The auditor checked the finished product specification and product sheet (2022.06.27. rev 2025.05.22. version 9) and found that the mandatory product information on the Hungarian product sheet complies with Regulation 1169/2011/EC, however, upon requesting the labeling documents of the last delivered batch from the parent company, the label affixed to the product did not contain the veterinary identifier of the Hungarian manufacturer, but the veterinary identifier of the labeling parent company was indicated. The handling of retail private label products is not affected by the above non-conformity, private label products are appropriately marked throughout the production line.
 - 4.3.2 MAJOR: The auditor conducted an inspection in the external warehouse on 2025.07.23. The labeling process was inspected and the following was observed. The product waiting to be labeled - Wiesbauer Mini puszta Debreceni ca. 1 kg in MAP Lot: 58747 BBD: 2025/08/029. - had BBD: 2025/08/29 on its collection box, however, the label on the product had BBD: 2025/08/22. The other mandatory data on the label on the product were correct. The company partially failed to meet the requirements of Regulation (EC) No 1169/2011.
 The handling of retail private label products is not affected by the above non-conformity, private label products are marked appropriately throughout the production line
 - 4.4.7 MAJOR: During the traceability test in this audit, the auditor found a discrepancy in the control documents of the outsourced process. During the slicing and packaging of the ""Túra cold cut"" with item number 56848, the metal detection (CCP) monitoring was not complete. On the one hand, the frequency of the detector check was not indicated on the control form (7_FO_0108_ Slice linien Tages protokol dd. 02.05.2025. ). On the other hand, the document does not show the record of the detector check performed when changing products. The slicing took place on 02.05.2025 between 11:05-12:40 and 12:45-15:03. The metal detector check times (with a frequency of 2 hours) were as follows. 10:09-12:07-12:55-14:03-16:01. The above data indicates that no detector check was performed at the product changeover. This poses a food safety risk in terms of metal contamination of the sliced product. Note that the metal detection (CCP) performed at the filling equipment and its monitoring during the production of the entire bar (2025.04.22. 19:55-21:05) was adequate",12.09.2024,1,Locked: 25.07.2025,
7740,10494C39,Salumificio del Castello S.r.l.,"via Fossano, 3",Moncalieri (TO),10024,Italie,,,IFS Food,17.07.2025,"During the recertification audit completed on site on 14-15/07/2025 the following Major NCs were identified:
  
 2.3.6.1 Major The ATM packaging phase was not assessed in the HACCP plan. This is a critical phase for product safety and quality.
 4.2.1.5 Major Regarding the claim of reduced salt content (48%), no studies have been conducted to demonstrate the conformity of the claim.",02.09.2024,1,Locked: 17.07.2025,
8429,A59B532A,Fallini Formaggi SRL,"Via Verdi, 16-18-20",GATTATICO (RE),42043,Italie,,,IFS Food,15.07.2025,"During current unannounced on site audit (14-15/07/2025), auditor releases a D at KO requirement 2.3.9.1:
 During site tour on packaging department, checking 10g bag line at 10:39 a.m. ( in which is going packaging of “VIP Premium Quality 10g” product - batch L5195 BBF 14/07/2026) and its CCP metal detector function record sheet of the day, the record sheet reports checks up to 1:37 p.m., with the relevant compliance and signature of the operator. However, these inspections were not actually performed at that time, highlighting a discrepancy between what was reported on sheet and the activities actually performed.",08.10.2024,4,Locked: 15.07.2025,
8603,91D44EFF,Wiesbauer Gourmet Gastro GmbH,Wiesbauer Straße 1,Sitzenberg-Reidling,3454,Autriche,Wiesbauer Österreichische Wurstspezialitäten GmbH,1230,IFS Food,21.07.2025,"2.3.9.1 KO
 CCP monitoring for the sous vide process in the production kitchen area (= small-volume production for bulk consumers/catering customers) is not under sufficient control; compliance with the defined CCP criteria cannot be conclusively demonstrated:
 According to internal specifications (=CCP3 definition; version25/status 27/06/2025), sous vide finished goods/products produced in the company must reach a product-specific defined minimum heating temperature as part of CCP monitoring (e.g. for chicken fillet sous vide >62°C or octopus sous vide >72°C), which must then be maintained for a product-specific minimum time (e.g. for chicken fillet sous vide > 2 hours or for octopus sous vide >16 hours); the product must then be cooled to below 10°C core temperature within a maximum of 2 hours. The product-specific requirements in this regard can be found in the document Overview of core temperatures 4_AA_#0498 (V1/10.07.2024).
 
 The company produces sous-vide products in two different production areas, in the so-called ‘large scale’ area where large quantities/volumes of sous-vide products are produced, which are primarily marketed as pre-packaged products in the food retail trade. For the sous-vide products produced here in industrial cooking cabinets, compliance with the relevant CCP criteria can be demonstrated in a traceable manner via electronic temperature/time records (=recording of heating temperature, holding time and cooling temperature with cooling times).
 To date, this has not been the case for small-batch sous vide production in the production kitchen, which is intended for bulk consumers/catering customers. Here, for each sous vide production batch in a conventional manual cooking cabinet (without automatic temperature/time recording), only the time at which the product reached the specified heating temperature is recorded; the re-cooling time required for the product to cool to a core temperature of less than 10°C after the heating process is also documented. The CCP test record described does not show that the product-specific holding time required by the CCP criterion has been complied with; there are also no other ways of checking whether the product-specific temperature-holding time parameter, which is decisive for product safety, has been complied with. Furthermore, the cooling time is not consistently traceable; only the required period is specified, not the beginning and end of the cooling time.",02.06.2025,"1, 7",Locked: 21.07.2025,
9719,027ABEAD,Agral SA,Rue du Brabant Wallon 1,Courcelles,6180,Belgique,,,IFS Food,18.07.2025,"Major NC 4.14.3
 Instances were seen where raw materials, packaging materials and semi-finished products (rework) are not always stored to minimise contamination risks or any other negative impact.
 In the cooled storage area for raw materials at the far end of the unloading area: 
 - Two pallets containing 25 kg cardboard cases of butter (raw material) were seen with on each pallet, one case of butter missing one side of the cardboard, showing a torn inner plastic liner with the butter exposed to the environment.
 - On a pallet with cases of butter (raw material), one case was seen with the lid insufficiently closed, exposing the intact and closed plastic liner but with dust visible on the lid and liner and on the other top cases on the pallet.
 - a pallet with stacked plastic crates with plastic blue inner liner, containing rework packs of butter in various open or partly closed packaging was seen with the liners not closed, thus exposing product to the environment.
 
 In the high care production area
 - one side of a stretch wrapped pallet with cases of packaging material was wet due to being placed against production equipment.
 - Plastic crates fitted with an opened blue plastic liner, containing butter destined for rework, are found placed on the floor.
 - A half empty black plastic jerry can with raw material lactic acid, used to replenish a vat nearby, was stored on the floor.
 - Plastic crates fitted with blue plastic liners containing rework (of which a liner in one crate was not closed and therefore exposing the butter) were stacked on a palled together with plastic crates with product in red liners destined for destruction (bio methanation).
 
 In the packing and paletising area of “atelier 2”:
 - multiple cardboard cases (for collecting rework) fitted with an open blue liner (folded outwards) were seen placed directly on the floor throughout the area next to the packing lines. Some cases were still empty, others already containing rework. 
 
 In the maintenance workshop in the basement:
 - an IBC containing rapeseed oil is connected through a hose to a pump and piping system going to the production area. The lid was removed from the IBC, leaving an opening of appr 20 cm. The area is not suitable for this due to the lack of a suitable separation or enclosure from the engineering/maintenance related activity in the workshop and close presence of maintenance equipment, products and parts.
 
 Note: during the audit, no actual contamination of product or raw materials was observed. All rework is pasteurised, thus eliminating potential microbial risks.",04.09.2024,"4, 9",Locked: 18.07.2025,
12210,272156B8,PAROT SAS,BP 2,St ROMAIN LE PUY,42610,France,GIE Source ALMA GIE,61420,IFS Food,25.07.2025,"During th audit, a KO was raised on requirement 2.3.9.1: 
 CCP C1 (inspection of washed empty glass bottles), which is used to control the risk of cleaning/disinfection product residues, is managed by an electronic eye (HEUFT inspector) that is routinely tested using a 1L or 0.25cl test bottle, depending on the format, which must be filled with a 10ml dose of water prepared by the internal laboratory in plastic tubes (according to document CSL 001 enr 05-02 dated 01/25/21 “inspection of washed bottles”). CCP monitoring is carried out at the beginning, middle, and end of the day or in the event of a format change by performing an ejection test of the inspector with this test bottle.
 
 During the test requested in the field audit of 07/22/25 (test on the 1 L format), the operator used a test bottle with a volume of added water that was visually much greater than 10 ml and was deemed compliant by the HEUFT inspector. It was therefore requested that the test be redone with the 10 ml dose as planned. Three tests were thus redone and each time deemed non-compliant by the HEUFT inspector (the test bottle was not detected by the inspector as it should have been). In addition, the volume of water in the 25cl test bottle was also abnormally greater than 10ml. The site is therefore unable to control the chemical risk in its production.",26.11.2024,8,Locked: 25.07.2025,
12271,4EC667D8,Thurländer Salate und Feinkost GmbH .,"Am Dorfe 1, OT Thurland",Raguhn-Jeßnitz,6779,Allemagne,,,IFS Food,26.07.2025,"Requirement 4.10.2 (major): The washing of the plastic tubs used in production is not working properly. On the first day of the audit, July 21, 2025, and on July 22, 2025, it was observed several times that the plastic tubs were still contaminated with product residues such as vegetable scraps and salad ingredients (cheese, pasta) after cleaning. A follow-up cleaning instructed by the company (dirty plastic tubs should be run through the washing system again) did not lead to successful cleaning, as insufficiently cleaned tubs were still introduced into the production process. These dirty plastic tubs were found in several locations in the vegetable washing hall. To make matters worse, the trays are not dried sufficiently, as plastic trays that had not been dried were also found in operation.",23.12.2024,"5, 7",Locked: 26.07.2025,
25933,C66190FD,Capuzzo S.r.l.,Via Cicogna 37,ROVEREDO DI GUA' (VR),37040,Italie,,,IFS Food,24.07.2025,"Following the IOC (Integrity on site check) audit by IFS on 07/16/2025, the communications between the company and IFS, the preliminary technical review, the certificate is blocked due to the following major non-conformities
  
 § 4.2.1.1
 Regarding the technical specifications of the following products sold B2B, the following was observed:
 Technical specification ""D19"" Organic Apple Power (rev. 17, dated 24-OCT-2023) does not comply with legal requirements, as the recipe includes the use of the additive E551 ""Silicon dioxide,"" which is not included the ingredient list of the finished product.
 The technical specification ""D94"" lemon powder (R18 rev. 18/03/2025) is ambiguous regarding the presence of the allergen gluten in the finished product, as the technical specification states that the product does not contain a gluten content > 20 ppm The list of allergens does not include a reference to the applicable legislation.
 Note 1: the product is not declared as ""gluten-free. - Note 2: two pallets (72 bags) of wheat starch with a Best Before date exceeded (06/2023) were found in the raw materials warehouse. According to the traceability records, the last use was for the production made on 14-MAR-2022 (the finished product has now expired as the shelf life is 12 months “from delivery date”) - Note 3: analysis was performed on the finished product manufactured in 2024 (batch D95/062 G06), the result is a gluten content of 7.6 + 2.4 ppm (ref. certificate of analysis 24WL0011983 dated 13-FEB-2024) - Note 4: The list of ingredients includes the ingredient ""starch"", but does not specify its botanical origin.
  
 § 4.8.2
 During the on-site inspection, it was observed that the bags of ""IQF frozen strawberries"" were being opened, tearing the plastic bags, without paying attention to physical contamination. Therefore, plastic fragments fell into the processing plant, contaminating the product (strawberry puree batch 0262 293 H16).
 Note: Although the product is subsequently subjected to double sieving (upper sieve 2.0 mm mash and lower sieve 0.5 mm) and plastic foreign bodies were indeed found in the waste container, the failure to apply preventative measures during the unpackaging of the raw material does not guarantee the absence of microplastics in the finished product (dimensions < 0.5 mm). In addition, the production process includes a cooking step (85°C), so the plastic fragments are also subjected to heat treatment. No information is available regarding the conformity of the material in contact with the raw material, as the technical specification for IQF strawberries (supplier D., undated document) does not provide details regarding the normative reference concerning the food contact of the packaging, nor the suitability of the material for any heat treatments. The technical specification for the raw material reports that the IQF strawberries are shipped in cartons with ""food grade polyester + polyethylene"" film, while the raw material was shipped in plastic bags (batch MSW0117225, delivery note n° 3042 dated 14-LUG- 2025).",22.04.2025,5,Locked: 24.07.2025,
28137,"6,70E+07",AGROTRANSFORMADOS S.A.,"AVENIDA DE LA CONSTITUCION, 96",LORQUI (MURCIA),30564,Espagne,Grupo Marin Montejano .,30560,IFS Food,23.07.2025,"A Major NC was raised during the IFS Integrity On-site Check on July 17, 2025.
 Description of the Major NC:
 Clause 4.10.2:
 “The product changeover protocol is not robust enough. During the on-site integrity check, chickpeas were observed on the conveyor belt while the company was producing cooked beans.
 Dirtiness and mould growth were observed in the cooling room of raw material. High presence of mould in a wooden pallet with an ingredient (flavour) in this cold room.”",09.06.2025,"5, 8",Locked: 23.07.2025,
31130,5A39FD4F,Fleischtrocknerei Churwalden AG,Riedlöserstraße 11,Landquart,7302,Suisse,,,IFS Food,23.07.2025,"Failed IFS Integrity On-site Check on July 14, 2025, with two KO deviations and one major deviation:
 
 KO deviation – Section 4.12.1 CCP Metal detector
 During a live functional test of the metal detector, rejected products were returned to the good stock without the required re-inspection.
 Major deviation – Section 5.5.1 Finished product weight control
 Missing finished product checks for a specific product, without proof of legal compliance (complaint in connection with EU/Swiss finished product legislation).
 KO deviation – Section 5.11.3 Corrective action management
 Repeated non-compliant test results from the X-ray detector without adequate documentation or implementation of corrective measures.
 Company response to the deviations:
 
 • Deviation 1:
 Retraining of employees was already carried out last week. In addition to repeating the test procedure, it was emphasized several times that it is essential from a food safety perspective to re-detect the trays that were rejected during the test.
 To standardize the functional test, “reference dummies” were developed, i.e., test pieces were secured in empty trays and packaged. The test report was adjusted accordingly.
 It should also be noted that there have been no complaints about metal findings in trays in recent years. The products are considered safe and employees generally comply with the requirements.
 
 • Deviation 2:
 Documented random weight checks are carried out during filling. The department manager also weighs random samples during the drying process, but without documentation.
 In future, the weight will also be weighed and documented during packaging.
 
 • Deviation 3:
 The X-ray machine was purchased several years ago and defined as CP (cartilage particles). Prior to its introduction, there were isolated complaints about cartilage particles in “minipic” products.",30.04.2025,1,Locked: 23.07.2025,
33055,D3A840DE,Werk Muster KG,Weidendamm 1A,Berlin,10117,Allemagne,Test GM HPC Test prueba,123456,IFS Food,25.07.2025,some text,01.06.2025,3,"Locked: 25.07.2025, Unlocked: 25.07.2025",
33187,26B749B3,"Horno de San Juan, S.L.",Plaça Dels Pins s/n,Bonmati (Girona),17164,Espagne,,,IFS Food,18.07.2025,"In the IFS Food announced recertification audit performed on 15.07.2025 - 16.07.2025, 1 Major Scoring non-conformity was identified on requirement 4.3.2:
 
 “It was detected that the label of the reference ‘Cocoa sponge cake’ code 98009105, does not indicate the amount of cocoa included in the recipe, contrary to what is indicated in article 22 of the European Regulation 1169/2011 on consumer information.”",03.09.2024,6,Locked: 18.07.2025,
33943,FEAA615F,HORTA SALNES S.L,"Sameiro-Vilariño, 31 (Cambados)",Pontevedra (Galicia),36633,Espagne,,,IFS Food,17.07.2025,"During the audit completed on site on 15-16/07/2025 the following Major NCs and KO were identified:
 5.5.1 Major NC
 During plant tour on 15 July 2025, it was found that the batch of peppers MST/21504 packaged in 400g. bags corresponding to delivery note AV5/0001233 of the same date and destined for retailer,Lxxx, had not been subjected to a statistical weight control in accordance with current legislation (Royal Decree 1801/2008, of 3 November, which establishes rules on nominal quantities for packaged products and control of their effective content), which means that this is a failure to comply with a legal requirement.",09.12.2024,5,Locked: 17.07.2025,
35969,430419B6,Baumann Spedition Dresden GmbH,Nickerner Weg 8,Dresden,1257,Allemagne,Baumann Spedition (hq),1257,IFS Logistics,18.07.2025,"Relocation to Sporbitzer Ring 4, 01259 Dresden",28.05.2025,"1.10, 1.1, 1.11, 1.2, 1.3, 1.4, 1.5, 1.6, 1.7, 1.8, 1.9, 2.1, 2.2, 2.3, 2.4, 3.1, 3.3",Locked: 18.07.2025,
42140,F420220B,TITOK PRODUCTION SAS,PARC D'ACTILONNE,OLONNE SUR MER,85340,France,,,IFS Food,18.07.2025,General site closure,28.01.2025,"6, 10",Locked: 18.07.2025,
43814,A9D362F0,"CEREZAS Y ALMENDRAS EL CASTILLO, S.L.",CARRETERA TRIANA,CASTILLO DE LOCUBÍN-JAÉN,23670,Espagne,,,IFS Food,16.07.2025,"During the recertification audit, the following major nonconformities have been detected:
 
 4.13.4: The pest company reports show bait consumption in the different devices and months without showing any actions beyond bait change.
 
 5.4.1.: The metrological verification certificate (RD 244/2016) where the weighing control of Giropes BR 16 frozen cherry boxes is performed is not available.
 
 5.5.1.: Weight control of frozen cherry boxes is not available. For fresh cherry boxes the number of samples is not adequate.",23.08.2024,5,Locked: 16.07.2025,
48406,9C2AC474,Ostsee Fisch GmbH & Co. Produktions- und Vertriebs KG,Hansestraße 12,Bentwisch,18182,Allemagne,,,IFS Food,18.07.2025,"5.1.1 KO Non-compliance:
 In the last IFS audit on 10 July 2024, as well as in the current audit, a number of deviations were identified. Some of the deviations identified in the current audit relate to the same non-conformities as in the last IFS audit and are classified as systemic.
 On 3 December 2024, an internal audit was conducted on all requirements of the IFS standard and all points were rated A, so no action plan was drawn up. Due to the fact that none of the existing deviations were identified and documented in the internal audit, the internal audit conducted is to be classified as ineffective.",28.08.2024,2,Locked: 18.07.2025,
53167,C655A1D8,MANIPULADOS NICOLA S.L.,CAMINO DE LA PUEBLA Nº4,ALCANTARILLA (MURCIA),30820,Espagne,,,IFS Food,24.07.2025,"On 15-July-2025 an Integrity On-site check was carried out. 5 non-conformities were identified against the following IFS-Food v8 requirements.
 2.3.9.1 KO The monitoring of the CPP is not respected. In case that the supplier is notcertified by a GFSI standard is required a review of the pesticides croptreatments. The supplier M.A.L had not GFSI certified and it is not available thereview of the crop treatments. Neither was available pesticide test for thissupplier.
 3.2.2. KO During production breaks, employees left their gloves (food-contact and non-food-contact) and their aprons over the product. This was observed in severalcases. This could pose a risk to the food safety of the product
 4.12.2 Major The same containers (grey containers) are used for product and waste. Duringthe Integrity on-site check a grey container for waste was observed very dirty andwith clear signs of infestation (insects) beside the grey containers that were usedfor food product (onions). This fact can suppose a risk for food safety.
 Some grey containers with product (onions) damaged observed in packing area.This fact can suppose a risk for food safety.
 5.3.1 Major Some months ago, the company implemented a system for washing onionsusing recirculated water. Lack of validation study to ensure the food safety of theproduct washed with this water. Not available microbiology test of this water.During the Integrity On site Check the chlorine level was checked and was 0ppm.
 4.9.9.1 major The company has a tank for the chlorination of potable water at the facility. Thewater control procedure is not updated; the tank and the chlorination processwere not mentioned. Cleaning activities for the tank have not been established,when it is a legal requirement according to the article 37 of the spanish law (RealDecreto 3/2023)",25.11.2024,5,Locked: 24.07.2025,
54418,BFAAD0BD,Chimay Fromages SC,Route Charlemagne 3,BAILLEUX,6464,Belgique,,,IFS Food,14.07.2025,"D-4.18.1-KO
 The company follows the traceability of the primary packaging implemented at the packaging by pasting labels comprising the batch numbers of the packages onto the tracking record of the packaging. It is planned that these labels will be made available to the staff in charge of the packaging when a new packaging batch is made available in stock.
 
 KO Non-compliance 
 
 During the packing step on 08/07/25 of the reference Poteaupré cheese, the labels containing the batch numbers of shrink-wrapping film and wax paper disc packages available to the staff for traceability monitoring did not match the batch numbers listed on the packaging units made available at the current stock level.
 
 *waxed paper disc: traceability labels available for packaging staff at batch no. OFB2401714/ batch no. listed on packages in stock: OFB2403494 / batch no. listed on pallet label of stock: OFB2401714;
 
 *Plastic shrink film: traceability labels available to packaging staff at batch no. 5016829985/ batch no. listed on packaging packages and pallet label for current stock: 5017567890.
 
 The tracking labels available to the packaging staff were therefore not replaced as planned when the new packaging batches were made available. Therefore, the company is not able to demonstrate that it can identify, with certainty, the change date of the concerned lots.
 
 On the other hand, the monthly inventory of 06/20/25 did not allow to detect and correct the lack of correspondence between the n° lots of labels available to staff for traceability tracking at packaging and the physically available lots in stock or ongoing lots in the computer system. Note that the batches currently in progress in the ERP are indeed in correspondence with the batches physically in stock.
 
 In view of these findings, the tracking and traceability control system for primary packaging implemented by the company does not allow reliable identification between batches of finished packaged products and batches of contact packaging materials. Thus, a KO non-compliance is assigned to the site on requirement 4.18.1",16.10.2024,4,Locked: 14.07.2025,
55058,0967A29B,"GRACOMSA ALIMENTARIA, S.A.",Pista de Silla Km. 252,Catarroja (VALENCIA),46470,Espagne,,,IFS Food,22.07.2025,"uring the re-certification audit, a major non-conformity is detected in requirement 4.9.4.1:
 
 The roof of the P1-P2 building over line P2 (specifically over the product recovery basin of this line) is not in a good state of maintenance. There are detachable parts (traces of paint) and rusted and stained parts. It is in a very deteriorated condition. The recovery basin has a cover and every time it is manually unloaded, the floodgate is opened and closed. However, it cannot be guaranteed that some fragments will not fall out.",22.11.2024,9,Locked: 22.07.2025,
55709,D57F7C65,FOODISSIMO S.A.,C/ Cerdanya 50-52,"El Prat de Llobregat, Barcelona",8820,Espagne,,,IFS Food,23.07.2025,The client has informed us that they will not continue with the IFS certification,28.10.2024,"5, 6, 10",Locked: 23.07.2025,17.09.2025 - 18.09.2025
59172,"7,40E+12",OLIVAIDA S.L.,C/ Sevilla s/nº,Albaida del Aljarafe (Sevilla),41809,Espagne,,,IFS Food,22.07.2025,"•KO rating for requirement 2.3.9.1:
 During the audit it is evident that the CCPs (sealing and pasteurisation) are not under control. During the visit to the plant on 15-07-2025 it was observed that in the production of 5 kg cans of olives:
 - SEALING: 
 * Pressure gauge/manual pump pressure is less than 1 bar (CCL:1 bar, 10 seconds).
 * There is no evidence of justification for the monitoring system in place. Destructive examination of the container (closure disassembly examination) has not been established as a monitoring system.
 - PASTEURISATION:
 * There is no evidence of records of temperature control and probe time inside the product for all pasteurisation cycles (6 pasteurisation cycles have been carried out and there are only records of temperature control and probe time inside the product for the first cycle).
 * Water temperature control is not carried out continuously, only the temperature of the water at the beginning and end of the pasteurisation phase is recorded by the operator.
 * During the visit to the plant, a calibrated portable thermometer is used to verify that the water temperature is 93.6ºC - 94.1ºC (lower than the CCL (95ºC for 45 min for 5 kg cans).
 * No validation of pasteurisation water temperature correlated with probe temperatures inside the product inside a can (>65ºC for 9.3 min of treatment) is available.
 
 •Major rating for requirement 4.3.2:
 In relation to labelling, the following non-compliances with current legislation (Regulation 1.169/2011, Royal Decree 679/2016 and Regulation 2024/1143) were observed with respect to the following labels reviewed during the audit:
 - ACEITUNA VERDIAL PARTIDA ALIÑADA glass container 2'5 kg:
 * In the denomination is indicated the verdial variety, not in accordance with Article 12 of Royal Decree 679/2016; 
 * The list of ingredients does not indicate the origin of the vinegar, not in accordance with Regulation 1169/2011.
 * The recipe includes ingredients such as flavour enhancers among others, not in compliance with Regulation 1169/2011.
 - ACEITUNA MANZANILLA FINA ALIÑADAS can 2.5 kg of brand LO**:
 * The denomination does not indicate the form of presentation in accordance with Royal Decree 679/2016 (non-transparent packaging). 
 * The variety 'manzanilla fina' has been included in the denomination, not in accordance with Royal Decree 679/2016.
 * The category is not indicated, not in accordance with Royal Decree 679/2016.
 * There is no evidence to justify the mention ""Auténtica Aceituna del Aljarafe Sevillano"" which may be misleading, not in accordance with Regulation 2024/1143 and Regulation 169/2011.
 
 •Major rating for requirement 4.3.4:
 In relation to shelf life:
 - There is no evidence of shelf life tests or appropriate validation by microbiological, chemical and organoleptic evaluation of the newly developed product ACEITUNA GORDAL ALIÑO NATURE (unpasteurised), best before date three months (according to label and technical data sheet).
 - In the verified tests of the product MANZANILLA SABOR ANCHOA of 2021, there is no analysis available at the end of shelf life (4 years) of all microbiological parameters (Listeria). Verified report dated 16-06-2025.
 
 •Major rating for requirement 4.14.2:
 The conservation conditions of the new refrigerated product ACEITUNA GORDAL ALIÑO NATURE (unpasteurised) is to be kept refrigerated at a temperature between 2-8ºC (according to the label and technical data sheet). During the audit it was verified that the company does not have cooling equipment in the plant.
 
 •Major rating for requirement 4.17.2:
 
 There is no declaration of conformity for the lining of the storage tank in 8-10% diluted brine. During the plant visit, an inadequate state of maintenance was observed (dirt on the protective grid and rust on the upper metal beam),
 
 Recertification audit in 2025 performed by other CB",27.09.2024,5,Locked: 22.07.2025,
60731,2128C6D8,Maxima Seafood B.V.,Halkade 16,IJmuiden,1976 DC,Pays-Bas,,,IFS Food,24.07.2025,"NC 4.8.3 Ice is made by the company. The output of the ice making equipment is stored in an area/bunker. There is an opening in the bunker at about 1 meter high where underneath a tub is situated which catches the ice. The bunker is not well designed: ice on the edges of the bunker does not fall automatically in the tub. Seen employee in the bunker with dirty boots scraping the ice from the edges of the bunker to the opening. There is a risk of microbiological contamination of the ice. The ice is used for direct contact with fresh fish and fresh fish fillets, therefore product safety is compromised.",18.11.2024,2,Locked: 24.07.2025,
64070,430CA1DF,Q-FOOD NV,Moortelstraat 21B,Lokeren,9160,Belgique,,,IFS Food,24.07.2025,"During the extra ordinary visit on 24/07/2025, the following was noted:
 * Frozen boneless ovine leg",10.07.2025,"1, 7",Locked: 24.07.2025,
69502,227B966B,Delizia 2000 S.r.l.,"Via della Transumanza, 26",Trinitapoli (BT),76015,Italie,,,IFS Food,21.07.2025,"During the audit completed on site on 17-18/07/2025 the following KO were identified:
 
 2.3.9.1 KO In document Cap. 16 Identification CCP oPRP rev. 01 dated 2019-08-01 it was defined as monitoring of the pasteurisation heat treatment CCP the verification of the F71 factor with critical limit F71>100; during the audit data logger recordings were viewed with a value lower than the defined critical limit but no action appears to have been taken (Data logger dated 2025-07-05 ‘Lampascioni’ in sunflower seed oil lot R186 exp. 05.07.2028 tape speed 180minuts, time 66 minuts F71=36.44, Data logger dated 2025-07-08 ‘tasty rice’ oil in tin lot R189 exp. 08.07.2028, tape speed 170, time 70minuts, , F71=62.14. Furthermore, the table of times and temperatures Table 18E rev. 1 of 28.06.2021 viewed during the audit shows for pasteurisation heat treatments a temperature value of 98°C with different speeds/times depending on the product/format: these parameters are not in line with the process data found in production (viewed during the audit the temperature set at the pasteuriser was 94°C instead of 98°C and belt speed 260v instead of 220v - production of natural artichokes in 2600 lot R199 tin). At the time of the audit, no data logger instrument was available to verify F71 (instrument under calibration) and no documentation was available on the evaluation of F71 for the traceability test (production on 08.03.2025) as there were no data logger records prior to 27.05.2025.
 
 5.11.3 KO The definition of causes, corrective actions and closure of non-conformities were not adequate. Anomalies found in audits not closed in the previous audit (4.4.1 BRC / 4.12.9 IFS damaged, worn and rusted skirting boards and 4.4.2 BRC / 4.9.3.1 IFS damaged flooring in the finished product storage room) and anomalies found by the official authority on 11.02.2025 not yet closed (flooring in the production room and storage cell shelling) although the company has in any case prepared an extraordinary maintenance plan in doc. M 8.1 Extraordinary maintenance plan rev. 0 dated 24.05.2025 2025-2026 (e.g. seen Contract resin floor work and painting walls with anti-mould dated 22.05.2025 Kemicall Construction with work start on 18.08.2025 signed with Invoice on account for start of work FPR 39/25 dated 28.05.2025 + Estimate no. 957 MF dated 20.06.2025 for installation of production inlet filter signed).",09.08.2024,5,Locked: 21.07.2025,
69720,29D72899,INITIA FOOD SAS,Allée Stendhal,SAINT GERMAIN DU PUY,18390,France,,,IFS Food,21.07.2025,"A new ERP software is currently being deployed, along with a change in management and an internal structural reorganization.",10.12.2024,5,Locked: 21.07.2025,
73628,494237CF,Ortofrutta Caligari Srl,"Via Pietà, 77",Savignano sul Rubicone,47039,Italie,,,IFS Food,17.07.2025,"A KO was raised during the audit on July 16, 2025.
 Description of the KO:
 Clause 4.18.1: “For the production of a product packaged in a tray, identified semi-finished products are used and placed in the drying cell; the semi-finished products are identified with sheets indicating the batch of entry. The semi-finished products to be used for the production of packaged products are recorded in the planning phase on the day before processing in the Mod01 ""outgoing goods register"", based on the stocks in the cell.
 During the on-site inspection, pallets of semi-finished fennel used for the production of film trays were found to be branded by the company, without identification; this does not allow to trace unambiguously the raw material used.
 A pallet of semi-finished fennel is affixed a different lot (CPG43) than registered in the Mod01 ""outgoing goods register"" (CPG42) for the production of Finò brand fennel (company brand) - lot 16.07.2025, product sold by weight/ price. The company informs that, in case of modification of the lot used with respect to what is defined in the Mod01 ""outgoing goods register"", this is modified on the form. During the inspection, there is no change of lot on the Mod01 ""outgoing goods register"", resulting in a loss of traceability of the raw material used.”",30.09.2024,5,Locked: 17.07.2025,
81617,425D8803,"BOREAL ARTIK, S.L. S.L.","POLIGONO INDUSTRIAL LA CHIMENEA - PARCELAS, 6 7. TA.",LAREDO (CANTABRIA),39770,Espagne,,,IFS Food,22.07.2025,"During the recertification audit, the following major nonconformities/KOs were detected:
 
 KO 4.18.1:
 During the audit, it was found that the traceability system implemented in the company, through ERP and documentary tools, does not allow to efficiently guarantee the relationship between raw materials, batches, intermediate products and final products sent to customers. In the traceability exercises carried out during the audit, the following incidents were observed:
 - Discrepancies were identified in the mass balances or impossibility of carrying them out, in the following cases:
 o Article 442. Semi-finished frozen skewer 125g (prior to HPP): an entry of 1,183 units was recorded in the system and exits of 1,178 units distributed in different batches of final product, elaborated between 02.04.25 and 05.05.25. There is a difference of 5 units whose destination could not be evidenced, nor its physical location in the freezer.
 o After four hours dedicated to the traceability exercise, the complete mass balance has not been presented that would allow linking the cod packaging lot L6725 (28. 02.25) with all the process stages, final product batches and target customers or stocks. 
 o Similarly, the complete mass balance of the raw material batch L76 of refrigerated salted cod has not been provided for all the productions in which it was used.
 o Inconsistencies were detected in the balances of raw materials processed and products obtained in various stages of the process, for example, processing part 6735, dated 03.03.25, in this repackaging order, 411 units of article 394 (frozen log semi-finished product 500g, lot 6725) enter, but 412 units are obtained as output of this process.
 - During the visit to the plant, the presence of several gas cylinders was observed; two CO₂ cylinders in the freezing chamber lacked identification and, according to the audited personnel, their use is unknown. Likewise, in the room known as the “old workshop”, several cylinders were found without clear identification as to their contents or purpose.
 
 Major Nonconformity 2.3.11.1:
 There are no documented validations with microbiological and organoleptic analyses to guarantee the quality and safety of all products, with the different processes carried out throughout their shelf life. Specifically:
 (1) the company has systematically included freezing after the first high-pressure treatment in its processes, followed by tempering and a second high-pressure treatment. For this case, only one validation report is available, dated 28 June 2023 (documentation error, as the associated reports are from 2024), which validated the process of initial high-pressure treatment, freezing (2 months), second high-pressure treatment and 14 days of shelf life. This was carried out with hake from batch 5149 (a product that is no longer marketed). The validation provided is not considered consistent, as it does not represent the different processes and products, nor does it take into account the worst conditions of longer shelf life and longer freezing time of the intermediate product (the company considers between 2 months and up to 1 year of intermediate shelf life, according to references, for example, in cuttlefish and cod).
 (2) The different shelf lives assigned to frozen intermediate products, which are created between high-pressure treatments, have also not been validated (ranging from 2 months to 1 year).
 (3) In the case of the combined product made from fish and vegetables ‘bonito, anchovy, piparra and olive skewer’, the freezing process prior to the first high-pressure treatment is currently envisaged, but this process has not been validated. It has been verified that batch 6814, packaged on 28.03.25, has been stored frozen (according to the computer programme, on the date of the audit, there are 5 units of packaged product in stock, frozen without high pressure treatment). The rest of the units in the batch were processed and shipped between 2 April 2025 and 2 May 2025. Furthermore, no blocking system has been established in the programme to prevent a product that has not undergone high pressure treatment from being released without receiving treatment (PCC2).
 (4) There is no documented validation of the reprocessing envisaged for desalted cod after the first high-pressure treatment, freezing, thawing and repackaging and new high-pressure treatment, with possible freezing and thawing and a second high-pressure treatment (this is the case for the process carried out on the product selected for traceability).
 Furthermore,
 (5) there is no documented validation of the metal detector (PCC1) on line 2, with the new modification made, using different samples in products treated with new additives, for example, the references for squid 250g and cuttlefish 250g, in which the samples used are Fe 2.8mm,
  No Fe 3.175 mm, SS 4.5 mm, are used for the rest of the products on the line, and for what is validated, the samples are Fe 2 mm, No Fe 2.5 mm and SS 3.5 mm.
 (5) The absence of hydrogen peroxide and phosphoric acid has not been validated after use (processing aids included in the new additives used in cuttlefish or squid).
 
 Major Nonconformity 4.3.2:
 The labeling control procedure implemented in the company does not ensure compliance with Regulation 1169/2011 regarding the mandatory declaration of the list of ingredients. During the audit it was found that the product prepared from hake and shrimp (hamburger-shaped) has discrepancies between the list of ingredients indicated on the label of the raw material used and the list declared on the label of the final product processed in the company (thawed, packaged and treated by high pressure). During the plant visit, the raw material label of batch 11112511 of supplier E.P.V. (internal batch 7) was checked and the following differences were observed with respect to the information contained on the label of the final product; batch L7203 brand B.A. (labeled on 17.07.25); on the raw material label the stabilizers E451 and E452 are declared, which do not appear on the label of the product manufactured under the brand B.A., while the additive E223 (sulfites) is declared in the product labeled with the B.A. brand, but is not indicated in the raw material.
 Additionally, there is a slight difference in the declared percentages of hake and shrimp: the supplier's label indicates 56% of hake and 20% of shrimp, while the product packaged and treated by the company under the B.A. brand declares 55% of hake and 19% of shrimp.
 Of this batch of raw materials, 3,000 units were received on 29 May 2025, with a current stock of 256 units. The remainder has been used in various production processes since receipt and has been shipped to customers.
 
 Major Nonconformity 4.10.2:
 According to the evidence found during the plant visit, it was not possible to verify the effective implementation of cleaning activities in all facilities. The following points were identified:
 - On the grate (drain) of the raw material cooling chamber, the presence of viscous residues adhered along the entire surface of the grate was detected.
 - The large cod cutting saw has visible residues; although the equipment is not in use and has been cleaned after use, residues persist.
 - On the pushbutton panel located next to the oil dispenser of line 3, above the passage of containers with product, before oiling, there is dirt on the lower surface.
 - The ceiling and floor of the freezing chamber show a considerable accumulation of frost, especially in the innermost area, where frost was also identified in the previous IFS audit. It is also observed that frost has fallen on blocked product stored in vats.
 - In the cephalopod additive preparation and desalting room, dirt is observed on the ceiling profile.
 - The floors of dock 2 show traces of dirt and areas with slight puddling.
 - In the auxiliary products warehouse, both the floors and the corners between the floor and the wall are dirty.
 - In the room known as the “old workshop”, next to the auxiliary warehouse, the door remains open due to a broken lock.
 
 Major Nonconformity 5.10.1:
 
 The implementation of the nonconforming product management procedure cannot be guaranteed, according to the evidence detected during the plant visit; in the freezer warehouse there are numerous pallets, although they are identified as retention/R&D tests, there is no documentary evidence that these products have been used or are in use in R&D tests, no evidence was presented, the system implemented does not guarantee protection during use.
 Among others:
 * 5 pallets of surimi retailer brand Aucha_ L8233 BBD 08.2020.
 * 2 pallets of frozen anchovy, whose boxes do not have any identification of the lot, health marking, species, etc. The only identification on the pallet is a small label. The only identification of the pallet is an art. no. 521, internal lot 1, frozen anchovy, FAO 27 E.Encrasicolus. Receipt 19.03.23
 * 2 pallets of small shrimp Mix. P.B. Batch 15932 BBD 12.02.25.
 * 2 rows of pallets covered by black film, opening requested, surimi sticks At. L BD20241009TM BBD 0026.
 * tub, covered with ice that has fallen from the evaporator, where it is located, identified as chipirón withheld due to forfeiture, its contents cannot be seen because it is covered with ice.
 * 18 pallets of boreal mix L08.03.22 of vegetables from prov CN art. 279 internal lot 1. BBD 09.24. boxes of these pallets are broken and there is raw material exposed.",04.09.2024,"2, 7",Locked: 22.07.2025,
82512,7D7617A3,Pitteloud Fruits S.L.,"Paraje Cañada Acebuche,Pol. 10, Parc. 27","Blanca, Murcia",30540,Espagne,,,IFS Food,14.07.2025,"A Major non-conformity was raised during the audit on July 10-11, 2025. 
 Description of the Major NC:
 Clause 5.5.1:
 “Although the number of weight controls were adequate to the batch size, the statistical treatment of the data was not in accordance with the regulation ""RD 1801/2008"" when (e) was labeled. The maximum tolerated error of defect for each package, the standard deviation, acceptance and rejection criteria (TU1-TU2) were not defined for each weight control.""",02.08.2024,5,Locked: 14.07.2025,
83190,E84E4847,Nxtlevel Sportsnutrition (Basic-Fit International) B.V.,Wegalaan 60,Hoofddorp,2132 JC,Pays-Bas,,,IFS Broker,25.07.2025,"During the on-site audit on 23rd and 25th July 2025, several major requirements and KO requirements were found not to have been applied as requested by the IFS Broker Standard.:
 KO at requirement 5.1.1 : It was observed that the last internal audit was conducted on 07/05/2024. Since that date, no new internal audit plan has been established to ensure continued coverage of all IFS Broker 3.2 requirements. Additionally, the designated internal auditor (Ms. XXX) has left the company, and no alternative competent internal auditor has been trained or appointed. Furthermore, no competent external service provider has been solicited to carry out internal audits in her absence. At the time of the audit, no documented risk analysis could be presented to demonstrate how the scope and frequency of internal audits are determined.
 Motivation for KO: As a result, the internal audit program is not effective, not risk-based, and not aligned with IFS requirements. The company is not in compliance with KO requirement 5.1.1, which mandates that internal audits must be performed regularly, by competent personnel, and based on risk analysis to ensure full coverage of the IFS standard.
 NC major 1,3,1 
 Within the past 12-month period, no management review was conducted. As a result, there is no evidence that senior management has reviewed the functioning and effectiveness of the quality and product safety management systems during this timeframe. In particular, none of the required elements outlined in the IFS standard were addressed or documented, in a formal review meeting
 
 NC Major 4.7.1 There is no clearly defined person appointed as responsible for food fraud vulnerability assessment. The person could not demonstrate approriate specific knowledge.
 
 NC Major 5.2.4 The company does not have an established product sampling program in place. It was confirmed during the assessment that no product sampling or analysis is currently conducted, primarily due to economic considerations. However, the company’s HACCP plan identifies certain product analyses as part of the hazard monitoring system, indicating that product sampling is required to verify compliance with food safety parameters. The absence of a sampling program means that these monitoring activities are not being implemented as defined.
 
 NC Major 7.5.2 The corrective action implemented to address requirement 1.3.1 (management review) was not effective. Evident and mandatory elements of this clause remain unaddressed. No formal management review meeting was conducted and no documentation was available to demonstrate that senior management had reviewed the functioning of the quality and product safety management systems. 
 Similarly, the corrective action for requirement 4.7.2 (food vulnerability assessment) was not reworked. Packaging materials were still not included in the assessment. The assessment covers suppliers and not products.
 Similarly, the corrective action for requirement 5.1.3 (competence of internal auditors) was also not properly implemented. No internal auditors have been formally trained or appointed, and no external competent service provider has been contracted to execute internal audits.
 Similarly, the corrective action for requirement 5.7.3 (check on the effectiveness of corrective actions) is not handled. 
 Motivation for KO: The company has failed to implement and verify effective corrective actions for previous non-conformities. As a result, the non-conformities persist, demonstrating that the corrective action process is not effectively managed or monitored.",10.07.2024,"1.10, 1.4, 1.6, 1.8, 2.3",Locked: 25.07.2025,
85558,76F2A035,"Overseas Food Distribution, LLC.",6095 Malburg Way,"Vernon, CA",90058,États-Unis d'Amérique,,,IFS Food,14.07.2025,"Following the follow-up audit carried out by the accreditation body (ENAC), after the office audit on 24-25 and 26 March, where it was detected in the file Overseas Food Distribution, LLC. - COID 85558 that the deviation raised to requirement 3.4.2. does not conclude that the non-compliance identified (Consumption of food and beverages within the plant) implies a KO to requirement 3.2.2. which implies non-certification.
 
 On 14.05.2025 an allegation against this deviation was presented to ENAC, however, on 14.07.2025 ENAC makes available the commission agreement to Kiwa España, in which it does not accept the allegation presented. Due to this, the current certificate of the company Overseas Food Distribution, LLC was withdrawn. - COID 85558.
 
 Deviation raised by the auditor: Deviation: During the walk around of the production areas and warehouse, it was observed deviations associated with employees consuming food inside the process area (cookies in the packaging area and drinks in the warehouse). Not considered a major due to a) the nature of the product requires it to be washed and cooked before consumption; b) Identified in areas far from food contact.",29.01.2025,"5, 6",Locked: 14.07.2025,
85883,7D1771CF,OCEANIKSHADOW SL,"AVDA. INDUSTRIA, Nº 4, BLOQUE 1, PORTAL 2, PLANTA 3, PUERTA C",ALCOBENDAS,28108,Espagne,,,IFS Broker,16.07.2025,"The audit conducted on May 29, 2025, resulted in a failure because the company did not respond to the Action Plan. Subsequent attempts to contact them have been unsuccessful.",19.07.2024,"1,2",Locked: 16.07.2025,
86123,144ABFD2,R2 - INDUSTRIA E COMERCIO DE LATICINIOS LTDA,"BR 267, KM 270","Aiuruoca, MG",37450-000,Brésil,,,IFS Progress Food,17.07.2025,"During the audit conducted at R2 Industria e Comércio de Laticínios on July 10 and 11, 2025, two major nonconformities were identified in the requirements described below:
 
 Requirement 2.3.8.1: No validation records for critical control limits were provided.
 
 Requirement 5.8.3: The site does not conduct annual recall simulations to demonstrate its ability to remove nonconforming products from the market, as required by Brazilian legislation RDC 655/2022.",13.08.2024,4,Locked: 17.07.2025,
86473,BC4A8E3E,ALMENDRAS DEL OESTE S.L.,"Pol. Ind La Serena,C/ Irlanda 3",Castuera (Badajoz),6420,Espagne,,,IFS Food,15.07.2025,IFS Certificate suspended due to important damages in the facilities due to a fire.,06.11.2024,5,Locked: 15.07.2025,
86588,E911179C,GLOCELIA S.L.,"MERCÈ RODOREDA, 37 - P.I. PINATAR",CALDES DE MONTBUÍ - BARCELONA,8140,Espagne,,,IFS Food,18.07.2025,"During the recertification audit, the following major non conformity has been detected: 4.13.1 During the inspection of the bakery area, mosquitoes were observed in different parts of the room, where the dough and fermented products are processed and handled. In detail: (1) large number of mosquitoes in the area near the utensil washer (side and back); (2) presence of mosquitoes on the walls near the dough mixer and at the end of the room (near the door that connects to the baking and packaging area) and (3) mosquitoes have been observed, in smaller numbers, in product contact areas, for example, resting inside the croissant cutter, on the dough mixer grid and on the ingredient weighing table, next to the dough mixer.",11.10.2024,6,Locked: 18.07.2025,
86871,09BD8B24,Apollon GmbH,Beim Industriehafen 57,Bremen,28237,Allemagne,,,IFS Logistics,24.07.2025,The company has relocated. The certificate relating to the old location is therefore no longer valid. A new certification audit for the new location is already being planned.,12.11.2024,"1.1.5, 1.1.6, 1.1.9",Locked: 24.07.2025,
86972,09006E9C,Innopack B.V.,Tasveld 36,Rhenen,3911 TN,Pays-Bas,,,IFS Food,22.07.2025,"As of today (22.07.2025) Certima BV withdraw the certificate number IFS-01235 of client 
 
 Innopack B.V.
 Tasveld 36, 3911 TN Rhenen, Netherlands
 COID: 86972
 
 Reason: In email provided on 21.07.2025 company representative Timon Riemens confirmed that company has indeed stopped production as of 20th July 2025.",21.12.2024,6,Locked: 22.07.2025,
87010,06DC1267,ROYAL FRUIT S.r.l. .,"S.P. per Canosa di Puglia km 0,700",S. Ferdinando di Puglia (BT),76017,Italie,,,IFS Food,17.07.2025,"NSF has been made aware the company that due to a company reorganization, the IFS certificate should be withdrawn.",17.10.2024,5,Locked: 17.07.2025,
88060,3B776B2A,MAREALTO S.R.L,"S.S. n.6 Casilina, KM 54, 200",Paliano (FR),3018,Italie,,,IFS Food,17.07.2025,The customer has closed the site/stopped certification of the site,11.02.2025,"2, 7",Locked: 17.07.2025,
88130,DFFC096B,Metzgerei Schuster GmbH,Hauptstraße 43,Altenmünster,86450,Allemagne,,,IFS Progress Food,25.07.2025,Non-payment,19.01.2025,1,Locked: 25.07.2025,
88268,E8A6DF3C,Viands Sp. z o.o.,Spółdzielcza 3,Grójec,05-600,Pologne,,,IFS Logistics,23.07.2025,"During IFS On Site check Major for req. 4.5.4: When the auditor arrived at the site at around 7:50 a.m., the entrance gate was open, the warehouse gate was open wide, and the office door was not locked. There was no one for about 5-7 minutes, even though the warehouse employee was probably somewhere on the premises. So, there was the possibility of easy access for someone from outside to the warehouse and office area for at least several minutes. According to the company's statement, this gate is left open for the arrival of employees around 8:00 a.m. as not all of them are equipped with keys. The TACCP risk assessment presented during Integrity on-site Check was incomplete, did not refer, e.g. to the fact that the gates are left open for several minutes around 8:00 a.m. It also to not refer to the camera monitoring used and another company registered at the same address. No evidence was presented that the effectiveness of implemented protection system was checked, especially in the morning, when gates are left open.",15.05.2025,"1.10, 1.1, 1.2, 1.4, 1.5, 1.6, 1.7, 1.8, 1.9",Locked: 23.07.2025,
88399,"8,60E+07",Lombardi Carlo .,Via Forlì 30,Gravina in Puglia (BA),70024,Italie,,,IFS Logistics,23.07.2025,The suspension was decided due to the failure to pay invoices relating to activities already carried out by Certiquality S.r.l.,13.02.2025,"1.10, 1.1, 1.3, 1.4, 1.5, 1.6, 1.7, 1.8, 1.9, 4.4, 4.5, 4.6, 4.7",Locked: 23.07.2025,
88552,792E438F,Raaskal Foodcreators B.V.,Industriestraat 57,Naaldwijk,2671 CT,Pays-Bas,,,IFS Food,24.07.2025,"As of today (24.07.2025) Certima BV suspends the certificate number IFS – 01409 of client
 
 Raaskal Foodcreators B.V
 Industriestraat 57, 2671 CT Naaldwijk, Netherlands
 COID: 88552
 
 Reason: The audit of Raaskal Foodcreators B.V. was held in the period 31.03.-2.04.2025. They had to pay their invoice till 28.03.2025 before performance of the audit but this did not happen. After many reminders from Certima side they paid 50% from their invoice on 16.06.2025 and the remaining amount should be paid till 18.07.2025 at the latest. This deadline was not met and there is no response on our emails in this regard.
 This is why we want to suspend their certificate until full payment is received.",21.05.2025,"4, 5, 2007",Locked: 24.07.2025,
88764,36B1F554,HC CLOVER PRODUCTOS Y SERVICIOS S.L.,C/ Alicante Nº8,Arganda del Rey,28500,Espagne,,,IFS Food,17.07.2025,"3.2.2 - Non-conformity KO: 
 There is a Standard Operating Procedure: clothing standards, personnel flow and good manufacturing practices in the production area; edition 11 dated 11.04.2025; it indicates that the operator has two lockers; one for personal clothing and accessories and the other for clean protective clothing. During the on-site visit to the men's changing room in the warehouse area, the presence of boxes above lockers 2 and 5 and the presence of clothes and hangers outside the lockers were verified. In the men's changing room in the conditioning area, glass jars, a bottle of windscreen washer, disposable clothing, footwear and a bucket of washable plastic paint were found on top of the lockers. The auditor is not provided with the requirements relating to the personal hygiene of visitors prior to entering the plant. In the situation described the requirements relating to staff hygiene have not been understood and applied by all staff and visitors.",05.09.2024,"10, 11",Locked: 17.07.2025,
89503,117B7B67,Roche4meat by Van de Walle SA,du Petit Granit 3,Rochefort,5880,Belgique,,,IFS Progress Food,23.07.2025,"A Major non conformity was raised, during the last certification audit, on the requirement 2.3.9.1. Indeed, the detection of SS metal stick(red standard) of CCP No. 3 was not recognised in the presence of a piece of meat. 
 No complaints since the previous audit for metal foreign bodies. Metal detector was calibrated and detected testing SS stick alone.",07.08.2024,1,Locked: 23.07.2025,
90030,770DF2EF,Landkäserei Reißler GmbH,Am Mühlberg 2,Bissingen,86657,Allemagne,,,IFS Food,25.07.2025,Utilisation of this location ended. Production is back in Nordendorf.,21.11.2024,"4, 7",Locked: 25.07.2025,
90206,E4C2A1BE,Gourmondo Handelsgesellschaft m.b.H.,Eckberger Weinstrasse 32,Gamlitz,8462,Autriche,,,IFS Broker,21.07.2025,No payment made to CB (in compliance with the CB reminder periods).,29.01.2025,"1.1, 1.7",Locked: 21.07.2025,
316,2689CD55,Albert van Zoonen B.V.,Grotewallerweg 4,NM Schagen,1742,Pays-Bas,,,IFS Food,15.08.2025,"A Major Non-conformity has been raised during the IFS Food v8 unannounced re-certification audit from 12/08/2025 to 14/08/2025 at Albert van Zoonen B.V. COID 316:
 
 Requirement 4.14.5
 Identification of raw materials and finished product was not adequate (D from last audit). Seen during production round that there was in the chiller crates with cuttered product to be reworked, also seen un bagged crates of cream cheese without identification. Furthermore seen in the freezer, crates of spring rolls mini and maxi which were not identified. Also there were a lot of products of which BBD date was expired. Seen f.i in storage in production: Waddemolen flour BBD 6/2025 1,5 pallet, seen in freezer storage cheddar cheese grated BBD 13-11-2021 and seen in dry storage: Paprika Breader 345 kilo BBD 12-04-2024",30.09.2024,7,Locked: 15.08.2025,
1424,E67F644B,Heinrich Brüning GmbH,Stenzelring 22,Hamburg,21107,Allemagne,,,IFS Food,14.08.2025,"Major NC: On March 18, 2025, the company initiated a recall due to an official order from the Lower Austrian Provincial Government, Agriculture and Forestry Group, Veterinary Affairs and Forestry Department. The email from the authority was received at 5:35 p.m. The reason for the withdrawal was, in the opinion of the authority, a detected rancidity in walnut kernels. According to the authority, this constitutes an unsafe product.
 On March 19, 2025, the acceptance of the withdrawal was communicated to the customer by email.
 According to the company, an attempt was made on March 21, 2025, to report the recall to DQS CFS GmbH in the portal for reportable events in accordance with the official order. According to the company, this was not possible. An error message was received from the DQS portal. A screenshot of this is available, but without proof that it was on March 21, 2025.
 On March 24, 2025, the company reported the matter to a responsible employee of DQS CFS GmbH by informal email. 
 This email is available.
 As there is no evidence that an attempt was made to post the report on the DQS CFS GmbH portal on March 21, 2025, the verifiable reporting date is March 24, 2025. Due to the late reporting, a major is awarded.",13.08.2024,"5, 6",Locked: 14.08.2025,
4485,C7E0B5D9,Bressor SA - Site de Servas SA,BP 26,Servas,1960,France,,,IFS Food,12.08.2025,"Major NC on req 4.5.2
 The documentation available to justify the conformity of the PP cups (Article B4672400) used for the packing of autoclaved cheeses only includes the declarations of conformity of the plastic raw materials and the colouring agent used by the supplier, but no declaration of conformity issued by the supplier itself of the final object.
 There is also no global migration test available to ensure that this packaging does not influence the finished product that undergoes heat treatment in the packaging.
 It should be noted that this packaging reference is only used for the company's own brand products.",12.11.2024,4,Locked: 12.08.2025,
7457,87F0F810,Vodnanska drubez a.s.,Radomilicka 886,Vodnany,38901,Tchéquie,Vodnanska drubez a.s,39806,IFS Food,28.07.2025,"In Integrity On-site Check, several non-conformities were identified against the following IFS-Food v8 requirement(s).
 1.2.6 Major: 
 There was recall initiated by Veterinary Inspection on 27-FEB-2025. It was related to the product: Sweet chili baked chicken wings, LOT no. 1025021400, production date 14-FEB-2025. The reason for recall was positive result for listeria monocytogenes for the above-mentioned product (1 sample positive from 5 tested). CB was not informed about this recall. 
 4.9.4.1 Major: 
 Condensation was observed on the ceilings and overhead fixtures in many areas of the plant. This problem was observed, among others: 
 - in the cold store where the meat preparations after thermal processing awaits packaging (high-risk area) - the ceiling and the cooling equipment were visually not clean; 
 - under multi-head scales for shaped breaded products (high-risk area) – thanks to the design of the device there was no direct risk of product contamination; 
 - in the meat warehouse (low-risk area) - the raw materials were covered, so no immediate risk was observed during the Integrity on-site Check; 
 - in the stuffing and cuttering areas (low-risk area) - there was a risk of droplets falling on the raw material, but no risk to the finished product due to the thermal processing used as a next step. 
  The ceilings and overhead fixtures were found visually not clean and no evidence of testing for ceiling condensation, at least from high risk areas was presented. 
 In addition, flaking off paint to the ceilings at manual removal of bones from the boiled chicken legs, at old cutting area and evisceration area of slaughter. The rust on the ceilings was noted at many spots at sausages production area.",26.11.2024,1,Locked: 28.07.2025,
9860,A665F6A1,"Greenyard Prepared Belgium nv, site Bree .",Industrieterrein Kanaal-Noord 2002,Bree,3960,Belgique,Noliko NV,3960,IFS Food,12.08.2025,"KO - 2.3.9.1 : Broken glass is seen as a CCP. Control measures are check on glass during shift change and at start up. In the rinser for Hall A a shard was seen aprox 5 by 5 mm that was grey colored. Last registered glass breakage in this part was 30-jun-2025. This indicates that this CCP is not under control.
 Near the rinser of the for the salsa sauce (hall A) also some glass was seen on the floor.",06.02.2025,"5, 7",Locked: 12.08.2025,
10429,D54B109C,LORIFRUIT SCA,210 Rue Louis Fereyre,LORIOL SUR DROME,26270,France,,,IFS Food,31.07.2025,"Audit dates: July 29-30, 2025 : 2 NC major have been detected
 IFS requirement 4.10.6 Surfaces in contact with food are cleaned using DXXX (alkaline foaming disinfectant detergent). The recommended concentration on the technical data sheet is 1% with an action time of 15 minutes. However, DXXX is used without validation at a concentration of 2% and an action time of 5 minutes. 
 IFS requirement 4.17.1 During the audit, the following was noted: For both air compressors, there was no documented evidence of the air class applied for cleaning the conditioning lines and their maintenance work since 2023; On packaging line no. 4, it was observed above the conveyor belts for naked fruit packaged in cardboard trays that a gear motor without a casing had one of its seals starting to leak oil.",03.09.2024,5,Locked: 31.07.2025,
13476,F65D6B25,Maso Uzenny Polička a.s.,Kamenec u Poličky 300,Policka,572 23,Tchéquie,,,IFS Food,29.07.2025,"LRQA has been notified on 28th July 2025 of 2 KO Non-conformities raised by IFS in connection with the Integrity On-site Check at the site Maso Uzenny Polička a.s. - COID 13476 on 24th July 2025:
 
 Requirement 3.2.2 (KO): 
 Personnel hygiene rules were not followed in several cases:
 1. One employee (shift leader at raw meat packing) was wearing neck chain.
 2. Protective clothing and number of working shoes were placed in the part of changing room dedicated for street clothes (changing room for clean part of the slaughter). 
 3. Private shoes were also left in the locker room in the work shoe area.
 4.-In the packaging area (open product area), employees wore masks under their noses.
 5. In the area where the product was cooled after heat treatment (before packaging), one employee was not wearing a mask and wore a cap so that part of his hair was uncovered.
 6. One person from the technology department accompanying the auditor to the open product area was not wearing a mask.
 7. In the meat preparation area, an employee with a mustache and beard was not wearing a beard/mustache cover.
 
 Requirement 4.12.1 (KO): 
 Hard plastic risk was not controlled in the clean part of the meat packing. There were two lights with broken clear hard plastic cover, pieces have been missing. It was at the beginning of the Multivac R126 and G.Mondidi packing lines (open product area). Shift leader checks the brittle items according to register monthly, last check was dated 14 JUN 2025 with no findings. Additionally, shift leader checks the cleanliness and integrity of the area and equipment every day before the production, records including for 24 JUL 2025 showed no findings. The shift leader explained that during the daily inspection, he does not check the construction above the line. No one was able to explain when the damage occurred, to confirm that no product had been contaminated with missing parts.
 
 The IFS certificate is suspended. An on-site follow up visit will be conducted to verify the implementation of the actions taken by the site to solve the identified non-conformities.",23.12.2024,1,"Locked: 29.07.2025, Unlocked: 05.08.2025",
14739,E311D965,Cesare Regnoli & Figlio S.r.l.,"Via Mazzini, 62,",ARIANO NEL POLESINE (RO),45012,Italie,,,IFS Food,05.08.2025,The factory suffered a fire that destroyed the production area.,11.12.2024,"2, 5, 2007",Locked: 05.08.2025,
21852,F6F7C5B8,PESCANOVA ESPAÑA (CATARROJA) S.L.U.,"C/Camí Vell de Russafa, 3",Catarroja (Valencia),46470,Espagne,,,IFS Food,28.07.2025,"According to the Integrity on-site Check carried out on June 30, 2025, the company PESCANOVA ESPAÑA (CATARROJA) (COID: 21852), has obtained a Major Non-Conformities in the following requirement:
  
 Major Non-Conformity 3.1.1.
 Despite it was observed that the employees performing work that affects product safety have received specific training on the topics, during the audit it was observed that in 2 cases where the process parameters were out of control, the employees doing the monitoring were not aware of the procedures in place, and did not initiate the corrective actions required in order to guarantee the safety of the product. 
 1) In the cooked crustaceans packing line, the product core temperature check is a control for the product safety according to the HACCP and the limit set on the log is 4.5ºC. The controller stated “she always takes the sample product from the beginning of the line to have positive results, because at the end of it, temperature is always higher than the set limit”. According to the records of the day, the core temperature of the product is always within the limits defined (< 4.5ºC). However, when the check was requested by the auditor, the core temperature was 15ºC. The employee did not react to this deviation on the temperature, and It
 was the production manager who asked later for the line stop, blocking of the product and re-starting the operation with another pallet taken from the cold chamber. Again, some minutes later, when this issue was challenged by the auditor again, the product was at 8.5ºC and she did not either take any action, neither when the third check was done, one hour later and the product was at 6.5ºC. There is not a proper procedure / instruction about how to act when there are such deviations. 2) The procedure for monitoring CCP2 (metal detector) was not followed correctly in the fish line by the employee when it was challenged by the auditor. The controller did not have the metal detector instruction on the work station, and she failed to follow the protocol in regard to the position of the bar testers and general procedure instructions. When the worker was told about the fact by the auditor, she started the check again, but for 2 of the materials (non Fe and SS), the metal detector did not reject the bar testers. The controller did not take any corrective action when this was observed, and stated “20 mins before it worked properly, as you can see in the records”. When the auditor told the quality manager and production manager that the monitoring was not successful and the packing was still running, they took corrective actions, blocking the product previously packed. The device was not yet working when the audit ended.",13.02.2025,2,Locked: 28.07.2025,
27680,FF8D90E6,Biofruit GmbH,Am Langen Graben 5,Düren,52353,Allemagne,,,IFS Broker,31.07.2025,Biofruit GmbH filed for insolvency on 06/01/2025. Contact has not been possible since then.,09.01.2025,"1.10, 1.5, 1.8, 1.9",Locked: 31.07.2025,
28521,75C28203,TUKAŞ GIDA SANAYİ VE TİCARET A.Ş,Çaybaşı Mah. İzmir Cad. No:51,"TORBALI, Izmir",35880,Turquie,,,IFS Food,07.08.2025,"On 06/08/2025 a communication was received from IFS, company was audited by another CB and three non conformities were raised. Decision is taken to block the certificate.
 2.3.9.1 KO: It was observed that the critical control point on the mayonnaise line was not within control.
 The filter on the mayonnaise line, a KKN (Certified Filter), was checked during the inspection. The filter was found to be broken.
 It was observed that personnel were not aware of the monitoring and inspection frequency.
 (During the audit, the mayonnaise tank lid was open, and there was contamination on the ceiling.)
 4.13.1 MAJOR: The site's pest control system was observed to be ineffective.
 Such us:
 Ant infestations were observed in the yeast extract in the warehouse.
 Bird activity was observed in the final product warehouse, and bird droppings were observed on product packaging.
 4.18.1 KO There is no product traceability identification on the alcohol vinegar in the warehouse.
 Some production ingredients were observed without lot information.",09.10.2024,"5, 9",Locked: 07.08.2025,
28950,17C2DAAE,Thiers Fleisch- und Wurstwaren GmbH,Hansastr. 128,Bochum,44866,Allemagne,,,IFS Food,11.08.2025,"Major in 4.3.2: The company has been manufacturing the product “Scharfe Jungs” for a long time. Until now, the product was sold loose for stocking on the service counter. Since this year, the product has been manufactured in a ready-made package for retail sale. It is a smoked product similar to a pepper sausage. The labels (front and back of the packaging) only feature the fancy name “Scharfe Jungs.”
 According to Article 17(4) of the LMIV, the name of a food product may not be replaced by a fancy name.
 In such a case, the legally prescribed or customary name or, if not applicable, a descriptive name must be added (paragraph 1 of Article 17).",15.11.2024,1,Locked: 11.08.2025,
29122,250AE723,PT servis konzervárna spol. s r.o.,Purkyňova 1000/4,Tábor,390 02,Tchéquie,,,IFS Food,14.08.2025,"2.3.9.1 KO
 
 Records of CCP monitoring for products at the time of Integrity on-site Check were not respecting required frequency:
 1. For product Šunková pěna 100g (Ham foam) alupack, production started at 05:40, but the first can quality test was performed at 06:00 (It shall be performed during the start of production)
 2. For product Vepřové ve vlastní šťávě 300g (Pork in gravy) metal can, there was missing record of CCP monitoring can quality at 10:15 (checked at 10:33) and previous record at 08:15 was not complete – value was missing). 
 Two different forms for CCP2 monitoring are in use (07 AUG 2025, 08 AUG 2025, 11 AUG 2025), use of obsolete monitoring form as well as missing CCP monitoring records is not found during daily verification of CCP2 monitoring forms by internal laboratory. 
 
 4.14.2 Major
 Storage areas for frozen and chilled meat and other raw materials were overloaded, with no possibility to enter and control the areas, some pallets of frozen meat were located in corridor and it was explained, they will be used in production soon, but there would be no space for them in the storage area and other raw materials for afternoon production were in located in the upper floor. 
 One of chilled storage areas was open to the corridor with no doors, one pallet with pork lard was stored partially in the corridor, storage temperature was not respected (required max. 4°C, raw material temperatures were 5,8°C for pork lard and 5,2°C for mushroom). Temperature sensors are not located based on worst case scenario validation and therefore the issue of higher temperatures was not identified (all records are in compliance with internal CP limit max. 4°C) even with doors removed so one or the chilled storage areas is not closed. 
 Internal CCP limit for frozen storage is max. -15°C. Last veterinary authority audit performed on 08 OCT 2024 resulted in non-conformity for frozen storage between -15 to -18°C with CP limit max. -15°C not complying with limit max. -18°C. No internal validation using worst case scenario was performed to support the internal limit. 
 
 4.17.4 Major
 Status of several equipment was unsatisfactory. Sealing of two cooking vessels for meat products cooking (skin cooking at a time of the Integrity on-site Check) was not possible to clean with old product deposits, welding of several stainless steel trays, cooking vessels covers and tools were rough or with void spaces and these areas were difficult to clean, two engines above the sauces mixing and flour base mixing were dirty on surface and above or close to the open product. 
 
 4.3.2 Major
 Product Red cabbage 640g production date 11 MAR 2024, BBE 11 MAR 2027 was labelled as sterilized, it was pasteurized at 86 - 87°C for 4 to 8 minutes (fully outsourced product). 
 Green beans 680g pasteurized label was noted in packaging material warehouse. The label was delivered to the company on 12 JUN 2025 and were used last time on 16 JUN 2025. 
 In both cases, the labels does not comply with Czech legal requirements for labelling of sterilized and pasteurized vegetable products 397/2021. Repeated non-conformity from IFS audit in 2024. 
 5.11.3 KO
 The implementation of the several corrective actions resulting of the last IFS audit (not calibrated calliper for CCP2 monitoring, over filled freezer, CCP2 monitoring records, flaking off paint above the cans reverting/washing) as well as of the last veterinary authority audit performed on 08 OCT 2024 (frozen meat storage temperature) was found not satisfactory. Reoccurrence of non-conformity from previous IFS audit performed in 2024 was identified during the Integrity on-site Check (labelling as pasteurized versus sterilized products not complying with Czech legal requirements). 
 Non-conformity records for last veterinary authority audit performed on 08 OCT 2024 as well as for last recall initiated on 26 AUG 2024 does not contain root causes and corrective actions relevant to the non-conformities (frozen raw material storage temperature higher than -18°C and recall) and effectiveness of the corrective actions was confirmed the same date as the correction, corrective action description. This resulted in ineffective corrective action.",22.05.2025,"1, 2, 5, 7",Locked: 14.08.2025,
31766,B4B0A6D6,"MISSION FOODS IBERIA, S.A.U – FUENLABRADA SITE S.L.",Calle Paloma n° 2 - P.I. Los Gallegos,Fuenlabrada (Madrid),28946,Espagne,,,IFS Food,01.08.2025,"Major non-conformity 4.3.2: it was verified during the plant visit and during the documentary review that the labelling of the product T Trigo 20 A 10X10 Cxxxxxxxxxx did not include water in the list of ingredients. This product contains between 27% and 31% water. However, this ingredient is included in the product specification sheet. In the situation described above, the procedure does not ensure that the labelling complies with Regulation 1169 of 2011 concerning the information provided to the consumer.",07.11.2024,6,Locked: 01.08.2025,
32597,BBE17D0E,Liffey Meats Ltd,Oldcastle Road,"Ballyjamesduff, Co.Cavan",A82 N766,Irlande (pays),,,IFS Food,30.07.2025,"4.8.2:
 The process flow, from receipt of goods to dispatch, that is implemented, maintained, reviewed don’t ensure that the microbiological, chemical and physical contamination risks of semi-finished and consequently finished products are avoided. 
 There a risk of contamination through the following parts: 
 - In the mincing line n.1 currently mincing meat the external part of the meat grinder outlet is completely rusty, and some drops of water are falling down from it to the below pool containing minced meat. 
 - In the retail room above line (from 1 to 3) there are pink spots on the ceiling (possible red molds) with condensation. 
 - In the deboning area the internal surface of the inside of ceiling and evaporator that is exposed and visible rusty in many parts (e. g. the connecting part of area n.2 and 3, above the flaking line, above the belt for bones, etc.) 
 - Above the flaking line where exposed meat is currently worked, there are some panels and pipes with flaking surfaces. 
 - Above the bone hall 1 there are 2 evaporators rusty in the internal surface and dropping water on the belt below and boxes on which exposed meat is working. The operator used a collecting tool very dirty that let fall down more condensation. 
 - In the chlorination room are stored some tanks containing lubricants (of which at least 7 are opened) and a tank full of chlorine (used for the water in the factory as ingredient and to wash) opened with black drops visible in the liquid.",24.10.2024,1,Locked: 30.07.2025,18.08.2025 - 20.08.2025
32916,B3AC7DB4,Samson Cherqui CIACAM SAS,34 avenue de Rome - ZI Les Estroublans,Vitrolles Cedex,13127,France,,,IFS Food,14.08.2025,"During the technical review of the 12 August, concerning the audit of the 29 and 30/07/2025, a major non-conformity was raised on item 4.17.2 : (Downgrade from last audit): 
 During the audit, evidence of compliance with legal requirements could not be provided for the following equipment:
 - Metal bins with blue coating (in direct contact with the goods). This same equipment had already been identified during the previous audit as a deviation, hence the downgrade
 - Apron of the Westrup densimetric table",02.10.2024,"5, 6",Locked: 14.08.2025,
39447,B810C252,MüKa Kartoffelverarbeitung (Müller Fresh Food GmbH & Co. KG) GmbH,Bötheler Weg 8,Stolzenau,31592,Allemagne,,,IFS Progress Food,29.07.2025,The company ceased operations/production on 30 June 2025.,03.07.2024,5,Locked: 29.07.2025,
39853,1A7C1484,Bösch Boden Spies GmbH & Co. KG,Heidenkampsweg 74 – 76,Hamburg,20097,Allemagne,,,IFS Broker,11.08.2025,All IFS broker-relevant activities are only handled by Bösch Boden Spies Import GmbH (COID 39857).,08.08.2024,"1.10, 1.5, 1.6",Locked: 11.08.2025,
43324,50E3C681,Gemüseverarbeitung Radefeld Einzelunternehmen,Zum Frischemarkt 1b,Leipzig,4105,Allemagne,,,IFS Broker,12.08.2025,"The invoice for the audit dated March 15, 2025 has not been paid.",24.04.2025,1.5,Locked: 12.08.2025,
51019,C2018216,KERNenergie GmbH,Grundtalring 23,Großwallstadt,63868,Allemagne,,,IFS Progress Food,28.07.2025,"4.3.1 Major:
 The product labels/declarations examined in the assessment were not fully compliant with the relevant provisions of the EC reg. 1169/2011. 
 1. The label of the product “Asian Fusion”, which is affixed to the bottom of the aluminium cans, is illegible to the end consumer (due to the font size). The minimum font sizes speci-fied in EU Regulation 1169/2011, Art. 13 (2) & (3) in conjunction with Annex IV. 
 2. The label of the product “Australian Gold without salt 350g” (best before date 23.01.2026, packaged in a stand-up pouch) does not contain a sales description. The ‘name of the food’ according to EU Regulation 1169/2011, Art. 9 (1) a) is therefore not specified. 
 3. End consumers can create their own nut mixes via the company's online shop using the “nut mix configurator”. An end product label is created based on this individual order. At the time of the assessment, it is not certain that all ordered components will also be included in the declaration. Conversely, it is also possible that components that were not ordered will be in-cluded in the end product declaration.
 4.5.1 Major:
 The product ‘Asian Fusion’ from the traceability test was filled into a laminated aluminium stand-up pouch from DP (Note: Note: Company name is abbreviated). A declaration of conformity dated 01.01.2023 is available for the primary packaging material. According to the declaration, the material is suitable for packaging ‘dry products’. The company has not tested whether this material is suitable for packing oily/greasy products.
 4.18.1 Major:
 The traceability of the primary packaging material from the traceability test was not possible on a batch basis. According to the stock removal logs, both the use of primary packaging material (stand-up pouches) from the goods receipt at the end of January 2025 and the use of pouches from the goods receipt on 17 March 2025 would be possible. The stock removal log is not clear in terms of how the log is kept because the internal batch was not entered in the log, but rather the quantity withdrawn. In addition, a box of other primary packaging material was not marked with the intended internal batch number (PET stand-up pouches 350g). This box could not be assigned to any goods receipt and its transfer to a stock removal list was no longer guaranteed (break in traceability for this box).",16.09.2024,"5, 6",Locked: 28.07.2025,
51923,011C6596,BOUBASUD sprl,"Rue des Alouettes, 22",MILMORT,4041,Belgique,,,IFS Food,08.08.2025,"KO om 5.11.3
 ""The corrective actions defined during the previous IFS audit and developed within the company are not sufficiently effective to prevent their recurrence. As a result, a large number of deviations following the IFS 2024 audit could not be closed during the current audit (3.2.2, 4.3.2, 4.9.4.1, 4.10.1, 4.12.1, 5.1.1, 5.1.3, 5.3.2 and 5.3.5).""
 
 and 5 Major NC's on 1.2.2, 2.3.6.1, 2.3.9.4, 4.3.2 and 4.5.2",19.11.2024,"5, 6, 2007",Locked: 08.08.2025,
53553,7EBF0018,Backhäusle GmbH,Reinhold-Würth-Strasse 11/1,Ilsfeld,74360,Allemagne,,,IFS Food,08.08.2025,"Major Nonconformity 4.13.2:
 During the site visit on the first day of the audit, various insects were observed in the production area. There was a dead wasp in the gluten-free room, a live hornet near the crate washer, several houseflies, and small fruit flies in the dough production area. Some of the fruit flies were also found on the raw material (yeast) and the dough currently being processed (for Tiger Pretzels).
 Pest monitoring revealed no significant insect infestations. During the site visit in July, the traps were infested just below the threshold values. However, the number of traps in the production area, as well as the employee response at the time of the audit, are objectionable.
 
 KO Nonconformity 5.11.3:
 The process for handling actions (corrections, corrective actions) is not sufficiently implemented in the company.
 Although various corrections and corrective actions were implemented after the last IFS audit in 2024, repeated deviations were identified at several requirement points (e.g., 1.3.1 Management Review, 4.5.3 Label Inspection, 5.1.1 Internal Audit), or a corrective action was not implemented as specified in the action plan (4.5.3 Label Inspection in the Internal Audit).
 Furthermore, the recording of deviations, e.g., from the internal audit, is incomplete despite external support, so that the description of precise actions, including deadlines and responsibilities, was not plausibly comprehensible.
 Furthermore, completion notes of ""OK"" are entered for the actions without any reference to who or on what basis the processing was completed.",06.11.2024,6,Locked: 08.08.2025,
54063,FCD13E23,GOOD MEAT NV,Venecolaan 28,Aalter,9880,Belgique,,,IFS Food,29.07.2025,"Major 4.9.4.1 : On day 1 of the audit, there were some condensation droplets on the ceiling of the portioning room. However, on day 2, significant condensation was present on the ceilings in many rooms. It turned out that two fans were not working, which was unnoticed during the line release for startup. 
 
 Following our findings, the external cooling and ventilation company immediately arrived on-site to repair the fans. Pending the adjustment of the ventilation throughout the entire production area, any condensation is manually removed, and a dedicated inspection is performed every two hours.",03.09.2024,1,Locked: 29.07.2025,
57096,CEBA4A13,Nuovo Pastificio Vietri S.p.A.,AREA PIP Leone 5-6-7,Montoro - AVELLINO,83025,Italie,,,IFS Food,08.08.2025,next on site audit not planned due to insolvency,02.08.2024,6,Locked: 08.08.2025,
58156,3FBCDF8F,Functional Food Grono GmbH,Zona Signu 279,Grono,6537,Suisse,,,IFS Food,31.07.2025,Closure of the GRONO production plant due to the severe crisis in the sector and the lack of competitiveness of the installed equipment.,07.01.2025,10,Locked: 31.07.2025,
60663,DE352D4E,DESOSSATS JORDI I MARC S.L.,"Jonquer, s/n",Les Planes d'Hostoles Girona,17172,Espagne,,,IFS Food,28.07.2025,"During the IFS Integrity on-site audit conducted on July 23, 2025, 5 non-conformities were detected:
 
 Nº 1 - 1.2.1 KO:
 During the visit to the facilities, it was observed that several operators collect product from the floor and place it on pallets with the final product (ham rid and small pieces of ham). The product is during hours in contact with the floor.
 During the visit, three operators were interviewed, all three of whom indicated that at the end of the day, the waste on the floor is collected to fill the pallets with the final product to be sold to the customers.
 During the audit it has been observed that some operators do not fill in the temperature records of the chillers correctly. The temperatures recorded are not the real ones.
 
 Nº 2 - 2.1.2.1 -Major:
 During the visit to the facilities, the temperature control record of the chillers was requested; in the case of refrigeration chamber Nº 1, the data of temperature recorded by the operator did not exceed 3.7ºC. (during July)
 During the visit, the auditor asked for the temperature to be measured and it was 13.7ºC.
 As could be seen, the refrigeration equipment does not have the capacity to cool this chamber.
 
 Nº 3- 4.2.1.1- Major:
 During the IOC, some customer specifications have been checked:
 - NOEL: Cod 58460
 - COLLEL Cod A-687
 According to these specifications, the final product must be stored and transported at a temperature of 2-7ªC in the case of refrigerated ham or -15ºC in the case of frozen ham.
 In the case of ham rind, it may not exceed 5ºC.
 During the visit to the facilities, numerous pallets with final product were observed stored in the auxiliary material warehouse at ambient temperature. Ambient temperature more than 22ºC.
 Temperature of final product:
 - Ham: 16,5 ºC
 - Ham rind: 19,5ªC
 The person in charge, reports that there is currently a lack of space.
 During the visit, it was also observed that a lorry was being loaded with the refrigeration equipment switched off. The temperature of the lorry was high (outside ambient temperature over 22ºC). According to IT-CP-01 (Instruction to load the lorries), the temperature of the lorry can never be higher than 10ºC.
 
 Nº 4 - 4.10.2 - Major
 During the visit to the plant, a large amount of waste was observed on the floor, The frequency of removal of the product from the floor is not defined.
 The moulds used for pressing ham in the deboning room, were very dirty. During the visit, a number of moulds were observed stored in different areas of the company,
 supposedly clean, but in a very poor hygienic state.
 During the visit, some moulds for pressing were being
 washed, according to the person in charge and according to
 the cleaning procedure, they should be washed at a
 temperature above 45ºC. During the IOC there was no hot
 water in the equipment and they were being washed with
 water at room temperature.
 According to the documents PG-ND Ed 8, the knives must
 be washed at every break ( 4 times per shift). During the visit
 to the production area, a break has taken place and most of
 the workers leave the knives on the work tables.
 
 Nº 5 - 4.12.2 - Major 
 During the plant visit, the presence of mouldy ceilings on
 open product was observed.
 The presence of ceilings with flaking paint on open product
 was observed.
 Ceilings with rust on open product.
 In the deboning area, a leak was observed and water was
 falling on the employee's work table.
 During the visit to the plant, the presence of several broken
 plastic pallets was observed throughout the facilities.",14.05.2025,1,Locked: 28.07.2025,
62280,F0349962,Cremers Coolcare BV,Julianastraat 7,Tegelen,5932 EH,Pays-Bas,,,IFS Logistics,29.07.2025,"This morning (29 07 2025) the unannounced IFS Logistics audit was cancelled by the auditee.
 The auditee (who was acting as director) was the only person at the office. This was because the quality manager was on leave and their replacement was unfortunately on sick leave.
 The decision to cancel the audit was made by the director/owner",12.12.2024,"2.1.10, 2.1.4, 2.1.5, 2.1.6, 2.1.7, 2.1.8, 2.1.9, 2.2.1, 2.2.2, 2.2.3",Locked: 29.07.2025,
63968,8B4DF7AF,Granja Faria S.A,"Estrada Colonia Esperança, seção 06, Zona Rura",Arapongas - PR,86.700-970,Brésil,,,IFS Progress Food,01.08.2025,"During the assessment conducted at MARUTANI ALIMENTOS LTDA (COID 63968) on July 31, 2025, and August 1, 2025, a major nonconformity was identified in the following requirement:
 
 Requirement 4.13.4 - Baits, traps, and insect exterminators
 must be fully functional, in sufficient numbers, designed for the purpose, placed in appropriate positions, and
 used to prevent any contamination.
 Major nonconformity: A dead rat was found on the floor during a visit to the egg washing room. Risk of product contamination due to a failure in integrated pest control and environmental hygiene.",17.07.2024,3,Locked: 01.08.2025,
65237,92C270E4,Europastry (Planta Paterna) S.A.,C/ISlas Canarias 7-Pil. Ind. Fuente del Jarro,Paterna (Valencia),46988,Espagne,Europastry S.A.,8174,IFS Food,31.07.2025,"LRQA has been notified of 2 Major Non-conformities raised by IFS in connection with the Integrity On-site Check at the site Europastry (Planta Paterna) S.A. - COID 65237 on 28th July 2025:
 
 Requirement 4.10.2 (Major NC) 
 During the visit on-site, it was evidenced that the cleaning plan is not fully implemented. Among other aspects, it was observed:
 - Dirt accumulated under the pallets in the raw materials warehouse. According to the cleaning plan 15 MAY 2025, cleaning of floors in this area has to be performed on a daily basis.
 - Sacks of raw materials with dirt on the packaging that were later used in production area, e.g. salt.
 - Dirt accumulated between the floor and walls in the production area.
 - Dirt on the floor and underside of the dough turner equipment on line 7.
 - Trolleys in production are, with semi-processed product (dough) with very dirty wheels.
 - Some shovel to add ingredients on the ground and dirty.
 - Boxes to put ingredients in, supposedly clean, with traces of dirt on the outside.
 - Reception area for raw materials and auxiliary material with accumulated dirt, remains of wooden pallets, plastics, etc.
 - Exteriors of the factory ( in front reception area), in a deficient state of hygiene with remains of organic material, remains of plastic, cardboard, etc.
 
 Requirement 4.14.3 (Major NC)
 During the on-site visit, it was observed that raw materials are not stored in a way that minimizes the risk of cross-contamination.
 - Allergenic ingredients were found in direct contact with non-allergenic ingredients, sometimes the packaging of these products was broken.
 - Sacks of raw material were found in direct contact with the floor, which in certain areas was damp.
 - Raw materials stained with traces of other ingredients.
 - Unprotected packaging material.
 - Sacks of raw material on broken wooden pallets with the consequent risk of contamination with wood chips.
 - Some ingredients within the expiry date together with other ingredients already expired..
 
 The IFS certificate is suspended. An on-site follow up visit will be conducted to verify the implementation of the actions taken by the site to solve the identified non-conformities.",21.02.2025,6,"Locked: 31.07.2025, Unlocked: 13.08.2025",
66627,B587F552,VIDAL GURGHIAN LOGISTICS SL (VGL),"P.I NEOPARK C/ IVARS D´URGELL, 10 EDIFICIO NEOPARK, 1 5-3",LLEIDA,25190,Espagne,,,IFS Logistics,07.08.2025,"During the audit performed on 6th August 2025, it was detected a KO and Major non-conformity under the requirements 5.9.2. & 5.4.2.
 
 KO 5.9.2.
 There is no evidence of the implementation of corrective actions associated with the deviations detected in the previous certification audit. No corrective actions have been defined in relation to the internal audit carried out on 24/06/25.
 
 Major non-conformity 5.4.2.
 The legal metrological verification of several thermographs on company-owned trailers has not been carried out at the legally established minimum frequency (every 2 years). Specifically: Trailer R-2008-BDN, last thermograph verification on 20/06/23 (serial numbers 640115; 28D580590E000045); trailer R-6465BCY, thermograph verification certificate dated 17/05/23 (serial number 04177000926); trailer R-3358-BCW, thermograph verification certificate dated 05/07/23 (serial number 0516018821).",30.09.2024,"2.1.1, 2.1.10, 2.1.4, 2.1.5, 2.1.6, 2.1.7, 2.1.8, 2.2.2",Locked: 07.08.2025,
71826,76A02E1E,Mar Cabo - Produtos Congelados Lda,"Lugar das Carvalhas, Armazém 7",Custóias - Matosinhos,4460-710,Portugal,,,IFS Food,30.07.2025,"The company Mar Cabo - Produtos Congelados Lda - COID 71826 received a authority visit (DGAV) on July 03, 2025, the report was released and sent to WQS last week. 
 24 Non-conformities were raised which the following below show that there are products at risk and/or legal requirements are not met (for example): 
  
 e) The walls and ceiling of the access corridor to chambers CAM 01, CAM 02, and CAM 03 had several dark spots consistent with the presence of mold; 
 f) In chamber CAM 03, water dripping from the evaporator was visible, but the product underneath was properly protected. 
 h) The ceiling of the Sector II freezing tunnel had condensation, and underneath there was product that was not properly protected; 
 3) In the Sector II production room, some knives with orange stains consistent with oxidation were observed inside the container for clean and sanitized knives. There were also knives with moisture on them, which is not in accordance with the utensil cleaning and disinfection plan, which states that utensils must be properly dried after sanitization. It was also found that there are no provisions for intermediate sanitization of knives used in filleting operations during the work period. All of this is in breach of the provisions of Article 5 and paragraph 1 of Chapter V of Annex II, both of Regulation (EC) No. 852/4 of April 29. 
  
 With regard to the assessment of specific requirements for export to the Federative Republic of Brazil, the following was verified: 
 I. With regard to Standard Operating Hygiene Procedures (PPHO), there is no defined and implemented plan establishing daily hygiene actions for facilities, equipment, utensils, and manufacturing practices carried out during intra-operational periods, complemented by specific requirements such as monitoring, verification, application of corrective measures, and respective records, in violation of the provisions of Article 54 of Chapter II of Title IV of Decree No. 9,013 of March 29, 2017; 
 II. Regarding “Work Instruction IFS-GP.01.15 v4.24,” with respect to ""Quality Control – Parasites”, the document presented does not define the criteria for acceptability in fish, nor does it refer to another document that allows compliance with Memorandum-Circular No. 2/2018/CGI/DIPOA/MAPA/SDA/MAPA, of February 8, 2018. 
  
 The company has lost the license to export products to Brazil, Argentina, Cuba and Colombia.",20.06.2025,"2, 7",Locked: 30.07.2025,
73968,6ABEEB11,Sauerlandfrische Dornseifer GmbH & Co. KG,Alte Waldstraße 7,Wenden,57482,Allemagne,Sauerlandfrische Dornseifer GmbH & Co. KG,D - 57482,IFS Food,15.08.2025,"2.3.6.1 – Major
 The hazard analysis for ""Skin-wrapped meals, snacks, and soup bowls"" lacks the cooling process for sauces and mashed potatoes. The cooling process poses microbiological hazards if cooled too slowly; these risks have not been assessed. During the audit, a sauce for Königsberger Klopse (a German meat-ball) was found in the cold storage facility. The production date was August 11, and the sauce had a temperature of 14°C.
 Note: The sauce was immediately disposed of. The final products are all pasteurized again in an autoclave.
 
 4.3.2. - Major
 The label for Zwiebelmettwurst (Small Onion Sausage) is missing the note ""packaged in a protective atmosphere."" The FIV (Regulation 1169-2011, including Annex 3) is not complied with.
 
 4.9.4.1. - Major
 In the filling room for cooked sausages, several ventilation grilles above the filling hoppers (open product) showed visible paint wear. In some cases, loose paint particles were also visible. It could not be determined whether and how the paint had flaked. The defect was not documented in the daily production release. A cleaning on the first day of the audit after production revealed that no possible paint flaking re-mained after cleaning. The ventilation system was not in operation at the time of the audit and has not been in operation since. (Note regarding QA: No QA products are advertised; one item of ITW is produced in a different area.)
 
 4.18.1. - KO
 The systematic and internal labeling of raw materials, artificial casings, and primary packaging materials was not consistently maintained during the plant tour and traceability test on the first day of the audit. Due to the various aspects of this deviation, the audit was subsequently terminated at the customer's request. Situations encountered:
 - The CSB parts list for the item ""Onion Mettwurst"" (not QS-certified) contains a different casing than the one actually used. Traceability is currently still done manually. The casing used was documented here. The printed (not CSB) recipe or parts list does not include casings and films.
 - According to the company, an annual quantity of films is ordered for the films (top and bottom film) used for the ""Onion Mettwurst SB"" (not QS-certified). Documented traceability of when each batch was opened could not be presented in writing during the audit. Batch assignment of primary packaging is therefore not possible.
 - Discrepancies in the transfer of batches from incoming goods to the consumption system. In the batch log for the item ""Biostart Classic 50"", the delivery date was documented as July 28, 2025, when the batch was changed on August 11, 2025, even though the correct delivery date was July 24, 2025.
 - In the spice room, there were two boxes of bottled spice blends dated August 9, 2025, in two E-class boxes. The delicatessen batch information sheet had not yet been completed at the time of the tour.
 - In the BL production office, there were individual cans of tomatoes and dill spice bags whose intended use was not defined or identifiable (it was unclear whether these were free or restricted goods).
 - In the dry storage area, bay leaves were lying on a trolley in bags from two manufacturers (Ubena, Cuisine Noblesse). No incoming goods label was attached.
 - In an E2 box in the dry storage area, there were several cinnamon spice bags from two different manufacturers (Raps, Transgourmet). Only one incoming goods label (manufacturer: Raps) was attached to the box.
 - In the cold storage room for the favorite menu, a few cans and spice boxes were found without an internal incoming goods label.
 - In the potato cold storage room, a pallet of sauerkraut in a bucket was labeled with the internal label for Whole Egg Liquid. The pallet hadn't been opened yet.",17.09.2024,"1, 7",Locked: 15.08.2025,
74891,7FD91DFF,Chocolat Ammann AG,Schulgässli 23,Heimberg,3627,Suisse,,,IFS Food,28.07.2025,"The production site in Heimberg has closed today. Acquisition by Maestrani Schweizer Schokoladen AG, Flawil",11.12.2024,6,Locked: 28.07.2025,
78306,AA6218A6,Cafrost GmbH,Odenwaldring 8-12,Stockstadt am Rhein,64589,Allemagne,,,IFS Food,15.08.2025,"3.2.2 - KO
 With regard to compliance with personal hygiene requirements, a large number of deficiencies were identi-fied during the audit:
 - A workshop employee goes directly from the workshop to production without disinfecting their hands, as is actually required. (The disinfectant dispenser required for this would not have been available on site on the first day of the audit).
 - There are a large number of cigarette butts and empty paper coffee cups outside the emergency exit doors of the production hall, even though this is not a designated smoking area.
 - Employee drink bottles can be found in numerous places in the production area. The drink stations that were originally defined are generally not used.
 - A cup with dried tomato soup residue is found in the workshop.
 - An empty bag of lemon-flavoured Manner waffles is found in a waste paper basket near the spiral freezer (in the production hall).
 - Bearded employees do not always wear a hairnet, as required by internal guidelines. In some cases (with shorter beards), no beard cover is worn or a beard net is only worn on the second day of the audit.
 - A female employee in a position of responsibility has artificial, painted fingernails (but does not use dis-posable gloves when present in production) and also wears a textile band on her wrist.
 - No first aid kit equipped in accordance with DIN specifications and designated in the fire protection plan could be found near the production area. Blue metal-detectable plasters and other first aid materials are available on request in the QM representative's office cabinet.
 - Changing room: the separation of work and private clothing is not always observed. On several occa-sions, work clothing is stored directly together with private clothing.
 - Two employees wear private shoes in the scullery (no safety shoes).
 
 4.12.1 – KO
 The audit revealed a significant risk of contamination of raw materials in open, unsealed bags: The dry goods shelf in the production hall contains opened bags of powdered raw materials, which are stored open in the lower compartment of a shelf. Several wooden pallets with raw materials are located on the shelf level directly above. Pieces of wood have already fallen onto the lower shelf level.
 
 4.13.1 - Major
 Pest control does not meet operational requirements. At the time of the audit, numerous houseflies and a few butterfly flies and cockroaches were found in various areas of production. The adhesive plate of the UV flying insect trap in the production hall near the goods entrance door to the outside is completely cov-ered with flying insects. (There is no separate goods entrance or dispatch area).
 The other adhesive plates in the production area that were examined during the audit are also heavily cov-ered with flying insects. According to the latest report from the pest control company dated 16 July 2025 and previous reports, there is no infestation recorded on the flying insect traps (EV 1-12 all documented with ‘0’ infestation). A flat rate for the monthly inspections has been agreed with the pest control company. According to the work record, the monthly on-site inspections by the service provider at the company al-ways take 0.5–1 hours. Windows that can be opened are equipped with fly screens. The door alarm on the emergency exit doors leading from the production hall to the outside is deactivated. Outside, there are a large number of cigarette butts on the floor near these emergency exit doors. Equipment/machine parts that are not in use are stored in an area of the production hall that is cordoned off with barrier tape. Some of these have not been adequately cleaned before being stored (and wrapped in stretch film). There are crumbs of dirt on the floor. The conditions for efficient pest monitoring in this area are difficult. The same applies to the very untidy workshop on the first day of the audit (area under the stairs ‘littered with rubbish’) and the outdoor area (green vegetation on the building).
 
 4.18.1 - KO
 The traceability of raw materials in the production area is several times not given:
 - Some white plastic crates containing a light-yellow filling (some of which already show clear signs of syn-eresis) are stored in the cold store without any labelling. This is probably a vanilla skyr filling (product de-velopment). It is not possible to determine what is inside (no name, batch number/best-before date, etc. given). 
 - Plastic bags (presumably corn starch) and containers (presumably table salt and flour) are also stored in the production area without any labelling.",05.11.2024,"6, 7",Locked: 15.08.2025,
78355,AA6CE06E,"LAGO, AVES, HUEVOS Y CAZA S.A.","Lg. Ribeiro e o Casal de Rei, 1.",CAMPAÑÓ,36157,Espagne,,,IFS Progress Food,05.08.2025,"We inform you that during the Technical Review of LAGO, AVES, HUEVOS Y CAZA S.A. - COID 78355, - IFS Progress Food v.3 audit, has been detected a Major Non Conformity in the requirement 4.18.3. Audit performed on 09.07.2025.
 
 Explanation: The label states that the product contains 65% chicken, but the total amount of the formulation is not listed, so the label cannot be verified.",23.07.2024,"1, 7",Locked: 05.08.2025,
78538,004DA469,VIGNOBLES ROUSSEAU SCE,1 PETIT SORILLON,ABZAC,33230,France,,,IFS Food,01.08.2025,Suspension of certification requested by customer,31.10.2024,8,Locked: 01.08.2025,14.09.2025 - 15.09.2025
80469,1305DC7B,Maurice Mathieu NV,Westpoort 41,Zwijndrecht,2070,Belgique,,,IFS Progress Food,04.08.2025,"Major - 5.10.2
 
 Corrections and corrective actions are not always taken or implemented in a timely manner in response to food safety and legal issues, incidents. We checked the report of an internal audit about traceability from 11/06/2025. The example taken was a raw material delivered in 2023 with a shelf life until 2024, where the products was started to be used in production 02 June 2025 (seen on a screen shot in the report). No non conformity was described and no root cause analysis nor measure performed. Also, during the controls of the e-weight (once a month 10 products), it was observed that the average weight was lower than the nominal weight, nor correction nor corrective action was taken for that batch. During the quality meeting of June, it was suggested to implement registration of weight controls at the automatic filling by August 31st.",06.09.2024,"5, 7, 2009",Locked: 04.08.2025,
85016,DC8CF0C7,ENTREPOT FRIGORIFIQUE DE LA BASSE SEINE - Batiment A/A3/B SA,10 rue du Pont 6,LE HAVRE,76051,France,,,IFS Logistics,06.08.2025,"Item : 5.1.3
 Description:
 The internal audits were conducted according to the defined schedule. During the audit, the following audit reports were observed:
 - Building G (audit of June 4, 2025): No corrective actions were defined following this audit (2 non-conformities and 3 areas for improvement)
 - Building E1/E2 (audit of April 3, 2025): Only one corrective action was correctly defined out of 7 deviations
 - Building A (audit of May 22, 2025): No action plan was established and the audit report is incomplete
 The internal audits are not fully documented (Building A report and action plan) and communicated to the relevant individuals (as in the Building A audit report).",10.03.2025,"1.1.1, 1.1.10, 1.1.2, 1.1.3, 1.1.4, 1.1.5, 1.1.6, 1.1.7, 1.1.8, 1.1.9, 1.2.2, 1.2.3",Locked: 06.08.2025,
85017,7DDD041C,ENTREPOT FRIGORIFIQUE DE LA BASSE SEINE SA - Batiment E1/E2 SA,11 rue du Pont IV,LE HAVRE,76051,France,,,IFS Logistics,06.08.2025,"Item : 5.1.3
 Description:
 The internal audits were conducted according to the defined schedule. During the audit, the following audit reports were observed:
 - Building G (audit of June 4, 2025): No corrective actions were defined following this audit (2 non-conformities and 3 areas for improvement)
 - Building E1/E2 (audit of April 3, 2025): Only one corrective action was correctly defined out of 7 deviations
 - Building A (audit of May 22, 2025): No action plan was established and the audit report is incomplete
 The internal audits are not fully documented (Building A report and action plan) and communicated to the relevant individuals (as in the Building A audit report).",16.04.2025,"1.1.1, 1.1.10, 1.1.11, 1.1.2, 1.1.3, 1.1.4, 1.1.5, 1.1.6, 1.1.7, 1.1.8, 1.1.9, 1.2.2, 1.2.3",Locked: 06.08.2025,
85018,407026DF,ENTREPOT FRIGORIFIQUE DE LA BASSE SEINE SA (EFBS) - BATIMENT C SA,9 rue du Pont IV,LE HAVRE,76051,France,,,IFS Logistics,06.08.2025,"Item : 5.1.3
 Description:
 The internal audits were conducted according to the defined schedule. During the audit, the following audit reports were observed:
 - Building G (audit of June 4, 2025): No corrective actions were defined following this audit (2 non-conformities and 3 areas for improvement)
 - Building E1/E2 (audit of April 3, 2025): Only one corrective action was correctly defined out of 7 deviations
 - Building A (audit of May 22, 2025): No action plan was established and the audit report is incomplete
 The internal audits are not fully documented (Building A report and action plan) and communicated to the relevant individuals (as in the Building A audit report).",11.04.2025,"1.1.1, 1.1.10, 1.1.11, 1.1.2, 1.1.3, 1.1.4, 1.1.5, 1.1.6, 1.1.7, 1.1.8, 1.1.9, 1.2.2, 1.2.3",Locked: 06.08.2025,
85019,CB5B1435,ENTREPOT FRIGORIFIQUE DE LA BASSE SEINE - Batiment F et G SA,Rue Marcel Rougeault,LE HAVRE,76600,France,,,IFS Logistics,06.08.2025,"KO Item : 1.2.1: 
 The measures implemented do not ensure that employees are aware of their responsibilities. Several deviations were noted that undermine product safety and traceability:
 • Product freezing:
 o Since September 2024, there has been no record of product freezing.
 o A new contract was signed with a client for tunnel freezing of scallops. The freezing specifications defined by the company (QUALITE P7F of 04/01/2025 and P01 – C39B) were not respected without validation through risk analysis.
 The warehouse manager is unfamiliar with the freezing procedure and proper monitoring (PRPO)
 • Product storage:
 Many products are not properly stored to maintain product safety and quality, including unprotected raw chicken and chicken fillets in Building F
 Several packages without traceability identification: chicken thigh meat, chicken nuggets, sausages, 9 boxes of Asian products with mixtures, etc. in Building F
 Poorly stored products that could lead to a deterioration in product and packaging quality: sausages, block of meat in Building F
 Products not put into storage quickly, resulting in abnormally high temperatures: pallets of goat cheese at -9.8°C, pallets of chicken thighs at -12.4°C, pallets provided by the group's cutting department
 Heavily frosted pallets, leading to product deterioration: Building G
 • Product inspection upon receipt by quality or warehouse teams:
 o The rules for wearing work clothes are not respected (quality and logistics personnel): wearing headgear, overcoats, etc., even though raw products are being handled and the inspection may not be destructive.
 o Insufficient cleaning of the work surface in the area: placing meat on an insufficiently cleaned work surface (allergen risk with shellfish)
 o Inadequate work organization: very cluttered and dirty work surface – using the wrong scale because the one required is not available (different scales)",06.12.2024,"1.1.1, 1.1.10, 1.1.11, 1.1.2, 1.1.3, 1.1.4, 1.1.5, 1.1.6, 1.1.7, 1.1.8, 1.1.9",Locked: 06.08.2025,
85058,1035E4FE,Brandt & Levie B.V.,Archangelkade 9,Amsterdam,1013 BE,Pays-Bas,,,IFS Food,01.08.2025,"As of today, 01-08-2025 Certima BV withdraws the certificate number IFS-01243 of client Brandt & Levie B.V. (COID: 85058). 
 Reason:
 During the unannounced audit conducted 29.07.2025 – 31.07-2025 auditor raised a major:
 Major on 4.3.2: 
 Deviation on final product labelling:
 - Observed a dried cured salami sausage with written statement/claim Wagyu beef of which only the 20% Wagyu Beef meat part was of Wagyu. The animal protein (muscle) parts of this product were of conventional beef species 94%.
 From the recipe it was observed that the 20% Wagyu Beef meat which related to 100% Wagyu Beef fat should have been declared as beef fat and not as beef meat.
 - A couple of raw prepared sausages follow the process flow that after preparation and packing these were internally frozen. Based on customer order these products were thawed prior to dispatch and delivered (unfrozen, 'fresh') to their clients. However, no references on labelling information made with regards to the ""defrosted""-state of this meat preparation.
 From the validation report on thawing and microbiological shelf life tests based on Salmonella and Listeria monocytogenes and supported by sensory analyses after thawing. Despite no microbiological decay bacteria have been included in these tests on expiry (such as Pseudomonas, Enterobacteriaceae, Lactic acid) result show no increase in decay after thawing. 
 In consolidated issue of this EU Regulation (dated 01.04.2025) no references to art.28 exists anymore referring to 'The freezing and later defrosting of certain foods, especially meat and fishery products, limits their possible further use and may also have an effect on their safety, taste and physical quality'-By means no exclusion on topic 2c could be applicable.
 The companies own interpretation on this subject resulted that the label interpretation has been incorporated based on the exclusion at reference on 'defrosting' in EU 1169/2011 Annex VI part A.2c 'foods for which the defrosting has no negative impact on the safety or quality of the food'. 
 - There are a couple of products artisanal smoked on beach wood and create an organoleptic taste experience of this smoke. No use of artificial smoke aromas/flavouring in place.
 Observed that in the ingredient label no references were made to the smoke flavouring even though this taste is naturally created by smoking the product on beech wood flakes. Some of these articles have a final product sleeve where reference is made to natural smoke flavour achieved by beech wood flakes. 
 Though for a couple of new introduced hotdogs labels derive from ERP-system Reflex and no reference on the origin of the smoke flavour was incorporated. 
 
 Even though this labelling based on law and regulation is incorrect. There was no direct food safety or health impact on final consumer. Immediate actions were taken , such as stock, product delivery and labels are blocked, request for verification by expert team from Pander Consultancy on these discrepancies.",28.11.2024,"1, 7",Locked: 01.08.2025,
85066,CEEB5FD8,BANILA UkusNo.1 doo,Kružni Put 29,Leštane,11309,Serbie,,,IFS Food,14.08.2025,"after Integrity on site check performed on 11 August 2025, detected Major NC at requirements 4.10.2, 4.20.2, 5.3.2 and KO at requirements 4.2.1.3 and 4.18.1.
 
 4.2.1.3 Specifications are not documented for all raw materials. E.g. missing for Oregano. On the software system, there are 127 raw materials used, however folder refers only 41 documents in the system. 
 4.10.2 Cleaning activities are not being carried out properly. Long-term dirtiness and ineffective cleaning are observed in production areas:
 1-Interior of knife sterilization unit
 2-shelves of the table used in the preparation unit
 3-Cover of insect trap seen next to the sesame box seen in the cupboard 
 4-Edge of the cupboard where the raw materials kept in the preparation area
 5-Cloth belt after forming in the bakery area
 6-Trays and trolleys used for baking
 7-Cobwebs available on the wall next to the cold room in the production area
 
 4.18.1 During the site tour, it was observed that some packaging materials and semi products do not have identification label to ensure traceability. E.g sugar kept in box labeled different from the product, prepared salad kept in the Inox, PP cups used as primary packaging, baked toast bread in the bakery area, croissant in the deep freeze storage; sesame under the sink.
 4.20.2 Vulnerability assessment is not available for raw materials. It has been established for the final product which is so general. There is risk analysis for raw materials (P-15 rev.1 however it has been established for all the raw materials used in one type of product together. It is not based on the type of raw material or group of raw material. It does not refer specific hazards and risks.
 5.3.2 The company does not perform risk analysis to evaluate cooling duration of the cooked meat. Addition to this, meat and chilled raw materials are processed in the ambient temperature conditions. Processing time is not validated and not controlled by the company.",18.03.2025,"6, 7",Locked: 14.08.2025,
85496,250AD241,ONE NATURE FRUITS S.L.,"BUHONEROS, 36",MIAJADAS - CACERES,10100,Espagne,,,IFS Food,11.08.2025,"Major NC has been detected int he requirement 4.13.1
 
 The pest control plan is ineffective.
 
 Rodents:
 According to the inspection report dated July 15, 2025: rodent consumption was detected indoors (bait no. 18). The corrective action indicated ""replacement of bait due to consumption."" No further actions were indicated. The certificate report indicates that ""placebo block"" is used for rodents. The situation assessment dated July 15, 2025 indicates that, regarding structural and construction elements, ""no additional measures are necessary beyond those already implemented."" And regarding measures to optimize hygienic, sanitary, and environmental conditions, ""no additional measures are necessary, and proper cleaning and waste management must be maintained in the facilities.""
 
 However, during the audit, rodent feces were observed outdoors (in the courtyard) and inside the processing facilities.
 
 Outdoors: Feces were observed in the corner of the courtyard, where unused material had accumulated.
 
 Indoors: During the visit, at least two metal doors were observed that did not fit properly at the bottom, one of them located next to the exterior patio. Near this door that leads to the patio, inside the processing facilities, rodent droppings were observed (on corner pieces stored next to the door and in the corner). Rodent droppings were also observed near the processing faclities entrance door (inside the processing facilities, entrance from offices) and under the staircase, on the wall near the sink next to the side area of calibrator.
 
 Presence of ants: Ants were observed at exit 3, table 5 (central part of the packaging belt) during line startup. Ants were also observed on the ground under the grader and next to the shipping dock.",06.11.2024,5,Locked: 11.08.2025,
85978,24B0ED91,Ango Levante S.L.,Calle Aiguaders N° 11-13,Algemesí (Valencia),46680,Espagne,,,IFS Food,01.08.2025,"After an IFS IOC done on the 29th July 2025, 2 KOs and 1 Major NCs have been raised under the following requirements:
 2.3.9.1 KO failure of CCP checking
 4.12.2 Major: risk of contamination under the products
 4.18.1 KO: packaging traceability not fully guarantee.
 For that reason, the CB has decided to withdrawal the certificate.",28.05.2025,"2, 7",Locked: 01.08.2025,
86615,A04C498F,"Mafresh, S.L. .","C/ Repuntadora, 28",Mataro,8302,Espagne,,,IFS Logistics,08.08.2025,"The auditor access was denied and the unannounced audit scheduled for August 7, 2025 was not performed.",04.09.2024,"2.1.10, 2.1.5, 2.1.8, 2.1.9",Locked: 08.08.2025,
87367,4EEED222,Max Frischgeflügel und Spezialitäten GmbH,Feldweg 28,Apen,26689,Allemagne,,,IFS Food,31.07.2025,Opening of insolvency proceedings and non-entry into the existing contractual relationship acc.to Section 103 of the German Insolvency Code (InsO).,24.01.2025,1,Locked: 31.07.2025,
88761,1BDA7CA3,Natural Agrofoods Europe The Netherlands,Peterselieweg 110,Ridderkerk,2988 DH,Pays-Bas,,,IFS Broker,01.08.2025,General close down of company site,11.11.2024,1.5,Locked: 01.08.2025,
88824,87AFA54B,Vimida OÜ,Lesta 7,Tallinn,13516,Estonie,,,IFS Food,08.08.2025,Certificate is held due to the lack of payment.,30.07.2025,2,Locked: 08.08.2025,
91962,C2DD302D,Test T1,Am Weidendamm 2B,Berlin,10117,Allemagne,,,IFS Food,04.08.2025,xxxxxxxxxxxxxxxxxxx,10.04.2025,6,Locked: 04.08.2025,
324,244A2B47,Rübezahl Schokoladen GmbH,Dieselstraße 9,Dettingen/Teck,73265,Allemagne,,,IFS Food,29.08.2025,"5.1.1. - KO
 Not all relevant areas are covered by the internal audit programme. 
 For example, no internal audit was carried out in chocolate production; only a CCP audit was carried out on the production lines.
 In production, only site inspections are carried out (known as ‘hygiene rounds’ within the company).
 
 5.7.1 – Major
 1. On the third day of the audit, a functional test of the X-ray detector was demonstrated at 8:00 a.m. in the presence of the auditor. The stainless steel (VA) test piece was not detected in two of four runs. After the X-ray machine was readjusted, further tests were carried out with all test specimens. In one test, a bar was not ejected. This was not noticed by any of the company's employees and the bar continued to run on the conveyor belt. 
 2. After the unsuccessful test, the company's blocking procedure was inspected. The last successful X-ray check took place at 7:00 a.m. From 7:00 a.m. to 8:00 a.m., two pallets were scanned in the warehouse one floor below, one of them at 7:07 a.m. Two pallets were still on the production line. 
 The QA employee who was blocking the pallets was asked which pallets she was blocking. 
 The two in production had already been blocked. She stated that the pallet scanned at 7:07 a.m. did not need to be blocked. The journey by lift takes no longer than a few seconds and, under unfavourable condi-tions, the pallet scanned at 7:07 a.m. could contain products that had been checked with the X-ray machine not set correctly.",18.12.2024,6,Locked: 29.08.2025,
582,B09C1585,Fleischwaren Berger GesmbH & Co KG,Koglerstraße 8,Sieghartskirchen,3443,Autriche,,,IFS Food,03.09.2025,"4.5.3 Major:
 For a number of meat products made from broken goods (trimmings and miscuts, slices that are too small or broken), the lists of ingredients do not comply with the requirements of the LMIV (Article 18). 
 Worst-case ingredient lists are provided, which approximately correspond to the ingredients of the products used: Poultry ham trimmings (1973): The package (best before date: 11. Sep. 2025) actually contains chicken ham. The ingredient list includes turkey meat in addition to chicken meat.
 Bruch Diverse Würstel (1994): The package (best before 09.Sep.2025) actually contains a mixture of grilled sausages, veal sausages and chilli sausages. In addition to the ingredients specified in the recipe, in the list of ingredients also includes is missing veal and smoke flavouring. This mixed pack may also contain Käsekrainer sausages. The ingredient cheese is listed with the note ‘May contain traces of milk products’, but the allergen is not declared as an ingredient.
 Bruch Wurstscherzel geräuchert (1992): The package (best before 12. Sep.2025) actually contains Leberkäse. In addition to the ingredients specified in the recipe, the list of ingredients also includes beef, flavour enhancers, pistachios, beetroot concentrate and maltodextrin. The ingredient “smoke” is missing.
 Bruch Wurstscherzel (1996): The package (best before 10. Sep.2025) actually contains spicy sausage. In addition to the ingredients specified in the recipe, the list of ingredients also includes beef, veal, flavour enhancers, E451, E452 and pistachios. 
 Sausage cuts (1999): The package (best before 13 Sep. 2025) actually contains Wellness-Extrawurst sausage. In addition to the ingredients specified in the recipe, the list of ingredients also includes beef, veal, bacon, potato starch, flavour enhancers, sea salt and paprika. 
 Sliced ham, smoked, roasted, seasoned ham (1998): The list of ingredients includes smoke flavouring, which is not contained in oven-baked ham, for example. If smoked ham is packaged under this item, the ingredient smoke is not listed. 
 
 
 4.18.1 KO:
 Traceability is not possible for broken goods (cut-offs and miscuts, slices that are too small or broken):
 Broken goods are collected in boxes and marked with the daily batch number. The products are not marked with the item description or item number. 
 The traceability of packaged broken goods, e.g. cut poultry ham (1973), sliced (best before 11. Sep.2025), is only possible by checking which finished goods were packaged at that time. It is not possible to trace which cuts of finished goods were packaged in the broken goods. 
 
 Due to the lack of product labelling on the boxes containing broken goods, both when the cut is made (e.g. in the slicing department) and after the broken goods have been sorted (on the filling line where the broken items are packaged), traceability is not guaranteed:
 
 The individual broken items are only identified by their appearance, making it easy to mix them up with other meat products. 
 It cannot be ensured that only the meat product intended for the respective item (according to the breakage list dated 7 June 2024) is packaged. There is a risk of products being mixed up. For example, turkey or chicken ham trimmings could be mixed up with other ham from pork and packaged in item 1973 poultry ham trimmings.
 This is handled systematically. Traceability to all items containing broken goods is insufficient.",03.02.2025,"1, 7",Locked: 03.09.2025,
3191,4A7D012F,AGRAFRESH BV,Kasteeldreef 18,Pittem Egem,8740,Belgique,,,IFS Food,02.09.2025,"MAJOR 4.9.4.1: 
 In high risk zone, washed vegetables are stored in plastic container (on hold) to be send later to the packaging line.
 During the visit in high risk zone it was seen that water droplets are falling from the ceiling on the cleaned vegetables which were stored under.",17.09.2024,"5, 7",Locked: 02.09.2025,
6213,C8634B2C,Freshrex Group OU,Nurmeotsa tee 3,"Pappsaare küla, Parnu",88317,Estonie,,,IFS Food,29.08.2025,"KO 3.2.2 Personnel hygiene rules were not followed in several cases: 
 • Two employees noted in production (open product handling) wearing neck chain, one wearing earrings. 
 • One employee with beard no covered in the same area. 
 • Several employees had not all hairs covered at the same area. 
 • Two employees not in production (open product handling) used cap which did not covered all their hairs. Hair net was not used. 
 Major 3.4.1 Working clothes were stored together with personnel clothing and other belongings including food, drinks, cigarettes, glass or ceramic glasses/cups in lockers in man`s and woman`s changing room. 
 There were personnel shoes stored next to working shoes in both changing rooms (area for personnel shoes provided at the entrance to the social area, but the rule was not followed). 
 Major 4.10.2 Production area and equipment for fresh smelt processing including the conveyor belt in next room, used for smelt preparation before the freezing was used last time in MAY 2025, but was not cleaned since that time. There were rests including whole fish on the equipment. 
 Major 4.14.3 Materials were stored not in the way to minimize the contamination: 
 • Packaging and dry ingredients are stored in warehouse, which is not fully protected against the pests, in unhygienic conditions. Part of dry ingredient packaging was open (granulated carrot), also some glass jars and paper plates returned from the production was stored uncovered. Also, one box of plastic trays was open and stored under wall construction with cobwebs on. 
 • There was a lot of technical material stored in the same area. 
 • There was wooden pallet with frozen fish stored on top of another pallet with frozen fish (frozen storage, room No. 2). Foil was damaged and wood was in contact with product. 
 • There were wooden pallets with frozen herrings (in plastic bags) in the production area together with plastic pallets with frozen smelt, both defrosting before the production. Smelt was touching dirty surface of plastic pallets as we as wooden pallets in several cases. 
 • Warehouse employee put one pack of frozen fish directly on floor in the frozen storage area. 
 KO 4.18.1 There were several unidentified ingredients or packaging in the marinade preparation area and storage area. 
 • Rapeseed oil in marinade preparation area 
 • Dried onion in marinade preparation area 
 • Marinade (with mould on surface) in brine preparation area 
 • Frozen fish (after lab sampling) not identified on pallet of minced bream meat in the frozen storage area, room No. 3. 
 Major 4.19.2 Allergen risk is not controlled in the storage area. There were open packaging (granulated carrot) stored below the mustard seeds, which were spilled around on the surfaces of other ingredients packagings. Mustard seeds were also on surface of dried dill packaging. 
 Major 5.10.1 There were large number of non conforming products (raw materials, finished products, packaging) not identified as non conforming. 
 • Mix of ingredients for production and ingredients for testing (several of them expired) on the rack labelled as “samples” in the marinade preparation area. 
 • Several barrels of marinated herring (rests of production) stored at ambient temperature in packaging/dry ingredients storage not identified. 
 • Several expired ingredients not labelled as hold or non conforming in the packaging/dry ingredients storage (dried dill BBE 
 • Not used sugar (BBE 2024), dill flavour (BBE JUN 2025), citric acid (BBE JUN 2025) in brine preparation area, expired dry dill (BBE 22 APR 2024), dry parsley (produced 30 JAN 2014), Red wood powder (BBE 30 AUG 2024) in packaging and dry ingredients storage. 
 • Finished products stored at ambient conditions in fish processing area (Rollmops Holland House 500g, glass jars). 
 • Container with ? marinade labelled as “Australia” in packaging/dry ingredient storage. 
 KO 5.11.3 Corrective actions were not implemented to several deviations from last IFS audit performed in MAR 2025, repeated deviations/non conformities were identified: 
 • Missing records of internal calibration of thermometers 
 • Not identified non conforming materials 
 • Not covered glass jars in the storage area 
 • Status of dry ingredients / packaging warehouse 
 • Marinade recipe on small pieces of paper in the marinade preparation area",02.05.2025,2,Locked: 29.08.2025,
10238,99CF74FD,AGROALIMENTARIA DEL SUR S.A.,C/ NUEVA S/N,VILLARRASA (HUELVA),21850,Espagne,,,IFS Food,05.09.2025,"During the Integrity On-site Check performed AGROALIMENTARIA DEL SUR S.A. - COID 10238 on 01 September 2025, was detected a Major Non-Conformity in the requirement 4.13.2.
 
 Description NC raised in the requirement 4.13.2: 
 
 The company has implemented a pest control and monitoring plan, managed by an external company, that includes crawling insects and rodents. Flying insects are controlled internally. The external company visits the facilities every month. The packaging warehouse area is included in the visits and there are rodent baits in place. 
 According to the last inspections there is presence of rodents (mice and rat) in the (interior) facilities in the last months. 
 - August 2025: Manual packing room (1)
 - July 2025: Raw material processing room, exportation chamber (2)
 - June 2025: Packaging warehouse, Raw material processing room, Manual packing room (3)
 - May 2025: Raw material processing room, Packaging warehouse (2)
 - April 2025: Packaging warehouse (1)
 - March 2025: Packaging warehouse (1)
 However, in the report no corrective actions are recommended to the company by the external company. The correction described in the report is the replacement of the baits. 
 Besides, presence of pest signs was observed during the audit in the packaging material warehouse:
 - Evidence of numerous droppings on the floors and walls. Species identified by the auditor are reptiles (probably geckos) and rodents, but other animals are possible.
 - Evidence of a dead bird and feathers on the floor near the door.
 - Evidence of dry faces (likely from a cat).
 - One dead cockroach.",20.02.2025,5,Locked: 05.09.2025,
10479,C965024D,"A+Z Rišňovský, Halász, s.r.o.",Priemyselna 2,Veľké Uľany,SK-925 22,Slovaquie,,,IFS Food,27.08.2025,"Auditor arrived to the site for the unannounced re-certification audit on 26th August 2025, although it became apparent in the opening meeting that the company communicated the audit dates as blocked periods, they gave consent to start the unannounced audit. On the second audit day, 27th August 2025, the company requested to stop the audit. For this reason, the audit has been considered cancelled according to IFS Food Doctrine section 1-4.2.1 and the certificate withdrawn. A new full IFS Food audit will be planned.",17.10.2024,5,Locked: 27.08.2025,
10580,160DCE05,CHAVEGRAND S.E.,BP 5 - Lascoux,MAISON FEYNE,23 800,France,CHAVEGRAND S.E.,23 800,IFS Food,22.08.2025,"Following an epidemiological investigation, the health authorities (DDPP, DGAL/MUS) established that the company SE Chavegrand could be implicated in cases of listeriosis in France and Europe.
 
 As a result, on August 9, 2025, a large number of product batches placed on the market were recalled as a precautionary measure. This recall follows a previous recall on June 13, 2025, linked to the detection of Listeria monocytogenes in a pasteurised soft cheese.
 
 We have taken note of the certified company's cooperation with the authorities, the implementation of an ongoing action plan (systematic reinforced testing for pathogenic bacteria, including Listeria, reinforced cleaning and disinfection, enhanced environmental monitoring plan for Listeria monocytogenes and Listeria spp) and, in general, the strengthening of the sanitary measures in place on the site.
 
 We have taken note of the certified company's cooperation with the authorities, the implementation of an ongoing action plan (enhanced systematic testing for pathogenic bacteria, including Listeria, enhanced cleaning and disinfection, enhanced environmental monitoring plan for Listeria monocytogenes and Listeria spp) and, in general, the strengthening of the health measures in place on the site.
 We have also taken note that this action plan has been validated and is monitored by the authorities (DGAL/MUS), which authorize the continuation of manufacturing under the conditions thus defined.
 
 Within the framework of IFS Food certification and in accordance with the protocol defined by the IFS Food v8 standard, this food safety incident has led us to suspend the current certificate while we conduct additional investigations to ensure that, in the current situation, the requirements of the IFS Food standard are being met. We are therefore planning an additional audit, which will be carried out as soon as possible.",25.07.2025,4,"Locked: 22.08.2025, Unlocked: 01.09.2025",
15531,75AA3CBD,Friall s.r.o.,Soběslavská 2098,Tábor,390 02,Tchéquie,,,IFS Food,21.08.2025,"3.2.2 KO
 The rules for personal hygiene and behaviour are not fully applied, during the site tour observed:
 1. employee eating in the lockers which was having on working protective clothes
 2. there are not clearly described rules of wearing/not wearing working protective clothes in clean and non-clean area; also during the site assessment observed shift-leader from clean area in non-clean area with wearing working protective clothes without any protection
 3. rules for employees having lunch in rest room are not based on the risk assessment
 4. in the men locker observed working protective clothes together with personal clothes, also working protective clothes was laying on the bottom of the locker - bottom was not clean
 5. in the locker for working protective clothes was observed coffee
 6. in the B floor observed expedition employee who had beard uncovered
  
  
 4.9.1.1 MAJOR
 The infrastructure of the premises where food products are prepared, treated, processed and stored is generally not in a good condition - e.g. rusty cover of ventilation at the entrance of potatoes into the clean zone, mould on tiles on the ceiling above the conveyor of washed potatoes, rut on the wall behind the cutting of potatoes, damaged painting on the ventilation at the conveyor of peeled potatoes, damaged paintings on traverse at the cutting, damaged frame at the bag for starch behind the cutting, damaged plastic cover on the conveyor for cut potatoes - missing piece 1x3cm, damaged isolation on pipings for media on more places - behind blancher, at production of croquettes, damaged and missing pieces on metallic conveyor at evaporation, fraying conveyor of french fries from evaporator to frying on the edges, damaged strip curtains at the conveyor before blanching, damaged traverse above freezing tunnel (missing painting), freezer - damaged cover above the conveyor with product.
  
 5.11.3 - KO
 Some of the deviations from previous audits are repeated: 4.9.2.1 - mouldy ceiling on the floor B (storage of prepared bix boxes for semi-processed frozen products). 4.9.3.1 - damaged floor at production of croquettes at baader (deviation already from 2023) 4.17.5 - sieves at production of french fries which are intended to be used for change were not clean enough.
 The corrective action from previous audit was not implemented: 4.9.6.1 - damaged isolation at the storage E1 and E2 between the gate parts; according to the AP the deviations had to be closed until 20.9.2024
 Moreover for some deviations observed during internal inspections are set proper corrective actions but the set timeframe is not respected and deviations are observed in next internal inspections – (e.g. inspection from 14.4.2025 damaged sealing on the expedition gate, semi-processed products on the floor, damaged tiles on the production of croquette - again found during next monthly inspections until the last one on 2.7.2025).",08.10.2024,5,Locked: 21.08.2025,
16452,B368BCFA,Peter Kölln GmbH & Co. KGaA,Westerstr. 22-24,Elmshorn,25336,Allemagne,,,IFS Food,18.08.2025,"Due to a fire on the company premises, production is currently stopped.",11.03.2025,6,"Locked: 18.08.2025, Unlocked: 19.08.2025",
21510,EBAB8D3D,Pekan Leipä Oy,Reumantie 4,Heinola,18100,Finlande,,,IFS Food,26.08.2025,"During the audit completed on site on 20-22/08/2025 the following Major NC was identified:
 2.3.11.1 Major NC: Validation of metal detector SN 2024-2387-C1not sufficient for test piece NFE in use 1.75mm; indeed, functionality test performed 3x3 times during audit showed that the rejection of packages was not done sufficiently in all tests - at normal product flow speed. Note: the validation was done for NFe piece 2mm. MD is not a CCP.",25.11.2024,6,Locked: 26.08.2025,
26794,C2E05356,Beeorganic BV,Stationsplein 1,Breda,4811BA,Pays-Bas,,,IFS Broker,22.08.2025,We have been following up with this client for four months to get the bill paid. Several warnings have been issued. They have paid two-thirds of the total amount.,14.01.2025,"1,5",Locked: 22.08.2025,
26976,106A4C3C,Gebr. Bertrams GmbH & Co. KG,Anhovener Straße 22-26,Wegberg,41844,Allemagne,,,IFS Food,25.08.2025,"• KO rating for the requirement 1.2.1: Due to the quantity and type of deviations found at the time of the Integrity on-site Check, it was determined that the management responsibility with regard to HACCP & QM, among other things, is not sufficient to effectively implement the IFS standard. As this is an essential requirement of the standard and a rating of B would not be plausible, a KO rating is justified from the IFS perspective.
 
 • KO rating for the requirement 4.18.1: The data and photos taken at the time of the IOC confirm the KO assessment. There were several cases in which plausible traceability documented for third parties could not be proven. For example, ingredients were not always fully labeled. A rating of B for the KO requirement would not be justified from the IFS perspective.
 
 • KO rating for the requirement 5.1.1: The data and photos taken at the time of the IOC confirm the KO assessment. Important elements were missing that prove that an effective internal audit program has been implemented. At the time of the Integrity on-site Check, there was no audit plan, no indications for corrective actions, corrective actions resulting from internal audits and no effectiveness tests. As this is an essential requirement of the standard, a rating of KO is justified from the perspective of the IFS.",01.10.2024,8,Locked: 25.08.2025,
29894,FE34C251,PROCUBITOS EUROPE S.L.,"Ctra. del Tiemblo, s/n",CEBREROS (ÁVILA),5260,Espagne,,,IFS Food,05.09.2025,"During the audit performed on 2nd September 2025 to 3rd September2025, it was detected a Major non-conformity under the requirement 4.17.4.
 
 Major non-conformity 4.17.4.
 During the visit to the warehouse where line 4 (mojito plant) is located, the ice forming process is verified. NCMayor: Protection for volumetric filling equipment is in poor condition. This is a blue plastic structure that can come loose and is located just above the ice bag filling point. This
 equipment is the only one that has a volumetric control bag filling system. The hopper into which the product falls to be introduced into the bag has no other protection to channel and protect the product until it falls into the bag. The company has a metal detector control downstream but no subsequent control to ensure that the risk of plastic being detected is controlled. The other lines have a confined and protected channel at the time of bag filling.",03.01.2025,8,Locked: 05.09.2025,
33055,D3A840DE,Werk Muster KG,Weidendamm 1A,Berlin,10117,Allemagne,Test GM HPC Test prueba,123456,IFS Food,28.08.2025,Test locking,01.06.2025,3,Locked: 28.08.2025,
33843,2E40FCE7,ALIBONA AG,Amriswilerstrasse 80,Steinebrunn,9314,Suisse,,,IFS Food,03.09.2025,Alibona will definitively cease its activities on 4 September 2025 and the AG will be dissolved.,20.09.2024,4,Locked: 03.09.2025,
34940,53CDD3B4,CEDROB FOODS S.A.,ul. Baczyńskiego 165,Sosnowiec,41-203,Pologne,CEDROB FOODS S.A.,40-084,IFS Food,18.08.2025,After fire in Mai production wasn't launched yet at the plant. Full scope of production will be not reinstated.,22.01.2025,"1, 7",Locked: 18.08.2025,
41645,45B1EEBD,KROP SINGLE MEMBER S.A,3rd Km of National Road Arta - Ioannina,Arta,47100,Grèce,,,IFS Food,27.08.2025,"Failure of the client to comply with the Q-CERT contract terms and conditions, non-response to emails/telephone callings, and non-payment of fees.",31.03.2025,5,Locked: 27.08.2025,
42066,0C44712C,AGROEJIDO S.A.,C/ LA PARRA 53,EL EJIDO (ALMERIA),4700,Espagne,,,IFS Food,18.08.2025,"KO 5.11.3:
 The company has not properly closed the previous action plan. Seven of the ten deviations assigned in the previous audit are repeated, and the corresponding corrective actions detailed in the previous action plan have not been carried out. The requirements in which the deviations are repeated or the corrective actions have not been closed are as follows: 3.2.2; 4.12.10; 4.9.4.1; 4.10.5; 5.5.2; 3.3.4 and 5.9.1.",09.01.2025,5,Locked: 18.08.2025,
47672,9432428A,FAMIGLIA DI PASTA SA,"1 &3, A str, Section B, Industrial Zone of Meligalas","Meligalas, Messinia",24002,Grèce,,,IFS Food,05.09.2025,"IFS Integrity check performed on 02/09/2025. 2 KOs and 2 Majors raised during this check. 
 3.2.2 KO: During the Integrity On-site Check, various deviations from personal hygiene requirements were identified, which led to this rating:
 - The company has an internal requirement that a face mask (surgical mask) must be worn. During the two inspections, it was found that face masks were not worn 8-10 times in the kitchen and dough processing areas, and in 5-6 cases, they were only worn over the mouth, leaving the nose exposed.
 - During the outdoor inspection, an employee in white clothing was observed smoking on the outdoor ramp.
 - An employee from the technical department was working in production without a beard guard.
 - There were a large number of cigarette butts, drink cups, and bottles on the false ceiling between the roof and the production ceiling.
 - An employee used the visitor exit and entered the administration building wearing protective clothing.
 The total number of deviations does not meet the definition of an A or B rating for an IFS KO requirement.
 2.3.9.1 KO: Compliance with “CCP2: Metal detection at the beginning and at the end of production and every hour in between” could often not be correctly verified for the months of July and August 2025. The form provided for this purpose often lacked information such as the start and end of production, or documentation of the check at the end of production was missing.
 2.3.9.2 Major: The records relating to the monitoring of CCPs were not verified by the responsible persons within the company during the reviewed period of July and August 2025.There is a significant/systematic non-compliance with the requirements of the standard, which may affect food safety. It was not possible to identify any processes that may have been out of control.
 5.5.2 Major: During the review of the weight checks for July and August, it was found that in several cases no weight checks were carried out on the final packaging. The frozen products are counted by hand. This affects filling quantities of up to 80 pieces per carton.
 The company is therefore unable to prove that customer specifications were met. Furthermore, in several cases, the recorded data was not plausible. For example, the exact same weight was always documented to the exact gram.",19.03.2025,"6, 7",Locked: 05.09.2025,
48069,5C8DE652,LOYEV PONT 2003 S.L.,CTRA. LOS CORTADOS - FINCA LA TRIGUERA S/Nº,TORRE PACHECO (MURCIA),30591,Espagne,,,IFS Food,01.09.2025,"During the Integrity On-site check carried out on 27th of August 2025, the auditor raised 3 Major NC in the following requirements: 4.5.2 The company was using 100% recycled paper napkins as grease absorbers in direct contact with the product in their packed trays on the day of the audit (meat stuffed peppers). There is no evidence that the company has assessed the conformity of this food contact material in their raw material/supplier approval procedures. 
 They purchase the product from a retailer shop. In the packaging of the napkins it was observed that there is the food contact symbol, but the company does not have a product specification or Declaration of compliance, where it is described that the product can be used for long time contact, contact with grease products, etc).;
  4.13.2 The company has a pest control plan, that includes rodents and crawling / flying insects. The external company visits the facilities every 3 months. The upper-floor packaging warehouse area is included in the visits and there are some rodent baits in place. According to the last inspections (28/03/2025 and 26/06/2025) there is no presence of pests in the facilities. In the internal checks (available until May), there are not any issues reported either. 
 However, presence of pest signs was observed in the packaging material warehouse, in the upper floor, as well as in the delivery bay:
 - Evidence of numerous droppings in the packaging materials warehouse (floors, windowsills, walls). Species identified by the auditor are reptiles (probably geckos) and rodents, but other animals are possible.
 - Evidence of ants coming from an anthill on the wall feeding from a waste product container in the product delivery bay (ambient temperature above 30ºC). According to the company´s statement, the waste container will be discarded during the day and it contains the waste from the last day´s production. In this area, several dead insects were also observed on the floor.
 - Droppings also were observed in the lower floor, inside the cleaning chemical storage room. No food products are near this area.
 The company´s facilities show several areas where there is an incorrect design /maintenance to avoid presence and nesting of pests:
 - Drains are not pest-proofed. They have installed some metal grids above the drains, but they are movable. 
 - There are several unsealed spaces on the walls in some areas and junctions walls/floors with open cracks (e.g. refrigerated product packing room);
 4.19.1 The following incidences have been observed regarding the allergen risks management:
 1) There is a listing of raw materials containing allergens /traces on the premises, but it is not complete neither updated. For example: Powder garlic contains sulphites (",24.06.2025,7,Locked: 01.09.2025,
48352,FF5F21AA,OMEGA SPICE S.L,"Polígono Industrial La Capellanía. C/Comunidad Valenciana, Parcela 25","Archena, Murcia",30600,Espagne,,,IFS Food,21.08.2025,"During the audit carried out on 19th & 20th of August, the auditor raised a Major NC in the requirement 4.14.3: During the inspection, several pallets of raw material consisting of paprika husks and other species were found to contain insects in the storage area (insects that had hatched during storage). The company does not appear to be taking any immediate action on these products to prevent them from being processed (such as blocking, identification, separation, destruction, treatment, etc.).",19.11.2024,"5, 10",Locked: 21.08.2025,
49806,1E948896,Frio Food Snacks b.v. .,Korendijk 11,HELMOND,5704 RD,Pays-Bas,,,IFS Food,29.08.2025,"KO on 2.3.9.1: Seen during the factory tour on the second audit day 26-08-2025 that there was no record of CCP 1; core temperature after heating of bought-in bags with sauce which is used for the production of ""bamischijf oriental"", recipe F26, and seen that also temperature records of the same heated bought-in sauce were missing on 12-02-2025 and 3-2-2025.",11.10.2024,7,Locked: 29.08.2025,
52858,3C2D685A,ARBONA & CIE SAS,36 Avenue de Rome- 13127 VITROLLES,Vitrolles,13014,France,,,IFS Broker,04.09.2025,"KO has been raised on requirement 5.7.2 during last IFS Broker audit :
 Corrective actions implemented following complaints have not been recorded since the departure of the previous quality manager (end of February/beginning of March 2025). The same applies to the follow-up of actions following a non-compliance (following an analysis where fluvalinate is above the MRL for organic products, the actions implemented are not formalized in the follow-up table even though they have been carried out).
 The non-compliance detected in the organic audit does not appear in the audit deviation tracking table: Following the organic certification audit, a non-compliance was detected (defect in the COI – Certificate of Inspection for the import of organic products – of an organic batch; the batch was cleared through customs as a conventional batch). This non-compliance does not appear in the audit action tracking table and the resulting action (systematically check COIs) has not been formalized.
 
 Four non-conformities from the previous IFS Broker audit (including one recurring non-conformity) cannot be closed: 
 1.2.1: The versatility table has not been completely corrected: On line 47, “Validate the release of products based on the controls and analyses provided and performed.” The RQ is responsible for this task. In practice, the Quality Manager is not aware of this and the release is in fact carried out by the quality assistant, as mentioned in line 46 ""Carry out checks on receipt (products and labels).
 1.2.5: The issue of regulatory monitoring concerning Switzerland (country of export) has not been resolved. The plan was to produce an annual report on the countries of marketing and to verify that the monitoring procedure takes all these countries into account. This had not been done at the time of the audit.
 2.1.3: The internal audit procedure was not explicit. It has been updated. A review of all documents was planned as a corrective action but has not yet been carried out (it was scheduled for the next management review, planned for September 26, 2025). 
 The Quality Manual updated in July 2025 was consulted: The office address is incorrect, the management review output data cited in this manual is not present in the management review, and the regulatory monitoring chapter does not mention any specific points concerning export countries.
 5.7.3: Since the departure of the previous quality manager, monthly action plan follow-up meetings are no longer held.",05.11.2024,"1.5, 1.6",Locked: 04.09.2025,
53659,"5,80E+07","ESTEVÃO LUÍS SALVADOR, LDA .",ESTRADA MUNICIPAL 539 - COVAS DE FERRO,ALMARGEM DO BISPO,297933,Portugal,,,IFS Food,19.08.2025,"Chapter 4.2.1.2 (Specifications): MAJOR
 „The company does not have a procedure in place to assure that the product specification and the label information was correctly transposed to the product recipe of the soup “Sopa Camponesa 800 g Chef Select”: e.g. in the list of ingredients on the label it is indicated 11.2% and in the recipe (“Composição de Sopas V Gama – v.07 de 11/02/2025) and in the production order “Folha de produção de V gama” from the 05/05/2025, the percentage indicated is 13.5% (Note: ""In the contract the recipe is not detailed. The percentage of potato is indicated on the list of ingredients because it is included in the name of the product: ""Sopa Camponesa com batata"").",09.09.2024,"5, 7",Locked: 19.08.2025,
55915,FB8B86E6,Vermeiren Princeps NV,Klein Mechelen 73,Bornem,2880,Belgique,,,IFS Food,21.08.2025,"Major Against 4.10.2
 During the site tour evidence was found of not effectively cleaned facilities and equipment.
 - the Line 5 was not used in the past month, but not properly cleaned
 - the covering on dough line 1 'kneder' on spill was not cleaned since last thursday
 - the covering on dough line 2 ""kneder"" was not cleaned since last week
 - a bucket of water was found in the packaging zone near to the grinding line
 - the disinfection chemical is not longer in use (biocid declaration has been lifted) but their is no evaluation on the impact of not having an desinfection any longer
 - at the bigbag station of dough line 2 a dirty cleaning utensil (zwabber) was found which is not an approved utensil 
 - at the milling station in the storage area cleaning was performed but the spill was not yet removed",19.09.2024,6,Locked: 21.08.2025,
56845,A8B8EC8F,EXPLOTADORA DE MANANTIALES S.L.,Plana del Moli s/nº,Aiguamurcia (Tarragona),43815,Espagne,,,IFS Food,22.08.2025,"During the recertification audit, a major nonconformity was detected in requirement 5.5.1.:
 
 It has been verified that the company performs effective content checks every 30 minutes, analyzing only 2 samples per interval, resulting in a total of 32 units per batch in an 8-hour workday. This sampling frequency is insufficient for batches exceeding 3,201 units, as established by Royal Decree 1801/2008, which requires a minimum of 80 units per batch to ensure control.
 Example: In the online finished product control log (PG0705-R02 Rev.4), corresponding to batch 250625 of 34,992 units of 1.5L bottles, the weight of only 69 units has been documented, which fails to comply with the sampling plan required by current legislation.",27.11.2024,8,Locked: 22.08.2025,
57988,97B7AAFB,endori food Company GmbH & Co.KG,Industriestr. 2,Stegaurach,96135,Allemagne,,,IFS Food,25.08.2025,The audit was stopped at the request of the company.,23.09.2024,"5, 6, 2007",Locked: 25.08.2025,
59683,0AABD453,EUROMILK a.s.,Bratislavská 41,Veľký Meder,932 15,Slovaquie,,,IFS Food,19.08.2025,"On 14 AUG 2025 an Integrity On-site check was carried out at the company EUROMILK a.s. COID 59683.
 
 In this Integrity On-site Check, several non-conformities were identified against the following IFS-Food v8 requirement(s):
 
 
 Major NC - requirement 4.21.2
 
 Gate to the milk receipt area was open most of the day (at 08:00, at 11:30 and at 13:55). Majority of doors to the chemical storage areas, expedition area, production areas were unlocked, open, in several cases with keys in lock from external side of the door.
 
 Chemical storage rooms at milk receipt, near former ricotta production and others were not locked, in some cases with open doors or gate.
 
 There is former in line laboratory next to one portion UHT filling line with open doors, there are glass items and chemicals incl. 25% sulphuric acid inside and freely accessible. 
 
 Raw milk receipt piping is not protected/locked.
 
 Major NC - requirement 5.4.2
 
 Calibration of all key measuring equipment important to control the processes were obsolete:
 
 Milk pasteurizer – thermometer 16 SEP 2019
 Milk pasteurizer – pressure gauge 16 SEP 2019
 Cream pasteurizer – thermometer 17 SEP 2019
 Cream pasteurizer – pressure gauge 18 SEP 2019
 Raw milk storage tanks 1 and 2 – thermometers 16 SEP 2019
 Hand thermometer raw milk receipt 20 SEP 2019 (but the calibration protocol had different identification than several numbers on thermometer)
 Data loggers in chillers for yoghurts, curd and butter both 11 NOV 2016 (no date on calibration protocol, but invoice dated, purchased with calibration)
 CIP clean part – thermometer 16 SEP 2019
 CIP clean part – conductometer 9 MAY 2016
 Identification of measuring devices was in several cases (pasteurization equipment, tanks for raw and pasteurized milk) not possible to read or missing, hand thermometer was identified with several numbers, different to the calibration protocol.
 
 Major NC - requirement 4.13.2
 
 There were signs of bird presence in the production area (feathers in production of flavoured milks), dead mouse and feathers in storage of cleaning chemicals.
 
 Bird control is not implemented, there is a lot of nests on production building.
 
 Not professional glue tapes are used in storage area for UHT products and in expedition.
 
 One non controlled rodent bait noted in raw and pasteurized milk storage area. Another rodent bait No. 21 in the same area is not on plan of pest control measures.
 
 There were missing records of flying insects weekly checks for AUG 2025.
 
 Monitoring records are not detailing result of inspection for internal monitoring baits – only “monitoring” is documented.
 
 Major NC - requirement 4.10.2
 
 Many production as well as non-production areas were not cleaned, there was dirt and dead flies around the windows, cobwebs and spiders near many windows, on walls as well as on the production equipment and infrastructure (e.g. near windows at ricotta production area, in corridor next to clean area (yoghurt filling), in milk storage tanks area, flavoured milk production area (in this area also on equipment). 
 
 KO NC - requirement 4.18.1
 
 Traceability records in production of yoghurts on the day of Integrity onsite Check were not correct for batch of two types of cups used. For yoghurt raspberry-blackberry, recorded lot of cups 26 MAY 2025, lot on cups packaging 23 MAY 2025. For yoghurt plums, recorded lot of cups 25 APR 2025, lot on cups packaging 03 JUN 2025.
 
 For product selected for the traceability exercise, it was not possible to link lot number of cups with delivery record.",20.12.2024,4,Locked: 19.08.2025,
60271,F8945D2F,SIMID AGRO EOOD,"1, Kuklensko Shosse Street",Plovdiv,4004,Bulgarie,,,IFS Food,02.09.2025,"The following non-conformities have been raised during the IFS Food re-certification audit on 27-29/08/2025 at SIMID AGRO EOOD - COID 60271:
 
 Major non-conformity (requirement 4.13.4):
 Crawling insects were observed in Corpus 3:
 (1) on the first floor at Workshops 1 and 2, near the raw material storage area,
 (2) on the first floor in the area between the exit of kneading cameras and rotary ovens,
 (3) on second floor, near the entrance and near the mixing area of a non-operating frozen product production line.
 Repeated deviation from the previous visit.
 
 Major non-conformity (requirement 4.19.2):
 Corpus 3:
 А box (closed with a lid) with sesame seeds found near non-operating frozen product production line 6.
 The box was unidentified, with no indication of what was inside (labelled or coloured). 
 The area was not identified for storage (interim or permanent) of allergens.
 Repeated deviation from the previous visit.
 
 KO non-conformity (requirement 5.11.3):
 The corrections and corrective actions applied to eliminate the non-conformities from the previous visit are ineffective. There is a recurrence of the deviations: allergen control (according to clause: 4.19.2) and pest management (according to clause 4.13.4).",07.11.2024,6,Locked: 02.09.2025,
63760,"4,10E+07",PINSAMI SRL,"Via G. De Chirico, 36/E",REGGIO EMILIA,42124,Italie,,,IFS Food,20.08.2025,the company stopped production and will not renew certificate,29.10.2024,6,Locked: 20.08.2025,
66699,43FFBD48,MLG CONGELADOS LTDA,"R LANDMANN, 259",JOINVILLE,89.217-420,Brésil,,,IFS Progress Food,29.08.2025,"During the assessment conducted on August 26 and 27, 2025, the following major nonconformity was identified in requirement 2.3.9.1:
 
 It was found that monitoring of CCP 1B - syrup filtration stage - was not recorded on form FR 067 - monitoring of the pasteurization and reprocessing filter for August 22, 25, and 26, 2025. Therefore, the CCP was not demonstrated through records that it was under control.",25.10.2024,4,Locked: 29.08.2025,
67520,126B15E8,"Zakład Przetwórstwa Mięsno - Rybnego ""Kari"" Wiesław Pluta .",ul. Piekrska 1,Marciszów,58-410,Pologne,,,IFS Food,25.08.2025,No payment for the audit done,14.08.2025,2,"Locked: 25.08.2025, Unlocked: 01.09.2025",
67746,43B91652,PASTIFICIO FIORILLO SAS DI FIORILLO MICHELE & C. sas,Zona Industriale Loc. Aeroporto,VIBO VALENTIA,89900,Italie,,,IFS Food,22.08.2025,The suspension was decided due to the failure to pay invoices relating to activities already carried out by Certiquality S.r.l.,29.04.2025,6,"Locked: 22.08.2025, Unlocked: 26.08.2025",
69676,509BFCE5,Akdag B.V.,Mijkenbroek,Breda,4824,Pays-Bas,,,IFS Food,28.08.2025,"2.3.9.1
 NC: During the audit the control of metal detector was assessed at beginning of production. During the test it was seen that the testing piece passed the detector without alarm/bandstop. After changing the settings of the detector to another 'productcode' the test piece was detected. However there were only 3 test pieces present, all for Ferreous ( 3.5, 4.0 and 4.0mm), there were no test pieces for Non-FE or SS present. After further assessment of production and returning to the detector, the setting of the productcode was again changed. The CCP monitoring of metal detection was not sufficiently controlled.",27.09.2024,7,Locked: 28.08.2025,
71657,"5,00E+07",JOSE LUIS MORENO RODRIGUEZ (CHURROS CASIMIRO) .,CL LAGUNAS DE VILLAFAFILA PARCELA 89 NAVE 4. PI EL MONTALVO II,SALAMANCA,37008,Espagne,,,IFS Progress Food,27.08.2025,"Major Non-Conformity Requirement 5.3.1:
 Regarding the control of measuring and monitoring equipment:
 a) There is no metrological verification certificate from an authorised verification body for the scale (BAXTRAN SCV15 serial number 811014004) used to control the weight of the finished product.
 b) The thermometer used to control the temperature of the deep-freeze chamber is not controlled, nor is there a verification/calibration plan in place.",10.10.2024,6,Locked: 27.08.2025,
73552,DD652CDE,August Jaeger Nachf. GmbH & Co. KG,Büchlerhausen 14,Engelskirchen,51766,Allemagne,,,IFS Wholesale / Cash & Carry,27.08.2025,"4.4.3 Non-conformity (Major):
 (1) A procedure is specified in the instruction ‘4.2 VA Supplier Selection’.
 This procedure does not describe the tracking of supplier certificates.
 
 (2) In the company's supplier self-disclosure form, suppliers are requested to send declarations of conformity for packaging materials, but the completeness of these declarations is not monitored. For the random samples of packaging materials, all declarations of conformity had to be requested from the suppliers during the audit.
 
 (3) The audit revealed that the procedure for monitoring suppliers is not being adequately implemented. In several cases, certificates or supplier self-disclosures were not available.
 
 5.11.2 Non-conformity (KO) 
 (1) In the last internal audit, a KO non-conformity was identified for the implementation of corrective measures.
 The explanation given was that the labelling in the self-service fruit and vegetable department was objectionable, as in the previous year.
 In the certification audit, a crate of lemons was found without labelling.
 
 (2) A total of 28 deviations were identified in the last internal audit. These were all labelled as resolved.
 However, the certification audit revealed that seven of the non-conformities labelled as resolved had not yet been resolved.
 
 (3) In the last certification audit, a non-conformity was identified for requirement 2.2.3.1.
 In the action plan, transport of the meat products in thermoboxes was initially specified to eliminate the non-conformity. This action plan was subsequently amended again and the use of thermal boxes was removed from the action plan following validation of the temperature profiles during transport.
 Nevertheless, transport in thermoboxes is still listed in the ""2.7 VZ limit value list"".",19.11.2024,"1.10, 1.1, 1.2, 1.3, 1.4, 1.5, 1.6, 1.7, 1.8, 1.9, 2.3",Locked: 27.08.2025,
75673,25D06FE3,LEGUMBRES SELECTAS SIERRA NEVADA SL,"POLG. IND. LA VEGA, 5",ATARFE,18230,Espagne,,,IFS Food,03.09.2025,"During the audit performed on 2nd September 2025 to 3rd September 2025, it was detected a KO under the requirement 2.3.9.1.
 
 KO 2.3.9.1.
 The company has identified two Critical Control Points in its HACCP:
 CCP1 in the selection phase for vision and laser cameras. At the beginning and end of each shift, samples of clods, limestone and sandstone are passed through the vision equipment (Urbano and Jubus line).
 CCP2 in the metal detector phase. The 1 mm Fe, 1 mm non-Fe, 1 mm SS and 1 mm aluminium samples are passed through the metal detector (Urbano and Jubus line) at the beginning, middle and end of each shift. 
 During the first day of the audit, the surveillance records for both PCCs from the start of the day (production is underway) and from the previous months for the two available lines are requested, showing that the company does not have surveillance records from August onwards, although according to the work reports for the Urbano and Jubus lines reviewed, the company has been in production every working day since 4 August.",04.02.2025,5,Locked: 03.09.2025,
75715,7B1671D0,Taunus-Gin GmbH,Ludwig-Erhard-Str. 32,Oberursel,61440,Allemagne,,,IFS Progress Food,05.09.2025,Termination - Discontinuation of business operations,28.02.2025,8,Locked: 05.09.2025,
76234,5F7810D2,AVECOX S.L,"Camino de La Sierra s/n,",COX-ALICANTE,3350,Espagne,,,IFS Food,29.08.2025,"During the audit completed on site on 26-27/08/2025 the following Major NCs and KO were identified:
 
 4.12.2 Major:
 During the plant tour, it was observed that liquid was dripping from the ceiling of chamber 3, falling directly onto unprotected products (chicken carcasses) stored in plastic boxes in that chamber, posing a risk to the safety of the aforementioned product.
  
 4.18.1 KO 
 During the plant tour on 26 August 2025, it was observed that batch 906237 of the product ‘Half chicken, split’ brand Alipende is being packaged, and the batch and supplier of the plastic packaging used (batch 1106254021, supplier Bxxxxx) are noted by the auditor. However, when checking traceability record RG052, which the company completes to identify product batches and their relationship with batches of packaging materials in contact with food, it is evident that the batch of packaging registered for the product being packaged is different from the one actually being used (batch 1216075, supplier Sxxxx, which was listed as in use since 11-08-25), meaning that traceability is neither guaranteed nor adequately documented.",13.01.2025,1,Locked: 29.08.2025,
77327,98BF6E42,Epices Fuchs SARL,215 avenue Cugnot,Monteux,84170,France,,,IFS Food,03.09.2025,Production shutdown,14.03.2025,10,Locked: 03.09.2025,
78750,BDB03BF3,INDUSTRIAS CÁRNICAS CAMPOHERMOSO S.L.,CARRETERA IRYDA KM. 1.,CAMPOHERMOSO - NIJAR,4110,Espagne,,,IFS Food,28.08.2025,"Given the impossibility of carrying out the mandatory unannounced audit as a result of denying the auditor access to the premises, which was scheduled for 27-28-29 August, the certificate has been withdrawn.",22.11.2024,"1, 7",Locked: 28.08.2025,
79072,9DE1CBAA,Torres Fresh B.V.,Zuideinde 73,Barendrecht,2991LJ,Pays-Bas,,,IFS Broker,22.08.2025,"Major NC on 1.2.7: On October 29, 2024, the NVWA issued a notification regarding an MRL exceedance rapport number 2024-010090127. On March 23, 2025, the company received a sanction from the KCB. The certification body (CB) has not been informed about either of these cases.",27.09.2024,"1,5",Locked: 22.08.2025,
80491,2F6719CA,Akar GmbH,Am Logistik Park 3,Langenbach,85416,Allemagne,,,IFS Wholesale / Cash & Carry,05.09.2025,"Due to a recall because of missing trace labelling of an allergen or missing labelling of an allergen as an ingredient, the certificate is suspended until the facts of the case have been clearly investigated.",28.11.2024,"1.10, 1.4, 1.5, 1.6, 1.7, 1.8, 1.9",Locked: 05.09.2025,
82340,BE991525,MANI FOODS S.A.,ANTIKALAMOS KALAMATA,ANTIKALAMOS,24100,Grèce,,,IFS Food,04.09.2025,Failed integrity onsite check,06.06.2025,"5, 7, 2009",Locked: 04.09.2025,
82842,04B142D3,AMBIENTE TRADING - COMÉRCIO INTERNACIONAL UNIPESSOAL LDA,"Rua do Prazo, Armazém 3, Feteiras, Gândara dos Olivais",Leiria,188453,Portugal,,,IFS Logistics,19.08.2025,"Chapter 5.1.1 KO (Internal audits):
 „The company did not comply with the maximum of 15 months between internal audits. Last internal audit was carried out in 04.07.2025 and the previous one was carried out in 14.03.2024.”",10.06.2024,"1.2.2, 2.2.2",Locked: 19.08.2025,
83708,061EEE08,Mondarella GmbH,Schröderstr. 1,Berlin,10115,Allemagne,,,IFS Broker,01.09.2025,Mondarella GmbH has been fully absorbed into GREENFORCE FUTURE FOOD AG and no longer exists as a legal entity.,30.10.2024,"1,4",Locked: 01.09.2025,
84129,7F715B7F,Verbau France SAS,"11, Allée de Londres",Estrées Deniécourt,80200,France,,,IFS Food,29.08.2025,"During the audit completed on site on 25-26-27/08/2025 the following Major NCs and KO were identified:
 4.9.10.1 Major:
 A screw compressor is used to supply compressed air for blowing out glass jars (indirect food contact), which are later filled with desserts based on cake, fruit jelly, and toppings. The lubricant used in the air compressor is not food-grade. Three types of filters are installed downstream of the air compressor, but no active carbon filter to avoid the contamination of aerosols/particles. The compressed air poses a contamination risk.",08.10.2024,"5, 6, 2007",Locked: 29.08.2025,11.09.2025 - 12.09.2025
84762,1DD28922,CAP MED LOGISTICS SARL,Avenue Youssoufi (ex Salam) Résidence Chorouk 4 étage,Tanger,na,Maroc,,,IFS Logistics,29.08.2025,suspension of the certificate due to non-payment of the corresponding invoice,07.04.2025,"1.5, 1.6, 3.3, 4.5",Locked: 29.08.2025,
86023,5F6113C0,NETUNO INTERNACIONAL S.A.,"LARGO DA PA IV, S/N - TANCREDO NEVES",PAULO AFONSO,48609-040,Brésil,,,IFS Food,18.08.2025,"During the IFS Food audit conducted between August 12 and 14, 2025, the following non-conformities were identified:
 
 Req. 4.19.1 (Major): Evidence found inside processing chamber 01 of the presence of the product: “Frozen seasoned fish steak, pre-fried” SIF 5456, on an exposed and divided white tray, next to the trays of tilapia fish (frozen fillets and steaks), which were open (drying stage).
 Evidence inside the frozen product storage chamber of a box containing packages of frozen seasoned fish steak, pre-fried SIF 2377 (audit location) with a production date of 03/04/2025.
 The labeling of these products declares the following allergens: soy, wheat derivatives, and may contain crustaceans, rye, barley, and oats.
 
 In evaluating the company's Allergen Program and HACCP Plan, these allergens were not identified (there is no list), there is no risk assessment, and no respective control measures (cross-contamination).",23.09.2024,2,Locked: 18.08.2025,
86471,6197F723,"CAMPOS DE LA MANCHA, SOC.COOP. DE CLM F72416050","C/ ARGAMASILLA, 20",ALCAZAR DE SAN JUAN ( CIUDAD REAL ),13720,Espagne,,,IFS Food,21.08.2025,"3.2.2. KO. DV 2025. Numerous cigarette butts are observed both outside (dumping area) and inside (packaging material warehouse), and the smell of tobacco is detected in the dining area. Food wrappers (pastries) are detected next to the handling line. Hygiene regulations do not allow smoking on the premises or eating outside the designated areas. Repeated non-compliance with the previous audit.
 
 4.14.3. MAYOR DV2025 Final product containers are stored outdoors without any protective measures. During the visit, plastic boxes for final products were observed stored under an overhang where there were several birds' nests and a large amount of droppings on the floor. Foldable boxes were observed stored without any type of protection. Some of the containers were dirty.
 In the auxiliary material storage warehouse (cardboard), several pallets of cardboard sheets for the bases of the boxes were observed, covered in a large amount of dust and cobwebs. This was a non-compliance in the previous audit.
 
 4.14.5. MAYOR DV2025 During the visit, several batches of unidentified raw materials (melons and watermelons) were observed, both in the unloading area and in the storage bay, as well as in the outdoor yard.
 
 4.18.4. MAYOR DV 2025 No identification is made after packaging. In the cold storage room, a batch of melons packaged in cardboard boxes without any identification is observed.
 
 5.5.1. MAYOR DV2025 During the visit, it was observed that the final containers (plastic boxes) are weighed in pairs, obtaining a single weight value. This weight value is distributed arbitrarily (it is divided between two and one kilo is subtracted from one of them and added to the other container) between the two containers that make it up, labelling each one with the estimated weight obtained from this calculation. The weight control register details this as if they were weighed individually.
 
 5.11.3. KO. DV2025 The company has not implemented effective corrective actions to prevent the recurrence of deviations and non-conformities detected in the previous audit. 
 No measures have been implemented to ensure compliance with hygiene requirements, as cigarette butts are observed both inside and outside the facility, as well as food wrapper debris in the handling area.
 No measures have been taken to prevent contamination of the final product packaging, which is stored outside without protection under birds' nests and next to areas of non-compliant material (broken wooden pallets).",30.09.2024,5,Locked: 21.08.2025,
86632,DD4A379F,ARMOR SLICE SOLUTIONS S.L.,"Camino Viejo de Orihuela, 39",Torreagüera - Murcia,30579,Espagne,,,IFS Progress Food,28.08.2025,"4.3.1 The label of the Serrano ham reference is checked and it is found that the product name ""Jamón Serrano"" is indicated as the product name, although the company is not certified in the Jamón Serrano TSG. The use of the name ""Jamón Serrano"" is only permitted in the case of companies certified in the Jamón Serrano TSG.
 On the other hand, the label of the references that are packaged in ATM does not indicate the mention ""packaged in a protective atmosphere",02.10.2024,"1, 4",Locked: 28.08.2025,
87265,A79142E4,CÁRNICAS IRUÑA S.A.,"P.I. VENTA DE JUDAS, 6",LUMBIER - NAVARRA,31440,Espagne,,,IFS Food,27.08.2025,"During the recertification audit, a major nonconformity was detected in requirement 5.10.1.:
 
 The application of the non-conforming product management procedure PR02 Ed14 is not ensured, as observed in the plant and in the interview with the person in charge. Non-conforming products are not identified with the corresponding sign or stored in the assigned location (ham chamber), which does not guarantee their protection against use.
 The audit findings are detailed below:
 In the cold room, there are two pallets of pig heads whose hygienic condition does not meet the requirements; none are identified as non-compliant or protected against use.
 The pallet containing pig heads, batch 053425 BBD 29.08.25., is in an inadequate hygienic-sanitary condition, the pallet is dirty and the product lacks sufficient protection.
 The pallet with pig heads, batch 033525 BBD 27.08.25., is also not sufficiently protected, the pallet has visible damage and the colour of the product is not adequate.
 In the refrigeration chamber, near the picking room, there is a pallet with boxes of different products, including liver, batch R02342502, BBD 23.08.25; this batch has an expired use-by date and is not properly identified or protected to prevent its use.
 In the carcass chamber, during a maintenance operation on the rail system, product is observed exposed near the area where the work is being carried out; due to the operation and the location of the fault, the product has not been removed, nor is it identified as non-compliant, to prevent it from entering the cutting line.",13.12.2024,1,Locked: 27.08.2025,
87719,3E4F769F,GLOBAL CLAMS SU ÜRÜNLERİ SAN. Ve TİC. Ltd. ŞTİ.,Umurbey Çiftlik Ovası Yolu No:70,Lapseki/ÇANAKKALE,17820,Turquie,,,IFS Food,29.08.2025,"The Canakkale Provincial Directorate of Environment, Urbanization and Climate Change has decided to temporarily suspend operations at the site, pending the completion of the EIA Project file and the facility has been sealed as of 25/08/2025. Due to the fishing ban, the site is not currently producing any products during this suspension. This situation is entirely due to the administrative processes conducted by the official authorities. Once the EIA file is completed and necessary permits obtained, operations can be resumed.",04.02.2025,2,Locked: 29.08.2025,
87865,0D69921D,FRESH INN MOROCCO SARL,N° 54 Zone Industriel,Sidi Bibi,80000,Maroc,,,IFS Food,04.09.2025,Discontinuation of production at this site and relocation to a new site,17.01.2025,5,Locked: 04.09.2025,
88809,9D786F15,IMPERIAL MEAT Sp. z o.o.,Tarnówka 13,Dąbie,62-660,Pologne,,,IFS Food,19.08.2025,Certificate is held due to the lack of payment,06.08.2025,1,Locked: 19.08.2025,
89216,64CA20CD,"""Ganja Sharab-2"" JSC -","Ganja city, Kanar street 3",Azerbaijan,2000,Azerbaïdjan,,,IFS Food,21.08.2025,Company did not react to extension audit even they produce that products. They did not want to take the audit and extension audit deadline is overdue. That`s why we lock the certificate.,20.09.2024,8,Locked: 21.08.2025,
89883,A7155D99,PEKAŘSTVÍ POD POŠTOU s.r.o.,Langrova 105/8,Šumperk,787 01,Tchéquie,,,IFS Food,05.09.2025,"MAJOR: 
 
 3.1.1
 The IFS representative (owner) is not sufficiently familiar with the requirements of the standard, she is not very well versed in the relevant food legislation. The documented education in the given area is the HACCP training completed in 2024, which is not sufficient for a full understanding and effective application of the complex requirements of the IFS standard. Insufficient qualification is the cause of some deviations in the 2025 audit report.",29.10.2024,6,Locked: 05.09.2025,
92237,F0247C72,Roxane Nord Source Saint Jean Baptiste SAS,5 rue des fusillés,BUSIGNY,59137,France,GIE Source ALMA GIE,61420,IFS Food,21.08.2025,Cessation of site activity,10.07.2025,8,Locked: 21.08.2025,
92757,422DBA3F,Aartsen NV,Hovenierstraat 8,Sint Katelijne Waver,2860,Belgique,Aartsen Breda B.V.,4814RR,IFS Logistics,04.09.2025,"Company moved to a new location on May 19, 2025. Activities at the old location ceased.",21.07.2025,1.1.2005,Locked: 04.09.2025,
2437,C8A7FB3E,"Knoblauch-Import Werner Flachmeyer, Inh. Corina Ferrari e.K.",Fissenkentalstr. 3,Kalefeld,37589,Allemagne,,,IFS Broker,27.11.2025,Discontinuation of broker activities (business closure to follow shortly),23.01.2025,1.5,Locked: 27.11.2025,
3099,D1F15A22,H. von der Stein GmbH,Papestraße 56-58,Essen,45147,Allemagne,,,IFS Food,11.11.2025,"KO 4.17.1: On October 8, 2025, according to delivery note No. 17825, a quantity of
 5,500 kg of the potato variety Madeira was delivered. However, 10,000
 kg was recorded in the inventory system under internal batch number
 1034. From October 10, 2025, to October 15, 2025, a total of 10,160 kg
 was dispatched from batch 1034. This means that 4,660 kg more was
 dispatched from batch 1034 than was received.
 On October 10, 2025, according to delivery note No. 17842, 12,180 kg
 of the Madeira variety (internal batch 1038) was delivered. Between
 October 15, 2025, and October 17, 2025, 5,942 kg was produced and
 dispatched according to the inventory system, with no remaining stock.
 This resulted in a quantity discrepancy of 6,238 kg (less was dispatched
 than delivered).
 Due to these discrepancies, a batch-specific traceability for these two
 batches is not possible.",08.01.2025,5,Locked: 11.11.2025,05.01.2026 - 06.01.2026
3396,F4FB6EC9,Coli S.p.A.,Via F.Melotti 26,Barberino Tavarnelle FI,50028,Italie,,,IFS Food,14.11.2025,Outstanding Payment,02.09.2025,8,Locked: 14.11.2025,
7115,18C5C6D3,Falcon Marine Exports Limited,"Plot No. 51-A, 51-B, Chandaka Industrial Estate, Patia, Bhubaneswar",Orissa,751 024,Inde,FALCON MARINE EXPORTS LIMITED,751006,IFS Food,27.11.2025,Late notification by the certified site of containers import refusal due to presence of Nitrofuran Residue(AOZ). Date of incidents: 07/04/2025 - 09/10/2025. Lack of transparency and failure to adequately address the root cause and implement effective preventative measures,13.01.2025,2,Locked: 27.11.2025,
9541,54FE2420,LES MOULINS DE CHERISY-LETHUILLIER SAS,14 RUE DE LA VAUCOULEURS,AUFFREVILLE BRASSEUIL,78930,France,,,IFS Food,24.11.2025,"During the audit and verification of the inventory records for a raw material, it was found that traceability was neither guaranteed nor documented for the batch of alpha amylase enzymes, product reference 5005, batch number 144500, with a best-before date of October 30, 2025. This batch was received in a quantity of 25 kg, but computer records show consumption of 3.3 kg of the product used for the manufacture of organic soil improver mixes. The inventory on the day of the audit showed a stock level of 0. An inventory count indicated that the batch had been removed at the end of July (presumably because the product was not located during the inventory).
 However, this batch was used in the manufacture of a mix on November 19, 2025 (the first day of the audit), with a quantity of 800 g used. This product is used at a concentration of 0.3% in the only recipe for which it is used. The operator stated that they finished the bag of alpha amylase on November 19, 2025, and discarded the empty carton. The carton was found in the cardboard recycling bin.
 The mass balance for the product used showed a 21.7 kg difference, indicating an inconsistency in the material accounting.
 After investigation, the operator admitted to discarding the remaining 21.7 kg because the expiration date had passed and to concealing this information.
 The system did not block the production of the mixture, even though the theoretical computerized stock for this raw material was zero following the July inventory. The production run of November 19, 2025, was recorded in the computer system without being blocked, despite the expiration date of the alpha amylase raw material having passed.",23.01.2025,6,Locked: 24.11.2025,
9581,071BE52C,NAFA Feinkost GmbH,Jahnstraße 65-69,Neuhofen,67141,Allemagne,,,IFS Food,24.11.2025,"KO 5.1.1: A risk assessment on the basis of which activities critical to food safety and product quality are audited more frequently is not available. An internal audit for process validation was planned in the area of management. Here, the relevant points for process validation were deleted. As a result, no effective internal audit programme has been documented, implemented and maintained to ensure that at least all standard requirements of the IFS standard are audited.
 
 KO 5.11.3: Not all corrective measures were implemented in such a way as to prevent the recurrence of devi-ations and non-conformities. As in the previous year, products were filled or placed on the market without the labelled best-before date being validated.
 
 Major 4.3.4: When 1 kg sales units are picked, they are labelled during picking. This label contains the batch identi-fication and the calculation of the best-before date based on the picking date, not the production date. However, products that were not filled on the picking date and whose best-before date was calculated based on the production date as specified are also processed. In order to avoid an unvalidated best-before date extension, the best-before date of the 1 kg sales units was shortened by three days com-pared to the other sales units. However, there is no clear instruction that products older than three days may no longer be picked. During the audit, products were repeatedly seen that exceeded this three-day period, e.g. couscous salad batch 251114 and Strasbourg sausage salad batch 251114. Both products were produced on 14 November 2025 and sold on 19 November 2025, i.e. five days later. This resulted in an unvalidated extension of the best-before date by two days, with a total best-before date of 16 days. This means that delicatessen salads are being placed on the market whose shelf life has not been determined on the basis of validation.
 
 Major 4.4.1: The procedure for purchasing packaging materials is not documented, implemented and maintained in such a way that legal requirements are met. There is no established process to ensure that new packaging materials are tested for conformity before being placed on the market. For example, in the sample tested for barbecue sauces, new 250 mL PET bottles and plastic caps were procured. These materials were purchased, processed and placed on the market without valid declarations of conformity for the bottle and cap being available.",30.01.2025,"5, 7",Locked: 24.11.2025,
10445,E4274FE2,SANT DOMENEC-CENTRO POB SOCIEDAD COOPERATIVA,Ctra d'Albesa s/n,La Portella (Lleida),25134,Espagne,"Cataliment, S.L.",30169,IFS Food,05.12.2025,"MAJOR NC 5.4.1: The site has two scales for labeling bags with weight and price markings. These scales lack metrological verification. For example, the Ulma scale ID 2675. Furthermore, an assessment of the conformity of the TW scale, manufactured by GIROPES and serial number 3206000159, revealed its incompatibility for weighing 500g packages.",03.01.2025,5,Locked: 05.12.2025,
13174,43E25DDE,CHARAL SURGELES,Route d'Orbec - Beuvillers,LISIEUX,14100,France,CHARAL SA,49301,IFS Food,28.11.2025,"During the IFS Food audit carried out from 24 to 26/11/2025, a KO was issued regarding requirement 5.11.3:
 1) Seven internal audit reports were observed: Design audit dated 18/11/2025; Purchasing audit dated 28/11/2024; Cleaning audit dated 19/11/2025; Ready-made meals audit dated 13 and 17/11/25; Stuffed products audit dated 8/7/2025. Deviations were observed. 18 actions were not defined 
 2) Six hygiene inspections were observed: 14/08/25 (Maintenance); Environment (13/2/25), Ready meals (2/10/25); Ready meals (30/4/25); Ready meals (31/1/25), Stuffed products (10/7/25). Actions for 4 out of 6 inspections were not defined 
 3) Five glass breakage inspections carried out once a month were observed: 27/10/25 – 29/9/25 – 26/08/25 – 31/7/25 – 20/5/25. The actions of the inspections on 31/7/25 and 26/08/25 were not formalised.
 4) Reports from visits by the pest control service provider were observed. The reports from visits on 15/4/25 – 15/5/25 and 14/10/25 specified that the actions requested of the company had not been carried out
  
 No analysis of the causes of these various situations was carried out to enable appropriate corrective actions to be put in place to prevent these deviations from recurring. Based on these findings, a KO is assigned.",27.01.2025,"1, 7",Locked: 28.11.2025,
14330,B84106A0,DeliBarn Wommelgem NV,"A. VAN DER PLUYMSTRAAT 1,",WOMMELGEM,2160,Belgique,DeliBarn Belgium NV,2160,IFS Food,10.11.2025,"K.O. - 5.11.3 
 It has been established that the action list, used to follow up on actions arising from internal audits, internal findings, findings made by authorities, external audits, etc. has not been sufficiently followed up within acceptable time frames. Furthermore, the CAPA list used, does not show the immediate correction, only the preventive measure is described, and this is then in the longer term.",17.01.2025,1,Locked: 10.11.2025,
16178,CC6ADB17,SALICA INDUSTRIA ALIMENTARIA S.A.,"POLIGONO INDUSTRIAL LANDABASO, S/N",Bermeo - Bizkaia,48370,Espagne,,,IFS Food,20.11.2025,"During the IFS Food unannounced audit performed from 17 to 20 November, the auditor has detected 2 KO Non Conformities and 1 Major Non Conformity in the following requirements: 2.3.9.1 (KO): The auditor performs a traceability exercise after selecting a product on the first day of the audit. 
 Product: FCO A CLARO A OLIVA 720x970ml CAMPOS; Batch LD203YO. Date of manufacture: 07/22/2025. Quantities manufactured: 1185 jars. It is defined in HACCP rev. 46 of 09/18/2025, after the corresponding hazard analysis, as one of the CCPs, CCP4 - X-rays (for all glass jars). There are no control records available for the X-ray PCC for this product in question as traced by the auditor. There is no validation record available for the X-ray equipment for any glass jar, nor is there any documented justification for not passing any of the formats through said equipment. 5.11.3 (KO): An internal audit report dated June 15, 2025, was detected, in which a labeling deviation (rated as D) was detected, this being a legal requirement. The action plan establishes the implementation status as verified, September 2025, and refers to including the % in future printings and in the cause analysis, unaware of the need to include the % of ingredient. There is a communication dated 10/06/2025, to LD of the department of marketing for the design change, not yet implemented as of the audit date. The last production of this product took place on 07/11/2025. The auditor reviews the technical data sheet for this product and there is a revision dated 09/18/2025, which does not contemplate these changes or include the percentage of tomato. This shows that corrective actions were not formulated, documented, and implemented as soon as possible to prevent the recurrence of deviations and non-conformities. Nor were the responsibilities and deadlines for corrective actions defined. 4.3.2 (Major NC): The product ATUN 20xRO-85x3 Tomate CAMPOS with a net weight of 80 g has been detected, where the labeling does not indicate the percentage of tomato when this is highlighted on the packaging and labeling, as established in Regulation (EU) No. 1169/2011 in Article 22.",23.12.2024,2,Locked: 20.11.2025,
16393,492DB7C0,CARNES Y VEGETALES SL,"POL. IND. EL PRADO. PROLONGACIÔN CALLE SEVILLA, PARCELAS 1 Y 2",MERIDA (BADAJOZ),6800,Espagne,CARNES Y VEGETALES SL,6800,IFS Food,21.11.2025,"4.12.1 KO: During the visit to the plant to audit the glass packaging process, pieces of glass from the containers were found on the floor of the filling machine where the product is opened, and a piece of glass was found inside the filling machine itself. There is no record of this breakage in the work reports, nor is there any evidence that the procedure for dealing with breakages has been followed, which involves removing 14 containers in front of and behind the broken container, thoroughly cleaning the equipment, and notifying and supervising the person in charge before resuming work. In the circumstances described, the established procedures for preventing contamination with foreign materials have not been correctly applied.",19.03.2025,"1, 2, 5, 7",Locked: 21.11.2025,
17283,5EA12270,"Alibona, a.s.",Svatoplukova 909,Litovel,78401,Tchéquie,,,IFS Food,11.11.2025,"The following non-conformities have been raised during the IFS Food extension audit on 10-11-2025 at Alibona, a.s. - COID 17283.
 
 
 Non-conformity type: Major non-conformity
 IFS Food v8 requirement 1.2.6
 Penalty of 100.000 CZK has been issued for not implementing effectively the corrective actions required by the food authority applicable to finding of the previous visits in 18/03/2025, 05/05/2025 and 26/06/2025 related to non-conformities against the food hygiene regulation 852/2004 requirements. These food authority visits nor the incident were not notified to LRQA despite the findings were similar to the IFS renewal audit findings 01/07/2025.
 
 Non-conformity type: Major non-conformity
 IFS Food v8 requirement 4.12.2
 During the audit, two equipment have been in use in a condition that posed significant food safety risk: 1. Packing of DEKO powder: An oil dropping from the bearing of the electric motor was direct above the used the primary packaging roll - there was no effective cover to prevent the packaging contamination. 2. Processing of cabbage: the rotor of the cabbage cutter's blade rubbed against the metal lid covering the cutter during cutting the cabbage - contamination of the cabbage with metal filings. The metal detector sensitivity was significantly lower as the size of the potential metal pieces resulted from this rubbing. At the time of inspection, the friction marks were evident/visible on the lid.
 
 Non-conformity type: Major non-conformity
 IFS Food v8 requirement 4.17.2
 1. Black plastic plates were used in several places in direct contact with processed vegetables - cabbage peeling table; directing the shredded cabbage into the conveyor. At the time of the audit, the company did not have a food contact certificate for this material.
 2. The company does not have a food contact declaration for containers used for scooping powdered ingredients - Spice extract mix and coriander.",21.08.2025,5,Locked: 11.11.2025,
24602,BFB5CC22,Werner Lauenroth Fischfeinkost GmbH GmbH,Werner-Lauenroth-Straße 1-3,Lüdersdorf,23923,Allemagne,,,IFS Food,28.11.2025,"4.14.1:
 Major non-compliance:
 1. Upon receipt of frozen shrimp 50/60, Ch. 250730, delivered on
 November 7, 2025, supplier DKSH, the temperature was measured at -
 7.4°C according to the documentation on the delivery note. According to
 internal specifications in the document Goods Receipt Inspection AA 3-
 04, A-12/24, the goods receipt temperature for frozen goods should be
 between -18 and -23°C. According to the Regulation on Frozen Foods
 (TLMV), § 2 Requirements for Manufacturing and Handling, Point (4)
 No. 1, the following temperature deviations from -18°C are permissible:
 short-term fluctuations of no more than 3 degrees C during shipping. At -
 7.4°C, the goods therefore do not meet the legal requirements for frozen
 products; the legal requirement was not complied with. Nevertheless,
 the goods were accepted and ultimately processed.
 2. Similar deviation to 2023 (C rating) and 2024 (D rating) but different
 raw materials: The incoming goods inspection for the following raw
 materials was not documented or was incomplete:
 - Mango puree, bag in box 20 kg, Ch. 250930, delivery date 09/30/2025,
 must be refrigerated according to supplier specifications 0-10°C: no
 goods receipt temperature is documented.
 - Lactic acid, delivery 07/04/2025, batch 250704: the goods receipt
 stamp was not filled out (pests, damage, best-before date, etc.).
 - Medium coconut flakes, batch 250923, delivery on 09/23/2025: the
 goods receipt stamp was not filled out (pests, damage, best-before date,
 etc.).
 KO. 5.11.3:
 KO:
 1. According to internal specifications in AA Goods Receipt Inspection AA 3-04,
 A-12/24, goods that require refrigeration and frozen goods that deviate from the
 target specifications upon receipt must be rejected. In any case, QM must be
 informed. In the case of the frozen shrimp 50/60 with batch number 2503241
 delivered on October 7, 2025, the goods receipt temperature was documented
 as -7.4 °C, which neither meets the internal specifications of -18 to -23°C nor the
 legal requirement in the TLMV of -18°C with a maximum deviation of 3°C.
 Neither was QM informed, nor were the goods rejected. The goods were
 accepted, frozen or stored frozen, and processed on November 11, 2025 (see
 Bollywood shrimp, traceability test). The corrections and corrective measures
 were therefore not implemented in accordance with the specifications. This only
 became apparent during the IFS audit in the course of the traceability test.
 2. During the last veterinary visit on September 10, 2025, it was determined that
 the pH value in the thawing bath was not being documented. The checklist was
 then expanded to include the pH value item so that this documentation could be
 carried out in the future. However, the IFS audit found that on November 14,
 2025, and November 11, 2025, for the products shrimp cocktail, batch
 25111401, crayfish meat salad, batch 2511401, and on November 11, 2025, for
 the production of Bollywood shrimp, batch 25111101. The corrective measure
 regarding documentation was therefore not implemented in a timely manner.
 3. According to the specifications and explanation in the IFS action plan from
 2024, the seal numbers on the truck when receiving tank goods must be
 checked against those stated on the delivery note by ticking off the checked seal
 numbers with initials. In addition to employee training, the last IFS action plan
 also specified a comparison of the seals and a check of the documentation by
 office and QA staff as a measure. However, the audit found two cases involving
 10% vinegar delivered in a tanker truck where the documentation of this check
 was not carried out in accordance with the specifications. A check of the
 documents by the office and QA is also not documented. The implementation of
 the corrective measure from the last IFS action plan has not been implemented
 in a comprehensible manner.
 4. Similar deviation as in 2024, but different service providers: The Eu.
 laboratory and the pest control company have not yet been evaluated for 2025.
 According to the specifications in A Purchasing 3-01, A-11/24, a quarterly
 interval is specified here. The corrective measure from the IFS action plan from
 2024, according to which all service providers are to be evaluated at risk-based
 intervals, has not been fully implemented at this point.
 5. Water analyses, new hall sink on the ground floor 28: During the inspection
 carried out on October 13, 2025, by the externally accredited Limbach
 laboratory, a value of 134 CFU/ml was determined at GKZ / 36°C, i.e., above the
 limit value of 100 CFU/ml ( Drinking Water Ordinance). The water at this sink is
 used for hand washing. However, corrective measures in the form of short-term
 closure of the sink, etc., have not yet been taken and implemented, and the
 water at this tap continues to be used. The next inspection is scheduled for
 December 9, 2025.",03.01.2025,"2, 7, 2009",Locked: 28.11.2025,
25815,0D2148FE,Prominent CZ s. r. o.,Brniště 171,Brniště,47129,Tchéquie,,,IFS Food,28.11.2025,"Major nonconformity to requirement 4.9.4.1: 
 In the areas where free-hanging products are cooled after heat treatment, condensate was observed dripping from the ceiling directly onto the finished product before packaging (turkey sausages). Furthermore, in the areas where meat is injected, an ice coating was observed on the supply pipe with coolant to the cooling unit above the area where open stainless steel laska trolleys with meat pickled in brine intended for further processing are kept.",01.04.2025,1,Locked: 28.11.2025,
26046,2E92A9C9,Bakery World Kft.,Besence u. 4 6,Budapest,1186,Hongrie,,,IFS Food,09.12.2025,"During the audit completed on site on 03-04/12/2025 the following KOs were identified at:
 
 1.2.1 - KO
 There is a lack of resource allocation. During the audit, it was found that some tasks assigned to the quality manager had not been completed, such as preparing and uploading all specifications for the products produced by the owner's companies in Belgium and the Czech Republic to B2B portals, preparing the risk assessment of the service providers and reviewing the vulnerability assessment. It took a very long time to receive replies to questions and requested documents.
 
 
 4.18.1 - KO
 1. Packaging materials are traced based on batch numbers, the batch number and quantity of packaging materials used must be recorded on the 08.01.20 Finished Product Inspection Sheet. This was not done in the case of the flat film and cardboard boxes used for the traceability test product. Based on the delivery documentation presented, it was not possible to clearly determine which film and batch was used. Traceability was not ensured. 2. The batch of soy lecithin in the daily container of the dough mixer and the badella containing the mixed dough next to Maschine 2, Exel Back fat in the ""warm chamber"" were not marked.",20.02.2025,6,Locked: 09.12.2025,
28221,F612A3FA,Rehbeck GmbH & Co. KG,Wendesser Landstraße 47,Peine,31228,Allemagne,,,IFS Broker,02.12.2025,cessation of business,16.09.2025,1.5,Locked: 02.12.2025,
28717,7EF7AFDD,NAMET GIDA SANAYI VE TICARET A.S.,Akse Mah. Fevzi Cakmak Cad. No: 132,Cayirova-Kocaeli,41480,Turquie,,,IFS Food,11.11.2025,"The presence of a cat within the production and spice storage areas constitutes a serious violation of hygiene and food safety protocols, directly compromising product integrity and consumer safety.
 As per IFS Food Standard clause 4.13.1, such a finding is considered a Major Non-Conformity, warranting suspension of the certificate.",28.01.2025,1,Locked: 11.11.2025,
32959,24E0872A,MERIAN Foods Élelmiszeripari Kft.,Szarvasi utca 16.,Orosháza,5900,Hongrie,,,IFS Food,10.11.2025,Major NC 4.8.3.,24.02.2025,"1, 5",Locked: 10.11.2025,
33656,6525B496,Thiry Gent NV,Brugsesteenweg 7/40,Evergem,9940,Belgique,,,IFS Wholesale / Cash & Carry,03.12.2025,"During the on-site audit performed on 2 December 2025, a KO relating to IFS requirement 4.17.1 was issued. 
 The results of the three traceability tests performed during this audit were not correct. Product quantities in the Navision stock did not correspond to the physical stock (two in plus and one min)",22.11.2024,"1.3, 1.5, 1.6, 1.7, 1.8",Locked: 03.12.2025,
34154,10F7AF5E,AXIANE MEUNERIE - Site de Gallardon SAS,2 bis rue Montflube,PONT SOUS GALLARDON,28320,France,AXIANE MEUNERIE .,46160,IFS Food,28.11.2025,"Item : 2.3.9.3
 During the visit to the facilities on 27/11/2025 the packing of 25 kg bags was checked. Before starting bagging the bagger tested the metal detector by passing the 3 test pieces (stainless steel: 3 mm, ferrous: 2 mm, non-ferrous: 2.5 mm) on the belt without any product. Attached to the metal detector there is an instruction “CCP No. 4, metal detector” rev. 16 dated 11/06/2022 which only indicates “pass the test pieces” with no other guidance and with a frequency of 4 times/day.
 The document “Verification of the correct functioning of the metal detector” GAL-SDA-MO-001 rev. 1 dated 26/12/2023, available during the audit but not at the bagging station, states the following verification procedure: pass the first product manufactured through the metal detector, retrieve it and pass it again 3 times, one with each test piece. Frequency: once at the beginning and end of the day + every hour for long runs.
 The bagger was assessed regarding the management of this CCP on 20/02/2024. However no evidence of training is available (training material, attendance sheet…). He stated verbally that he used to perform the verification according to procedure GAL-SDA-MO-001 rev. 1 dated 26/12/2023 but that for about a year the logistics manager (no longer in the company) told him to do it as observed during the audit.
 He also confirmed that he only performs the test at the beginning of production and every 4 hours because the IT recording system does not allow him to record it more frequently.",27.03.2025,6,Locked: 28.11.2025,
34291,3CDB9F74,Kasteel GmbH,Krefelder Straße 686,Mönchengladbach,41066,Allemagne,,,IFS Food,28.11.2025,"1.2.1 KO Non-conformity
 The company management does not adequately monitor whether employees are fulfilling their responsibilities with regard to food safety and product quality.
 1) Knife basket no. 9 in the cutting room (area for hanging pigs) was unclean. The plant mana-ger informed the responsible cutter, who continued his cutting work unchanged after being instructed. 
 2) Employees at the cutting table stored knife sharpeners and a knife in red E2 boxes with meat on the cutting conveyor belt. A knife basket was stored on the floor under the cutting table. According to the plant manager, the tools are to be stored in a different colored box. Despite the auditor's inquiry, there was no immediate response.
 3) An employee in the goods receiving area picked up load securing bars from the floor of the goods receiving area and put them back in the delivery truck. The employee then continued to push pig halves into the cold room without cleaning or changing his gloves. 
 4) In view of the non-conformities with requirements 4.12.1 and 4.9.4.1, the monitoring mecha-nisms are insufficient.
 
 4.12.1 KO Non-conformity
 The procedures introduced to prevent foreign materials are insufficient.
 1) A piece of plastic had broken off a lamp cover in the cutting room. The lamp hung directly above the cutting line at the height of the splitting saw.
 2) In the ""middle"" cold storage room, paint was peeling off the evaporator. Pork ham was stored underneath in plastic pallet boxes.
 3) Labels were stored in plastic tubs in the packaging machine room. Two tubs were broken.
 4) The plastic brackets on the splitting saw (ham saw) were damaged. Plastic wear was visible.
 5) A piece of plastic (approx. 1 cm) had broken off the plastic cutting belt (chop belt). 
 6) Two pieces of plastic (approx. 1 cm) had broken off the cutting belt for the pork shoulder (on the right-hand side in the direction of travel). 
 7) The loading ramps showed mortar damage on the side walls. Material had come loose on ramps 2 and 3. 
 8) The cover was missing from a high-voltage socket in front of the packaging room.
 
 5.11.3 KO Non-conformity
 The smaller corrugated container at the rear of the building, which is used to store cardboard boxes and packaging film (primary packaging), once again showed signs of condensation on the ceiling. Although the packaging is covered with plastic film, there was also water underneath it.
 The planned corrective measure (alternative storage option) had not been implemented at the time of the unannounced audit on November 25, 2025. The interim measure (observation and immediate removal of condensation during site inspections) was not sufficient to prevent the recurrence of the nonconformities.
 
 4.9.4.1 Major Non-Conformity
 There is a significant non-compliance with the requirements of the standard, as the risk of microbiologi-cal/physical contamination from condensation water is not minimized in several areas.
 1) On the first day of the audit, there was condensation on the ceiling of the ""middle"" cold room, which was gradually dripping down. Underneath was an open plastic pallet box containing pork ham. Condensation dripped directly onto the unpackaged meat. 
 2) Condensation was found on ceilings and ceiling structures in the following rooms: film & card-board storage (corrugated metal container at the rear of the building), cutting room, cold room for pork halves, ""middle"" cold room, cold room ""1,"" hallway in front of cutting room, packaging room",29.04.2025,1,Locked: 28.11.2025,
34313,92D78436,COVI SAS,Route de Salbris,NANCAY,18330,France,,,IFS Food,21.11.2025,"Following the Integrity On-site Check audit on November 18, 2025, a MAJOR NC was issued for requirement 4.10.2:
 The cleaning plan does not guarantee that equipment and buildings are clean. Cleaning deficiencies have been observed on several occasions:
 - Presence of pieces of wood on the floor of the positive cold room
 - White buckets used for weighing spices and ingredients are stored as clean buckets even though they are dirty: seen in the organic spice room, in the cutting mixing room (already noted during the certification audit), on a dirty grey plastic pallet in the cutting room
 - Dirty pressure washer in the blanching fat area
 - Inside the fish cooker, there are brown marks, similar to biofilm
 - Inside the rillettes cooker: a few marks of burnt meat and white marks on the blades, probably mould
 - The upright of the Euro bin lift for the rillettes cooker and the stepladder are dirty
 - In the cutting - mixing room, storage of two yellow shovels and one blue shovel, dirty underneath the spice scale on a wet shelf
 - PCI tank: traces of tomatoes in the cleaned tank. The problem stems from the fact that a pipe located above was not cleaned properly (presence of a whitish build-up inside); the drain pipe was washed via a CIP but was not dismantled afterwards, there are traces of tomato on the fittings when dismantled
 - Tomato sauce mixer: visible traces of brown film on the walls and arms of the mixer
 - Few sprouted lentils in the drain
 - White bucket with brown traces and an orange scoop inside (in the ravioli dosing area)
 - Cleaning equipment: brooms, squeegee, hand brush and scrubber left on the floor in the production area 
 The cleaning method for the rillettes cooker is not consistent with the product's technical data sheet. The Argos DDAM technical data sheet specifies a degreasing action of between 2 and 4%, whereas it is used at a dose of 0.3% (3 litres of chemical product in 1 500 l of water).",04.09.2025,"1, 2, 2007",Locked: 21.11.2025,
36368,06A80885,COMPAGNIE DES SAVEURS - Ets Guenard SAS,2 rue André Boulle - ZA Les Plantes,NOYERS SUR CHER,41140,France,,,IFS Food,09.12.2025,"KO on item 5.1.1. : 
 The last internal audit of IFS chapters 4.10 (Cleaning) and 4.13 (Pests) was conducted on July 16, 2024. The date of the last internal audit of IFS chapter 4.3 (R&D) is unknown. The internal audit planning for these three IFS chapters could not be submitted for 2024. They were also not included in the 2025 internal audit planning. Therefore, the 12-month planning and 15-month implementation deadlines were not met for these three IFS requirements. Consequently, not all IFS requirements were audited. A documented justification for this omission could not be provided.",04.02.2025,9,Locked: 09.12.2025,
38060,2FD7D947,Toscana Gourmet Since 1957 S.r.l.,"Franco Vannetti Donnini, 47",PRATO,59100,Italie,,,IFS Food,01.12.2025,Missing payment,02.07.2025,5,"Locked: 01.12.2025, Unlocked: 04.12.2025",
38579,221D803E,Piscifactoria Campoo S.A.,"C/ Extrarradio, s/n",Aguilar de Campoo (Palencia),34800,Espagne,,,IFS Food,27.11.2025,"Majors NC against the cl. 4.9.1.1. and 5.4.1:
 4.9.1.1
 Several areas within the premises where the trouts are processed and stored were not maintained as to ensure food safety. Examples: 
 - Ceilings in the peeling / filleting / packing room were damaged, painting was detached, they showed black sport and rustiness, some of them above open product being processed.
 - In this room condensation was observed in several areas of the ceilings, including areas above the product. This dripping water has not been analysed, and there is no specific protocol for the control of this dripping. 
 - In the trout reception room there is as well condensation on the ceilings. On the day of the audit no product was being processed. 
 - Other ceilings, walls, columns and some junctions in production areas where no product was being processed and also some cold chambers showed rustiness and black spot. Walls have been parched with painting, but rustiness is still present. Examples: Conditioning and brining room, brining chamber.
 - At least 2 methacrylate covers were broken. One in the evisceration room (lamp cover above the line, which also had a detached adhesive tape), and another cover (for plugs) in the filleting area (not above product).
 5.4.1
 The Automatic ponderal weigher (Serial 96135) used for quantity control is not legally approved for its use for pre-packed products (products at average weight), only for catchweight (variable weight), as it is an instrument classified as Accuracy class Y(a), with a d=e=2 g. 
 This is a breach of the Spanish law Order ICT 155/2020 and RD 1801/2008.
 Besides this, this ponderal weigher has no evidence of having been calibrated",22.09.2025,2,Locked: 27.11.2025,
41225,3B36D200,Van Loon Noord B.V.,Kanaalweg 15,BEILEN,9411KB,Pays-Bas,Van Loon Group B.V.,5692 JW,IFS Food,05.12.2025,"Major NC on 4.9.9.1: No evidence that water which is used for hand washing, cleaning and disinfection or as an ingredient in the production process for minced meat is of potable quality at the point of use. No analysis seen for water used as an ingredient for minced meat and water used for cleaning the production area. Seen result of water analyses of hand washing 18-08-2025 (TPC 190 kve, limit is 100kve). Seen result is not compliant with legislation.",30.01.2025,1,Locked: 05.12.2025,
41249,C1789F10,VICTUSPAK D.O.O.,Savska ulica 114B,Hrušćica,10373,Croatie,,,IFS Food,05.12.2025,"During IFS Audit a KO was raised against 4.18.1. The company does not have evidence of the quantities of raw materials used (sugar, dextrose, cocoa, lecithin, aroma vanillin) during the mixing step. This was verified against working order no. 19 for mixing semi-product Instant Eroski dated 01.04.2025, which was used to produce the finished product Cocoa Eroski 800 g. L010425A. Packed quantities of finished product Cocoa Eroski 800 g, L010425A were on 16.05.2025: 4608 bags packed and on 13.06.2025: 1152 bags packed ( Total: 5760 bags × 0.800 kg = 4608 kg ) which was not align with the declared mixture quantity of 4000 kg.
 
 In checked traceability for product Mix 2 in 1 (stick) L050527 packed quantities 6.11., 10.11., 20.11. are 26 000 pcs and mixture produced 5.11.2025 are 380 kg what is enough according to recipe for 25333 pcs.",24.01.2025,10,Locked: 05.12.2025,
41494,390545BC,SOCIETA' AGRICOLA BRUZZESE S.S.,"Via I° Maggio, 112",OLGIATE OLONA (VA),21057,Italie,SOCIETA' AGRICOLA BRUZZESE S.S.,21057,IFS Food,24.11.2025,voluntary suspension by customer,25.03.2025,3,Locked: 24.11.2025,
42229,CB7EAB12,Esa B.V.,Saba 9,Apeldoorn,7300 AS,Pays-Bas,VanDrie Group,3641RP,IFS Food,12.11.2025,"The following Non-conformity has been raised during the IFS audit started on 10th November at Esa B.V. - COID 42229. After identification of the K.O. non-conformity, the company asked the LRQA auditor to stop the audit, thus the audit is considered cancelled as defined in IFS Food v8 Doctrine section 1-4.2.1.
 
 Non-conformity type: KO non-conformity
 IFS Food v8 requirement 4.18.1
 The traceability of fresh article 10010 was not ensured, the mass balance could not be completed as a substantial part of this article produced as result of a batch of slaughtered veal's on 22-10-2025 could not be detected and the slaughter date of this article could not be found with certainty.
 Explanation:
 During the trace test started by the auditor was detected that a batch of 357 Vitenders (veals) was slaughtered on 22-10-2025 which should have resulted in 357 pieces of article 10010.
 137 Pieces of article 10010 were packed on the 23rd of October 2025 and delivered to customers, which was documented and traceable from packing on 23-11-2025 until delivery, 5 pieces were downgraded to cat. 3 which was recorded.
 During this trace test it became clear that “leftovers” of slaughtering day 22-10-2025 (which should be 357-137-5=215 pieces), that they were probably included in a batch of a next slaughtering day and it could not be determined with certainty if the 215 pieces of article 10010 of slaughter day 22-11-2025 were really products as result of slaughtering on the 22nd or the 23rd as this was not documented / could not be traced. Not clear was if this is the standard way of working (move the ""leftovers"" to the batch of the next day) or not and if only article 10010 is involved or also others.",27.09.2024,1,Locked: 12.11.2025,
43020,5F17EA6F,Diano Casearia spa,"Cavarelli, 5",Sassano,84038,Italie,,,IFS Food,04.12.2025,"Following an unannounced IOC audit conducted on November 26, 2025 by IFS, one Major NC was issued for requirement 4.14.5 (several unidentified containers of raw materials) and one KO (D) for requirement 4.18.1 (ineffective traceability system).
 The independent RINA AGRIFOOD Technical Committee has therefore decided to suspend IFS certificate, as it is a Fundamental requirement for the IFS Standard that was completely disregarded. 
 The certificate can only be reinstated following a supplementary/full audit at the company with a positive outcome regarding the closure and effective management of the findings and without any further critical issues being identified.",12.03.2025,4,Locked: 04.12.2025,
46018,5B53D226,"EXPL AGRICOLA HNOS GUERRERO GEMEZ, S.L.","AVENIDA RIO GUADIANA, E-6 POLIGONO INDUSTRIAL SAPRE",LORCA - MURCIA,30800,Espagne,,,IFS Food,20.11.2025,"A withdrawal is being carried out due to a fire that has affected the site. The company is not operating on site, and a new full audit will be required to regain certification.",10.12.2024,5,Locked: 20.11.2025,
46127,2203C84A,Fabrication Chimique Ardéchoise (FCA) SAS,ZA Les Iles Ferays,Tournon sur Rhone,7300,France,Fareva Corporate France SAS,7300,IFS HPC,10.11.2025,"On the one hand of the 34 deviations from the 2024 action plan assigned to the site (2 from the head office audit), 12 corrective actions have not been closed, including 5 already included in the 2023 action plan (downgraded or maintained rating).
 On the other hand, in the internal table relating to the follow-up of actions resulting in particular from internal and external audits (PDCA), out of 6 deviations from the 2024 audit examined, 4 have not been closed internally (three of which from the 2023 audit):
 - 3.4.1: The deviation relating to the obligation to communicate the welcome booklet to service providers has been closed internally because the associated instruction (IHS/36) has been communicated and taken into account by the persons concerned (observed as read on the quality documentation software), but it was noted during this 2025 audit that the register is still not systematically signed by maintenance service providers, with more than 13 boxes seen to be unfilled since October. This deviation was already noted in the 2023 audit.
 - 4.5.2: The deviation relating to the cleanliness and maintenance of the exterior of the Tournon site has been closed internally as inspections have been put in place. During this 2025 audit, obsolete equipment was still observed (pipes on the ground) and the vegetation around the ethyl acetate and alcohol tank supply is still overgrown (not detected during inspections).
 - 4.7.3.1: The deviation relating to the ground at the St Félicien site (household sector) has not been closed because the planned stripping work has not been carried out (postponed to CAPEX 2026) and, despite the cleaning carried out, the condition observed during the audit was not satisfactory. Deviation already included in the 2023 audit.
 - 4.8.2: The deviation relating to the cleaning of small equipment has not been closed internally because the procedure was revised to include the bagging of this equipment following a visit by the DGCCRF (on 09/17/2025), without notification or sanction. However, a specific protocol had been revised to include soap (IAQ00058) following the previous audit. It was validated by a report dated September 11, 2025, but has still not been implemented or communicated to staff.
 - 4.8.5: The deviation relating to the validation of cleaning plans for the household sector has not been closed internally as it has not been completed for lines C8 and C4. Deviation already included in the 2023 audit.
 - 4.16.4: The deviation relating to the identification of mobile tanks in the household sector has not been closed internally. This issue was recently raised at a meeting on September 30, but no follow-up has been documented since then. 
 This shows that the corrective action plan has been inadequately monitored for at least two years, preventing new occurrences from being avoided.
 These findings justify K.O. non-conformity with requirement 5.11.2.",24.01.2025,"1, 2",Locked: 10.11.2025,
48247,A126CCC2,"CONSERVAS Y SALAZONES LINDA PLAYA, S.L.","TRAVESIA LA MAR, 12",COLINDRES - CANTABRIA,39750,Espagne,,,IFS Food,05.12.2025,"Major NC 1.2.6: The company had a product recall ordered by Italian authorities on July 2, 2025, due to food safety concerns (detection of histamine above legal limits in anchovy fillets in olive oil). This recall was not reported to the certification body until November 28, 2025, failing to meet the three-day notification deadline, and therefore was not reported on the IFS portal.",23.04.2025,2,Locked: 05.12.2025,
48295,AC2F1D30,LDC Bretagne SA,LA LANDE DE LA FORGE,LANFAINS,22800,France,LDC (80833),72300,IFS Food,01.12.2025,"During the IFS Food audit carried out from November 25 to 27, 2025, a major non-conformity was detected regarding requirement 4.5.2
 Chemical risks associated with packaging are governed by group procedures, in particular by a packaging charter dated November 2024 (prohibiting the use of phthalates, bisphenol, nano and mineral oils, and requiring the use of low-migration inks).
 This has been explored for Poule et Toque brand direct-contact labels used on frozen whole chickens under the packaging film.
 The documents provided were:
 - a proof approved on April 24, 2023
 - a declaration of conformity dated July 2, 2024 from supplier G
 - and a declaration of conformity dated February 19, 2025 from the same supplier, submitted during the closing meeting.
  
 Major non-compliance:
 - The first declaration of compliance stipulates that the label adhesive must be used on a barrier, or in contact with a dry, non-greasy product, or requires appropriate migration tests. The migration tests were carried out with 10% and 20% ethanol and Tenax, solvents that correspond to dry foodstuffs (which is not suitable for chicken skin).
 - Following this observation made on the first day of the audit, several other labels in direct contact were set aside on the second day because their guarantees were not sufficient according to management (e.g., labels for the ID Halal, Cocotte, and SEBIL brands).
 - For the Poulets Fermiers Argoat label (manufactured by another label supplier, A.), the declaration of conformity submitted on the second day of the audit did not correspond to the label reference.
 - The declaration of conformity dated February 19, 2025, submitted at the closing meeting, also does not provide all the necessary guarantees: for the paper, it does not mention compliance with regulatory texts, purity criteria, or inertia criteria. It does not mention the other components of the label, which nevertheless appear on the proof ( primary inks and 2 Pantone colors in particular) and for which the usual guarantees, in particular those of EUPIA, are not provided.
  
 This shows that the guarantees allowing verification of the absence of any negative effects from labels in direct contact with meat have not been sufficiently verified.
 This does not concern the two private labels (which are customers for products packaged in trays under atmosphere and labeled on the sealing film), but at the time of the audit, whole chickens were labeled in direct contact with labels for which the guarantees are incomplete",29.11.2024,1,Locked: 01.12.2025,
50593,E478C69A,Facundo Blanco S.A,Crta Nacional 611. Km 10,Villamuriel de Cerrato (Palencia),34190,Espagne,Facundo Blanco S.A,34340,IFS Food,13.11.2025,"The following non-conformities have been raised during the IFS unannounced audit from 10-11-2025 to 11-11-2025 at Facundo Blanco S.A - COID 50593:
 
 
 Non-conformity type: KO non-conformity
 IFS Food v8 requirement 2.3.9.1
 There is no recorded evidence (in format A 6-3-42 “Zona de Envasado”) of the monitoring of the metal detector on the TNA4 packaging line at the end of the packaging of batch 16050922 of the product Chaskis Chill Explosion, 75-gram format (on 16/09/2025 at 20:00), failing to comply with the monitoring frequency indicated in the HACCP plan.
 
 Non-conformity type: Major non-conformity
 IFS Food v8 requirement 4.13.7
 The set of pest control measures applied in the supply of product (including cornmeal) to the fried cereal extrusion lines (“chaskis”) is ineffective. During the plant visit on 10/11/2025, it was detected that the product present in the mixer of extruder 1 (batch 101125: includes cornmeal, salt, sugar, sodium bicarbonate, and citric acid), which was in operation at the time, contained several dead flying insects (small flies).
 Likewise, the mixer of extruder 2, which had been emptied on 06/11/2025 and was out of operation, contained traces of mixture product, as did the sieve supplying the mixture to extruder 2 (the presence of cornmeal residue in the equipment prior to extrusion pose a risk for the appearance of pests).
 
 Non-conformity type: KO non-conformity
 IFS Food v8 requirement 4.18.1
 The weighing tickets for ingredients used in the production of batch 16050922 of the product Chaskis Chill Explosion (attached to record A 6-3-6 “Línea de Extrusión” dated 14/09/2025 and 15/09/2025) do not include, in several cases, the incorporation of various ingredients present in the product recipe (the missing entries are mainly citric acid and bicarbonate and, on occasions, salt and sugar) and on other occasions contain errors (the weighed quantity is assigned to an ingredient that, according to the formula, cannot be incorporated in that quantity: e.g., several weighs indicate 2.5 kg of citric acid, when that amount in each weighing run corresponds to sodium bicarbonate).
 Although record A 6-3-6 indicates the batches of ingredients used, the quantities used for each ingredient cannot be verified. Note: the company states that this is probably due to occasional errors in the printing of the ticket, although there are no notes in the comments field of record A 6-3-6 to clarify such errors.
 Likewise, it has been verified that the company does not record the quantities of oil added to the fryers during the frying process (the oil in the fryer is recirculated during frying, including the addition of “new,”unused oil from the raw oil tank). Again, the batch (traceable to the date of loading of the oil tank in use) of the raw oil used is noted in form A 6-3-12 “Producción y Consumo Materias Primas. Freidora Extrusionados”, but there is no record of the quantities used.",27.01.2025,6,Locked: 13.11.2025,
50906,822B4224,Oryza S.r.l.,"Via Caduti di Nassiriya, 7/B",Tricerro (VC),13038,Italie,Oryza S.r.l.,13038,IFS Food,27.11.2025,Contract terminated,23.01.2025,6,Locked: 27.11.2025,
51041,55F0CAA5,Sun Snack s. r. o.,Dukelských bojovníků 2945/152,Znojmo,671 81,Tchéquie,,,IFS Food,01.12.2025,Sun Snack company ceased operations and all production is transferred to the company SUNCONE s.r.o. (COID 16712).,11.03.2025,6,Locked: 01.12.2025,
52715,3C4B6E6F,"VASCO, NUNO & CLÁUDIO VIEIRA Lda","Parque Industrial e Tecnológico de Évora, Rua Circular Sul, 75 a 79",Évora,1864889,Portugal,,,IFS Food,09.12.2025,"Major non-conformity and KO:
 - Major 4.9.10.1
 The evidenced analitycal report for compressed air showened the following classification: 3.4.3 (report dated (dated 21.01.25)
 this means that this compressed air has:
 - Classification 3 for particules: the number of particules per m3 ≤ 90.000 (particules between 0,5,μm - 1,0 μm) and ≤ 1000 (particules between 1,0 μm - 5,0 μm); 
 - Classification 4 for dew point: a Pressure dew point (°C) of ≤ +3ºC 
 - Classification 3 for oil: Oil (incl. oil vapour) mg/m³ of ≤ 5
 According to ISO 8573.1:2010 compressed air with direct contact is compressed air comes into direct contact with a product or the primary packaging (as blower air that is specifically aimed at the product and the primary packaging materials that come into contact with the product) should have a classification of 2 (particles), 1 (dew point) and 2 (oil particules). In this case Compressed air is used to blow the soup cups from the mold of the machine that makes them (they make some part of soup cups and other they buy), so direct contact is considered.
 What was evidenced that the company bought a new compressor, but due to delay in delivering this equipment, it was installed last week (evidenced report of installation dated 24.11.25, Atlas copco compressor equipment GA18VSDS serial nº ITJ983007, seen Compressor Specification Single-Stage, Air-Cooled, Variable-Speed, Oil-Lubricated Rotary Screw) and made arrangements to do another compressed air analysis, programed to be done in the 19th of December. 
 It was also evidenced that microbiologically compressed air and product comply (report nº 2934550 dated 26.11.25 vegetable soup 400g lot 251119012 BBD 12.12.25). 
 In the previous IFS Food v8 audit a D deviation was raised in this requisite because no analytical results regarding compressed air were available (report had not been issued) and compressed air analisis was not considered in analitical control plan.
 
 -KO 5.11.3
 During last year audit, D deviation was raised in 4.9.10.1 for exactly the same reason. Corrective actions not effective as the same problem has been identified during this audit.",03.02.2025,"5, 7, 2008",Locked: 09.12.2025,
53434,EB6D25DD,LIGHTIES SARL,ZI les bois blancs,VEUZAIN SUR LOIRE,41150,France,,,IFS Food,24.11.2025,Non-payment of audit invoice,04.03.2025,"5, 6, 10","Locked: 24.11.2025, Unlocked: 01.12.2025",
54218,72EA641B,Jac van den Oord Potatoes B.V.,Uilecotenweg 53,Ammerzoden,5324 JT,Pays-Bas,,,IFS Food,28.11.2025,"4.18.1 KO N° 7: A traceability system shall be documented, implemented and maintained that enables the identification of product lots and their relation to batches of raw materials, and food contact packaging materials, and/or materials carrying legal and/or relevant food safety information. The traceability system shall incorporate all relevant records of:
 • receipt
 • processing at all steps
 • use of rework
 • distribution.
 Traceability shall be ensured and documented until delivery to the customer.
 SCORE: KO
 Explanation: During the audit it was found that on one of the packaging lines, the batch number printed on the label did not match the origin of the batch. Further investigation revealed that the incorrect batch number was printed on the packaged bags, namely batch 26254, when it should have been batch 26246. Only this number is used as a traceability code. There is no visibility nor documentation at the packaging lines, supplied with potatoes via the bunkers, as to which batch is being used during packing.
 
 5.11.3 KO N° 10: Corrective actions shall be formulated, documented and implemented as soon as possible to avoid the further occurrence of deviations and non-conformities. The responsibilities and the timescales for corrective actions shall be defined.
 SCORE: KO
 Explanation: The actions from the previous IFS audit were not entered in the corrective action plan. In fact there were no registrations of corrective actions between half November 2024 and May 2025. The new plant manager only started the monitoring of the action list at the end of March 2025 following the departure of the previous plant manager at the end of November 2024. There was also a recurrence of the deviation determined during the previous IFS audit regarding label control at start-up and changeover.",12.12.2024,5,Locked: 28.11.2025,
55252,1E436585,JUMOSOL FRUITS S.L.,"C/ ANDRES SEGOVIA, 17",Fuentes de Ebro (ZARAGOZA),50740,Espagne,,,IFS Food,17.11.2025,"During the recertification audit, the following was detected: 
 
 KO in requirement 1.2.1: It has been determined that management has not provided sufficient resources for the proper implementation and maintenance of the Quality and Food Safety Management System, as evidenced by the following points:
 - Some of the corrective actions established by the company in the previous audit have not been considered effective or have not been assigned the material or supervisory resources necessary for their proper implementation, as the following deviations have been repeated: lack of external fencing, wooden equipment and crates in poor condition on one side of the warehouse and in the new warehouse area, damaged kerbs in the cold storage area, remains of previous production at the start of the line, labels from the previous day on the line.
 
 - No corrective actions or implementation deadlines have been formally agreed for most of the deficiencies detected in:
 Internal inspections of the facilities.
 Diagnostic audit report carried out by the pest control company.
 
 - It has not been ensured that the hygiene standards established in the company are understood and applied by all employees and visitors, as evidenced by the number of deviations detected in relation to good hygiene practices.
 
 Major nonconformity in requirement 4.13.4: There is evidence of deficiencies in pest prevention and control, resulting in the observation of pest activity inside and outside the facilities during the audit.
 The evidence collected includes:
 - Cold room No. 10 (packaging material): Observation of a cricket, a beetle and insect remains next to a mesh pallet. 
 - Cold room No. 3: Numerous mosquitoes around bait point No. 49 and crawling insect faeces.
 - Cold room corridor (new building): Significant accumulation of woodlice on the floor.
 - Cold room No. 4: Mouse faeces observed next to bait point No. 51.
 - Outside (first selection area): Observation of a dead rodent inside a pallet with onion skins. 
 
 The pest control company's service certificates (August, September, October) have been reviewed and record rodent activity in cold rooms 1, 2, 3 and 4, with high activity in September and medium activity in October. Second quarter trend analyses indicate an increase in incidents of rodents and crawling insects, and a ‘notable increase’ in flying insects in 2025.
 
 In turn, structural and operational failures are detected, such as:
 -Open doors: Open doors to the outside are observed (e.g., access door from the workshop, door to the calibrator area, the two doors to the new chamber area that the company declares cannot be closed because it creates internal pressure), and the absence of draught excluder on the door from the dock to the dirty area, which encourages the entry of pests.
 -Openings and lack of sealing in walls (in the calibration area) and doors. 
 -Accumulation of dirt and waste that can become a source of attraction, such as:
 A trailer with onions for disposal in poor condition is observed, oozing organic waste and creating a puddle in the yard on one side of the company. 
 On the side of the company, remains of wooden pallets are again observed, without being properly managed or sorted.
 The outdoor area near the workshop continues to show an accumulation of scrap metal and various objects. 
 At the rear of the new warehouse, in the onion packing area, there is a large number of wooden pallets (some in poor condition) that have not been managed or sorted. 
 In addition, a large number of onion sacks have accumulated without being removed, although the company compacts and groups them together. 
 
 The pest control company's diagnostic audit of 27 May 2025 identified deficiencies (open access from the workshop to warehouse 2, poor sectorisation, deficiencies in panelling and meshs, deteriorated exterior fencing), for which there is no evidence that they have been managed.",02.04.2025,5,Locked: 17.11.2025,
55477,BB4B5575,Hamfelder Hof Bauernmeierei GmbH & Co. KG,Dorfstraße 35,Mühlenrade,21493,Allemagne,,,IFS Progress Food,14.11.2025,"4.12.1 (I)
 Situation in 2025: Butter production area, production has just been completed, employees are dismantling the equipment. There are traces of butter in the buffer vessel (butter silo) used for filling butter, indicating that production has taken place. Above this, there is a spray head for CIP cleaning in this system.
 Residues from the seals of the CIP circuit were hanging in four places due to the fine spray holes of the spray head. These were both black and blue in color. The sealing material was soft. The spray head was depressurized and dry, so it stands to reason that these residues were pressed into the holes of the spray
 head during CIP cleaning prior to production. 
 Deviation 2025: To prevent contamination with foreign materials, a visual inspection of all areas of the butter silo is specified as a preventive measure. The area was inspected by the employee in the lower area. It was clean and no foreign objects were found. The upper area of the butter silo was not inspected. The associated inspection of the CIP cleaning spray head for physical or chemical contamination risks before starting work was not carried out correctly. The inspection is not documented. Due to the seal residues found in the spray head after the end of production and before rough cleaning, the procedure for preventing physical contamination at this individual point has not been effectively implemented.",28.11.2024,4,Locked: 14.11.2025,
55498,D5E842DE,Bervini Primo S.r.l.,"Via Monasterolo,62/A",BORGO VIRGILIO,46034,Italie,,,IFS Food,25.11.2025,"Following a preliminary technical review and decision, the certificate is suspended for the following reason:
 . Typology and severity of non-conformities from the inspections of the ATS Val Padana authority on 23/10/2025 and 24/10/2025,
 . Notification of suspension of cutting operations at the Bervini Primo S.r.l. plant, Via Monasterolo 62/A, EU approval number IT R915K, in Borgo Virgilio (MN), issued by the competent Health Authority (note from the Veterinary Department and Animal Food Safety, SC Mantua Veterinary District, Prot. No. 0097546 of 12/11/2025)
 . Missed communication to CSQA within 3 working days (ref. IFS Food 8, part 2 § 1.2.6; Certification Regulation ITA_REG_BRCIFS, rev.17 of 29/11/2023)",18.03.2025,1,Locked: 25.11.2025,05.02.2026 - 06.02.2026
55692,F529039A,JEAN FLOC'H SURGELATION SAS,ZI de Bonvallon,GUENIN,56150,France,,,IFS Food,20.11.2025,"NC Major item 5.5.1 :
 During the flow freeze line, on which the pork sauté (own branded Jean Floch), batch 25322, was being packaged in 5kg bags, it was found that for the series of 10 weighings in progress, the % of TU1 was 10%. Operators are required to perform 3 series of 10 weighings per hour. The weighing results are recorded in the weighing software, which generates a “Stat1” for each series of 10 weighings and a ‘Stat2’ corresponding to the overall evaluation of the weighed batch. The “Stats” show the average and the associated %TU1 and %TU2 for each one. The E/79/02-16 freezing tracking sheet for the batch in progress, on which (among other things) the weight control results are indicated, had been completed with a cross in the section provided for “Validation of the Stat1 series.” When questioned, the operator being audited stated that she had placed a cross in the box dedicated to this check to certify that the weighings had been carried out, but that she did not interpret the results. At the auditor's request, the weight control results for the entire batch 25322 of the sauté mentioned above were printed and are as follows: average 5018.7g - % TU1 2.05% and %TU2: 1.37%. However, these results do not certify the conformity of the weight of the packaged batch and do not meet the requirements of Decree 78-166, which states that: 
 - The actual content of the pre-packaged items in the batch must not be less than the nominal content on average;
 - The proportion of prepackages with an error less than the maximum permissible error indicated in the table below must be sufficiently low to enable batches of prepackages to satisfy the statistical tests of official control. As the acceptance rate for these tests is 2.5%, the DGCCRF's “Guide to good practice concerning internal metrological control procedures to be carried out by pre-packagers” of July 2014 sets a maximum defect rate of 2%. This maximum TU1 rate was also clearly specified in the instruction for carrying out weight checks on the Flowfreeze IC/79/04-05 line of April 2024.
 The same instruction states that if the first series of weighings indicates non-compliant results (based on the average or %TU1 criterion), a second series of 10 weighings must be carried out. If this second series is also non-compliant, the products must be separated from the last compliant batch and weighed individually.
 
 However, for the batch in question:
 - The operator clearly stated that she did not interpret the results in any specific way, and the percentage of non-compliant TU1 was noted by the auditor.
 - Any corrections that may have been made following the discovery of the non-compliant series were not documented, and the site cannot certify that the batch has been brought back into compliance.
 As things stand, the site cannot certify the compliance of batch 25322 or the effectiveness of the currently defined procedure.
 In general, it was confirmed that the results associated with the weighing of packaged batches, and in particular the “stat 2” results for the batches, were archived in a directory but were not analyzed by a person named for the site. In the absence of analysis, the site cannot prove that there have been no other findings of this type.
 It should be noted, however, that following this finding, five other results associated with sauté packaging days were verified by sampling, and no other non-compliant results were identified during this consultation.",27.01.2025,1,Locked: 20.11.2025,
56447,56D271AD,Celvia Sérent SASU,ZI La Croix Ballais,Sérent,56460,France,LDC,72300,IFS Food,28.11.2025,"2.3.9.1 KO (D)
 The metal detector monitoring procedure in the picking area was not correctly applied to detect any loss of control of the metal detector CCP in a timely manner. During the audit, the operator in charge of the control retrieved the carton before it was properly ejected. A DPM verification test was carried out, and the ejector did not eject the cartons onto the NC product ejection ramp. The EN-EXP-004 record does not provide for recording the proper functioning of the ejector, so it is not possible to demonstrate when the ejector stopped working. 
 Work instruction IT/QUAL/006 specifies that in the event of a failure to eject, the products must be blocked. The operator on duty indicated that the ejector was not working properly when production started in the morning. The procedure was not followed.
 In addition, the stainless steel indicator was not detected by the DPM and when two successive indicators passed, the second indicator was not detected. 
 The CCP DPM is therefore not under control. A KO is established for this requirement.",21.01.2025,1,Locked: 28.11.2025,
56791,5F0ACEA0,H. Holland Vriezenveen bv,Noordbroek 5,Almelo,7604 BL,Pays-Bas,,,IFS Food,03.12.2025,"During the on-site audit performed on 1 and 2 December 2026, a major non-conformity relating to IFS requirement 4.10.1 was issued. 
 During the first day of the audit, a product changeover was observed, and it was proven during the first production run that residue of the former product (marzipan) was still present in the main dispenser. This residue had not been seen or verified during the cleaning process before the next run began. The product made using that specific recipe contained the raw materials for the “Butter Apple Rondo” recipe. Marzipan residue is not part of that recipe and the marzipan contained the allergen soy, which was not declared on the label of the 'butter apple rondo'. The production run of the 'Butter Apple Rondo' had already started (the product base was in the process of being baked) but no finished products had been produced or left the company, so there was no direct food safety risk.",02.04.2025,6,Locked: 03.12.2025,
57105,98958A90,Ghorban Delikatessen Manufaktur GmbH & Co. KG,Viehhof Straße 105,Wuppertal,42117,Allemagne,,,IFS Broker,17.11.2025,"The company did not pay the audit invoice on time. As soon as the invoice is paid, the certificate will be reinstated.",05.05.2025,"1.2, 1.5, 1.7, 1.9, 3.4","Locked: 17.11.2025, Unlocked: 18.11.2025",
60297,6B4BC126,CAPRICHOS DEL PALADAR S.L.U.,"Ctra. de la Estación, 26",alquerias (murcia),30580,Espagne,,,IFS Food,28.11.2025,"During the audit performed on 26th November 2025 to 28th November 2025, it was detected a KO under the requirement 4.12.1.
 
 KO 4.12.1.
 During the on-site visit to the Artichoke based vegetables ( Crujientes de alcachofa) area were observed that the company has not identified nor implemented procedures to avoid the hazards related to the foreign body were not implemented based on risk:
 
 - It was observed white teflon thread from the pipe isolation (the pipe is use for filling the vat with an immersing liquid from water and flour) hanging above the artichoke balls with approximative 10 cm. In this step the product is open. The hazard of possible contamination with teflon thread was not considerate.
 - It was observed white teflon thread the pipe isolation (from a deposit of extra virgin olive oil used for other products) hanging above the artichoke balls with approximative 1 m. In this step the product is in the open plastic tray. 
 - It was observed that the mixing equipment of Artichoke based vegetables was that the mixing equipment of Artichoke based vegetables presented with black accumulations of lubricant on the superior part of the axis of rotation; in this step the half-finished product is open in the mixing step. The hazard of possible contamination with lubricants was not considerate.
 - It was observed that the electric panels were covered with black plastic protection. Those are situated on the walls near the line with open product. The hazard of possible contamination with plastics was not considerate.
 - It was observed that the protection plastic of the door at the entrance in production of Artichoke based vegetables was detached in the bottom part around 30 cm. The hazard of possible contamination with plastics was not considerate.",03.04.2025,5,Locked: 28.11.2025,
60303,3C150955,Rozafa Shpk,"Zona kadastrale 2355, pasuria nr.483, 483/1",ELBASAN LABINOT-FUSHË (ELBASAN),3010,Albanie,,,IFS Food,04.12.2025,Outstanding Payment,26.08.2025,2,Locked: 04.12.2025,
60754,0AAA7022,CÁRNICAS MIROTZ S.L.,Aguilar de Codes,Aguilar de Codes,31328,Espagne,,,IFS Food,03.12.2025,"A Major non-conformity was raised during the IFS Food audit on December 1-2, 2025.
 Description of the Major NC:
 Clause 4.13.4:
 “After reviewing reports from an external pest control company, it has been verified that certificate no. DS3583602 dated 10/15/2025 indicates that two rodents have been captured indoors using bait (the company does not use chemical bait indoors, only traps). Non-compliance 2025-1015 is opened, and it is determined that daily inspections of bait inside the facility will be carried out. On 10/31/2025, the non-compliance is closed, establishing that no further incidents have been detected. The non-compliance establishes that daily visits will be made, but only the evidence from 10/31/2025 is recorded, commenting that there are no pests, but there is no evidence of daily monitoring.
 Previous reports have been reviewed, and it is noted that rodents were also caught in February. No evidence of the open non-compliance is found, only the monthly facility log shows that there are no pests. (Date 02/28/2025).
 It is noted that on 11/28/2025, there was a new visit from the external pest control company. During this visit, new incidents were found inside, specifically at points 2, 3, and 5 located at the shipping dock and packaging area. No measures have been taken in this regard.
 During the audit, no signs of pests were observed.""",23.12.2024,1,Locked: 03.12.2025,
61277,B8D66E71,CÁRNICAS 7 HERMANOS S.A.,"Avda. de Madrid, 31",VALMOJADO,45940,Espagne,,,IFS Food,10.11.2025,"Major_ requirement 4.17.4: During the visit to the facilities, numerous findings were identified indicating that the equipment is not in good condition and may compromise food safety and the quality of the manufactured products.
 The following defects were observed in equipment located across various product processing areas, some of which are in direct contact with the product:
 • Cutting boards (Teflon) located in the cured products workshop (red and green) and in the fresh deboning room (white) show indentations, wear, and chipped areas. Direct contact with product.
 • The deboning output conveyor in the cured products workshop is broken.
 • White plastic buckets with metal handles (used for intermediate weighing of raw materials) show wear on the edges and rust on the metal handles.
 • The salt dosing hopper in the ham salting area shows signs of oxidation (internal and external). Direct contact with product.
 • Presence of coarse welds on various factory equipment (salt dosing hopper, cooking/frying boilers). Direct contact with product.
 • Overhead ham transport rails show signs of oxidation.
 • Brine preparation tanks and sieves show rust stains. Direct contact with product.
 • Tools in the injection room (format change adjustment wrenches, equipment) are rusted.
 • Cutter cart elevator in the injected products area shows rusting on the exterior.
 • Pallots used for intermediate product, which were draining in contact with the floor, show signs of deterioration (chipping).
 • Drums in the additives room used to store curing salts are chipped at the opening.
 • White Teflon on the ham stuffing machine is deteriorated (chipped, with indentations).
 • Evaporators in drying rooms (e.g., drying room 2,6) have deteriorating plastic film.
 • UV cabinet for knife storage shows signs of oxidation inside (hinges, knife holder locks).
 • Ice machine has rust in several areas where ice is discharged.",15.01.2025,1,Locked: 10.11.2025,
61927,EFFE6523,SALEMI PINA SOCIETA' AGRICOLA SRL,"Via Platani, 24",Sortino,96010,Italie,,,IFS Food,27.11.2025,outstanding payments,10.03.2025,5,"Locked: 27.11.2025, Unlocked: 04.12.2025",
63030,0BD2D42D,FOODIZ CUISINE .,"Parc d’activités de l’aérodrome, 300 route de Quiéry",Vitry-en-Artois,62490,France,,,IFS Food,08.12.2025,"5.3.1-Major:
 After packaging, the products intended to be pasteurized can be stored in a 4°C cold room for a few hours before thermal treatment in autoclaves.
 This observation was notably made on the first day of the audit (01/12) for the product 'queen-sized sealed device in a 220g sachet': packaging at 4 PM – storage in the fridge 4°C - autoclave passage at 7 PM.
 This potential cold storage step was not identified and analyzed in the HACCP study (see deviation 2.3.6.1)
 The company indicated that it was a recent way of doing things (a few months).
 The process has not been validated although a risk of bacterial development exists (spore-forming forms).
 Analyses on the products after waiting for 6 hours in the packaging room (product temperature 30°C) before heat treatment were carried out in 2023: results compliant.
 According to the operators interviewed, the waiting time for products before thermal treatment (waiting room conditioning during filling of trolleys + potential storage cold room) does not exceed the validated 6 hours.
 The observed records (October – November 2025) confirm these statements.
 Moreover, the results of bacteriological analyses on finished products since the implementation of this possible storage in a fridge do not show any drift.
 In view of these elements, the risk on product safety is not confirmed. However, a D score had already been assigned to this item during the 2024 IFS audit, regarding the pasteurization process, also according to the rules of the IFS, the score is downgraded to Major NC.
 
 5.11.3-KO (D)
 1/ Following the product recall of 10/09/2025 for labeling error no. batch / BBD, a CA was opened in the 'ACP plan'. The indicated CA is the implementation of a procedure in case of modification of PO due on 31/10. The status provided was 'in progress' during the auditor’s review of the ACP table on the 3rd day of the audit.
 A document called «workshop procedure – modification of the POs» dated 17/09/2025 was presented on the 4th day of audit; this document was not managed in the documentary system.
 An email dated 07/10/2025 was also presented to the auditor, asking the teams not to edit the PO more than 48 hours in advance in order to avoid cancellations/creation of new OF.
 According to the interviewees, actions were implemented, however they were not documented in the action plan presented.
 
 During the visit on the 2nd day of audit (02/12), it was noted that the coq au vin production scheduled for 01/12 had been postponed to 02/12, without modification of the batch no. and the BBD. This was defended on the 4th day of audit, with the instructions from the « procedure atelier – modification des PO » of 17/09/2025 which grants a one-day PO deferral without modification of the batch no. and the BBD. However, the reasoning does not allow for labelling in accordance with the rules established internally, that is to say: batch number = date of manufacture.
 
 The non-implementation of the AC scheduled to expire on 31/10 has therefore led to a recurrence of labeling errors.
 Moreover, no proof of verification of the effectiveness of the actions already carried out has been presented.
 
 2/ The deviations from the IFS 2024 audit were included in the ACP plan except for items 4.10.7 and 5.3.2.
 Elements were brought during the audit to show that these 2 topics had been addressed internally, however the evidence was scattered.
 In addition, the verification of the effectiveness of these actions was not documented.
 3/ Furthermore, following the complaint of 06/08/2025 for a piece of Thai pad noodle in a tray of tagliatelle carbonara, the table of ACP was filled with the cause ""bad cleaning between 2 productions"" and the CA ""re awareness of the teams"". The measure indicated to verify effectiveness is ""no recurrence of complaint within 1 month"". This indicated measure does not ensure that the action on the root cause has been effective.
 In view of these findings, the documentation of the effectiveness of the CAs is insufficient and does not guarantee the absence of recurrence of non-conformities, including on product labelling, also a KO score is assigned.",30.01.2025,"1, 2, 5, 7",Locked: 08.12.2025,
64701,368F6EDB,Hogeslag Vleesverwerking B.V.,Bosberg 23,Borculo,7271 LE,Pays-Bas,,,IFS Food,19.11.2025,"During the audit completed on site on 17-18/11/2025 the following Major NCs was identified against the requirement 4.18.4:
 
  During the product changeover from carcasses of lot xxxx0955 (country of origin NL, supplier ESA) to lot xxxx0948 (country of origin DE, supplier FB), the labelling of the crates for the new batch was mixed up. The line clearance was released too early, resulting in meat from batch xxxx0955 being mixed with meat from batch xxxx0948. Additionally, at the start of the production line, a crate containing bones was identified and labelled as batch xxxx0948 while batch xxxx0955 was still being processed.",17.01.2025,1,Locked: 19.11.2025,
67902,2C65FD22,MARIE BRIZARD W & S ESPAÑA S.A.,"Bulandegi Bidea, 22",Zizúrkil (Guipúzcoa),20159,Espagne,,,IFS Food,28.11.2025,"During the on-site audit from 24 to 27 November 2025, a 1KO was detected in relation to IFS requirement 4.18.1.
 During the traceability review, it was noted that the traceability requirement was not consistently met in the distillery. 
 There are two lot records: one in the RP system and one in the manual system. Yes.
 However, there is a discrepancy between the lots used and those available in the manual in the RP system. As this discrepancy has not been detected or resolved by the company, it is unable to correctly identify the used lots in the event of a traceability test. 
 Evidence:
 The distillery log dated 29/10/2024 for cinnamon spirit production indicates the use of batch 3P8705701, but the ERP shows batch 410048-12 for the same production.
 The distillery log dated 1 December 2022 records batch 410048-12 of cinnamon spirit, while the ERP shows batch 410048-11.",27.12.2024,8,Locked: 28.11.2025,
67991,4B4EAEF0,AC Food d.o.o.,Polje bb,Velika Kladuša,77230,Bosnie-Herzégovine,,,IFS Food,17.11.2025,"During the last audit by Certification body 2 Knock outs and 1 Major raised.
 
 Paragraph 3.2.2/ KO: During the site inspection, two deviations from the standard requirements related to staff
 personal hygiene were observed: 
 1. A production employee was observed wearing a necklace. This employee works on the line where open products are handled. This does not comply with the company rules for personal hygiene requirements where is clearly stated that
 personnel must not wear jewellery or any items that could pose a physicalcontamination risk or increase hygiene risks.
 2. A noticeable smell of tobacco smoke was detected in the men's toilet located within the changing room area, indicating possible smoking in a prohibited area. After the auditors opened the trash, cigarette butts, chewing gum remains, and
 candy wrappers were found inside. This is also a violation of internal company rules and the standard requirements related to staff behaviour, hygiene, and prevention of contamination from personnel
 
 Paragraph 5.11.3 /KO: During the audit evidenced that several deviations identified during the previous audit have reoccurred. These include deficiencies in infrastructure maintenance, ineffective pest control management, and repeated failures by certain employees to adhere to personal hygiene procedures. The recurrence of these issues indicates that the corrective actions previously implemented were not effective in addressing the root causes and preventing reoccurrence.
 
 Paragraph 4.13.2 / Major: During the audit, the presence of rodent droppings were found in one corner in the storage
 of raw material and packaging material. This deviation clearly indicates active rodent activity and demonstrates that the current pest control measures are not effective. These
 findings indicate deficiencies in monitoring, preventive actions, and timely response to pest activity. The company has not adequately assessed the risks associated with the location of the raw material storage. The current site-specific risk assessment does not sufficiently consider environmental and structural factors that increase the likelihood of pest activity. As a result, potential hazards linked to the warehouse’s placement (e.g., proximity to external openings, surrounding vegetation, neighbouring facilities, distance from the production facility ) were not properly identified and controlled.",26.03.2025,"6, 10",Locked: 17.11.2025,
70648,C23561DE,SEARA ALIMENTOS LTDA,ROD MG-050,PASSOS,37.902-538,Brésil,SEARA ALIMENTOS LTDA,88305-100,IFS Progress Food,05.12.2025,"During the audit conducted at Seara Alimentos (Passos/MG), on December 2nd, 3rd, and 4th, 2025, a major nonconformity was identified in the requirement described below:
 
 Requirement 4.9.4.1 - Major NC: Consistent condensation was evident on the ceiling of the pre-chiller room, located above the conveyor belt for exposed carcasses.",09.01.2025,1,Locked: 05.12.2025,
71384,8B1F2425,Ticli's S.r.l.,VIA LUIGI MARSANO 21,VITTORIA (RG),97019,Italie,,,IFS Food,12.11.2025,"Ticli’s SRL (COID: 71384) has relocated from “Via Luigi Marsano 21 97100 Vittoria – Italy” to “Via del Carrubo 97019 Vittoria – Italy”. As operations at its current facility have stopped, its certificates have been withdrawn.",28.03.2025,6,Locked: 12.11.2025,
71839,6A90F740,"PERSEIDA BELLEZA, S.L.",Polígono Industrial “El Pabellón” S/N C.P.,Jerez de los Caballeros-Badajoz,6380,Espagne,,,IFS HPC,01.12.2025,"Major Non Conformity 4.8.3:
 
 During the plant visit, several deviations were detected that could pose a risk to product safety. This was especially true for those related to the dosing units (fillers) or the mixing/processing units (reactors/melters):
 
 - Dirty production tools in the clean area of the hygiene processing area. Examples: Lids stacked with traces of water and dirt, bucket with 1/3 water, partially stained with violet pigment.
 
 - Dirty production tools in the clean area of the cosmetics processing cleaning room. Example: Several buckets and lids with product residue inside and outside.
 
 - Interior ceiling of the filling machine line 1, in the hygiene area, with condensation present. At the time of the visit, Cien Body Spray Jasmin P. Dragone 200 ml, Ref. 70909162, Batch 2504, is being packaged.
 
 - Melters 11 and 12 in the cosmetics production area show traces of previous product on the hinges (reddish residue and viscous product) and inner lid. This equipment appears to have been cleaned after the last production run.
 
 - The filler on line 5 in the cosmetics area has traces of dirt on the central support and heating plunger for the heat sealing stage. At the time of the visit, hand cream, Ref. 70909050, Batch 25328002, is being packaged.
 
 - The filler on line 13, cosmetics area, has accumulated dirt behind a polycarbonate cover. At the time of the visit, it was filling moisturising facial toner for sensitive skin, Ref. 29323372, Batch 25293002.
 
 - The protective film used to protect high-turnover ingredients in the hygiene weighing room is dirty on the inside.
 
 It should be noted that in the previous certification audit, this point was assessed with a C.",13.02.2025,1,Locked: 01.12.2025,
72911,D0B9D6B0,Pågen A/B,Olof Asklunds gata 21,Västra Frölunda,42130,Suède,,,IFS Food,10.11.2025,"During an Integrity on site check performed on Pagen AB (Coid: 72911) on 06 November 2025, was detected a Major Non Conformity on the requirement 4.13.2. 
 
 Description of the non conformity: Pest control system is not effective in the scope of flour specific pests control. In all pheromone traps checked during Integrity on-site Check there were found a lot of dead moths (checked traps were: in silos area – traps no. 419, 555, 554, 553, in dough for bread preparing area – trap no. 470, in the area without product next to line no. 60 – trap no. 434, in the bread packing area – traps no. 446 and 428 A, in the pastry production area next to the line no. 20, in the raw materials storage area – trap no. 432). Single flying alive flour moths were also found e.g. in the silos area, in the area without product next to line no. 60. In addition, in the flour silos area there were found some flour beetles (around 14) next to trap no. 5/7.
 According to the statement, the company has had a problem with moths for at least three years. The problem with insects is also evidenced by the complaints received. (around 100 complaints about insects in 2024 and 99 since the beginning of 2025). The company and external pest control service provider do not consider it very serious considering the type of product being manufactured and the capacity at which the facility is currently operating. Moreover, based on statement thanks to the measures implemented, a significant improvement has been achieved. The measures the company took in aim to improve situation were inter alia well regimented process of hygienic control, inspection and cleaning methods, but in some areas, it has been noted during Integrity on-site Check that cleaning is not effective - see deviation to point no. 4.10.2. (e.g. In some places, e.g., in the dough preparation area of bread production line No. 60, threads formed by moths were found.)
 Based on information provided during the audit control of pest monitoring equipment inside is made every second month. Pest control documentation is in electronic form only. Based on electronic system the last site inspections on pest were on 29 AUG (only external areas) and 09 JUL 2025 (for internal and external areas). Reports from these visits show high activity of flour moths in some areas e.g. in the area of line 62. Based on established limits high activity means 500 or more per trap, what is huge amount. Due to breakdown of system no record showing activity in the trap no. 428A and for trap 442 could be presented on IP auditor request for the last visit of July or August 2025.
 Based on a statement of the external pest control company representative there was inspection also in September, but no records could be presented, because of system breakdown.
 Based on statement up to 99 insects per trap it is low level, 100-499 is medium level, and 500+ is a high level. It is not clear what period they allow 99 flour moths (as a low level) to be caught per trap. If it is 99 flour moths per trap per 2 months it seems to be not appropriate, considering very fast proliferation period of flour moths. It is not defined what measures are taken in the case of low activity, medium activity or high activity.
 In the statement (delivered within 24 hours) flour beetle activity was not commented on at all.
 In addition, no risk analysis for pest control and no trend analysis was presented during the audit, because there was a breakdown of the system.
 Unfortunately, within 24 hours, the company did not provide any documents that were missing during the Integrity on-site Check.",28.05.2025,6,Locked: 10.11.2025,
73284,018186C9,Buscema Francesco Eredi S.n.c,Via Enrico Fermi 6,Crotone (KR),88900,Italie,,,IFS Food,20.11.2025,Outstanding Payments,28.08.2025,"5, 7","Locked: 20.11.2025, Unlocked: 21.11.2025",
75575,28AA91DC,SALAISONS CELTIQUES SAS - Site de St Meen le Grand .,ZI de Maupas,SAINT MEEN LE GRAND,35290,France,,,IFS Food,10.11.2025,"Major non-compliance with requirement § 4.3.2
 -During the audit, the traceability test focused on the following product: ""Surprise de porc cuite goût fumé marinée au poivre et baies rose"", a private label product.
 During the audit, three points of non-compliance with the regulations (Regulation (EU) No 1169/2011) were identified:
  --The list of ingredients on the label of the product ""Surprise de porc cuite goût fumé marinée au poivre et baies rose"" mentions the following quantities of ingredients: 2.7% black pepper and 2.7% pink peppercorns. These ingredients are present in the finished product only as part of the ingredient ‘pepper and pink peppercorn seasoning’ (this ingredient is part of the marinade used in the product). When consulting the technical data sheet of the supplier of this seasoning (technical data sheet dated 16/12/2024 from supplier F... C...), it was seen that the supplier declares, in addition to other ingredients, the presence of 21% pepper in the seasoning and 5% pink peppercorns. The seasoning therefore contains more pepper than pink peppercorns. As a result, there is an inconsistency between the quantities of pink peppercorns declared in the technical data sheet and those declared in the list of ingredients: since the quantities of pepper and peppercorns are different in the raw material, it is not possible for these ingredients to be present in equal quantities in the finished product (as a reminder, the recipe for the product ‘smoked pork surprise marinated in pepper and pink peppercorns’ does not include the addition of pink peppercorns in addition to the seasoning). 
 After consulting the file used by the site to calculate QUIDs, which was used for the product in question in this case, it was found that the seasoning data used by the site to define QUIDs was incorrect because it did not match the supplier's technical data sheet. This file indicates a percentage of 23% pepper and 19% pink peppercorns.
 This defect means that the requirements of Regulation (EU) No 1169/2011, Article 7, cannot be met: ‘1. Food information shall not be misleading, in particular: (a) as to the characteristics of the food, and in particular as to its nature, (...), composition, quantity (...)’; ""2. Food information shall be specific, clear (...)‘ and Article 8 ’2. The food business operator responsible for food information shall ensure that food information is present and accurate (...)"".
  --Furthermore, after consulting with the R&D manager and reviewing the file used by the site to calculate QUIDs for the product in question, it was found that the percentages of ingredients declared in the compound ingredient ‘marinade’ "" (i.e. 4% smoke flavouring, 2.7% pepper and 2.7% pink peppercorns) are declared on the marinade (the finished product contains 14.7% marinade) and not on the finished product. In fact, using the values for pepper and pink peppercorns declared by the seasoning supplier (in the technical data sheet dated 16/12/2024 from supplier F... C...), the finished product contains 0.45% pepper and 0.11% pink peppercorns.
 Declaring the quantities of ingredients in the marinade does not meet the requirements of Regulation (EU) No 1169/2011, as the Regulation requires that ingredients be declared on the finished product in order to provide clear information to consumers. This is specified in Regulation (EU) No 1169/2011, Annex VIII, point 3: the quantity of an ingredient must be expressed as a percentage and corresponds to the quantity of one or more ingredients at the time of use. Here, processing corresponds to the moment when the marinade is added to the meat, i.e. the quantity of pepper on the one hand and pink peppercorns on the other hand in the meat + marinade mixture. Furthermore, indicating the quantities of ingredients in the marinade leads to percentages that are clearly higher than the actual quantities. This shortcoming means that the requirements of Regulation (EU) No 1169/2011, Article 7, cannot be met: “1. Food information shall not be misleading, in particular: (a) as to the characteristics of the food, and in particular as to its nature, (...), composition, quantity (...)”, '2. Food information shall be accurate, clear (...)‘ and Article 8 ’2. The food business operator responsible for food information shall ensure the presence and accuracy of food information (...)"".
  --For the product tested for traceability, the legal name used is ""Surprise de porc cuite goût fumé marinée au poivre et baies rose"". Furthermore, in the list of ingredients, the meat component is declared under the name “surprise de porc”.
 Regulation (EU) No 1169/2011, Article 17(1), requires that sales names be legal, customary or descriptive. In the case of the product tested for traceability, the name must be descriptive (definition of a descriptive name given in Article 2 of Regulation (EU) No 1169/2011: a name that describes the food and, where necessary, its use, and is sufficiently clear for consumers to determine its true nature and distinguish it from other products with which it could be confused) . The name must therefore be understandable to consumers and must enable them to know the true nature of the product. 
 According to Regulation (EU) No 1169/2011, Article 18(2), it is stated that ‘ingredients shall be designated by their specific name’ in the list of ingredients.
 After requesting justification for the name ‘surprise de porc’, the site provided a document from the IFIP (Institut du Porc) dated 2014, which uses this name to describe a muscle located on top of the pork shoulder blade. This document specifies that ‘surprise de porc’ is a ‘dénomination bouchère’. This term is therefore a professional term and not a common term.
 The use of a professional term in the legal sales name on the one hand and in the list of ingredients on the other does not provide clear information to consumers or meet the requirements for the list of ingredients, as a professional term is not a ‘specific’ term (Regulation (EU) No 1169/2011, Article 7: 2. Information on foodstuffs shall be accurate, clear and easily understandable by consumers).
 It should be noted that the term ‘surprise de porc’ does not appear in the decree of 18/03/1993 and its current amendments, which lists the usual names for meat products in Annex I.",30.01.2025,1,Locked: 10.11.2025,
79318,2F74ECA0,MOLICLARA S.L.,"Carretera A-1241, KM. 11",BELVER DE CINCA (HUESCA),22549,Espagne,,,IFS Food,11.11.2025,"Major Non-Conformity Requirement 4.3.2:
 It has been noted that the labelling of the salted fried almond product does not indicate the ingredients (sunflower oil and salt), nor the possible traces of peanuts. Taking into account that the supplier's technical data sheet indicates possible traces of peanuts and, as ingredients, sunflower oil and salt (technical data sheet 25/3/2025).",12.08.2025,5,Locked: 11.11.2025,
79550,DE0A320C,OTIMO SAS .,"Parc des beliers ouest, rue Edgard Pisani",BREBIERES,62117,France,,,IFS Food,19.11.2025,"During the IFS Food announced audit performed from 17 to 18 November, the auditor has detected 3 Major Non Conformities in the following requirements: 5.4.2: During the audit, several regulatory breaches were observed regarding weighing equipment for finished products:- The scales used for weighing LITEE products (12 kg) are not calibrated for commercial transactions in France. These scales were installed in July 2025, and a service provider only came on November 15, 2025, to calibrate them. During their visit, they were unable to perform the calibration due to a problem with the equipment.- The scales used for checking finished products in 1 kg and 1.5 kg bags have a 2 g increment. This increment is too large for this type of packaging.- The scale used for checking the 1.5 kg bags on the day of the audit had a 5 g increment. The scale with a 2 g increment was malfunctioning. 3.1.1: During the audit, several shortcomings were noted regarding staff knowledge and the controls performed:- Marking control on the 10kg line: the first recorded check showed three illegible marking lines. This check did not lead to an adjustment to bring the marking into compliance, and packaging began.During the audit of this line, it was observed that the marking was misaligned on the pre-printed film. This misalignment was not noticed by the operators on duty. When this issue was reported, an adjustment was made, the operator took a bag to replace the first check, but no action was taken on the packaged pallet. It was the manager who had the non-compliant product blocked.- During the weight check on the packaging line for organic products in 1.5kg bags, the operator did not block a product that was underweight. Furthermore, as this As identified in the procedure, the scale is not set to subtract the packaging tare weight.- During weight checks on the packaging line for conventional products in 1.5 kg bags, the operator used a scale with 5 g increments instead of one with 2 g increments. On this same line, an error was found in the batch number of the finished product (the letter corresponding to the washing date is incorrect). This error was not noticed by the operator responsible for labeling.- During the traceability exercise, an error was found in the batch number of the finished product (the letter corresponding to the washing date is incorrect). This error was not noticed by the operator responsible for labeling. 1.2.5: The company was acquired by a Belgian group. To date, it has been observed that the company's expertise regarding French regulations is insufficient:- As defined in the 2010 Good Practices Guide for Unprocessed Fruits and Vegetables and in accordance with Regulation (EC) No. 852/2004, the final rinse water must be potable. Current operations have revealed the following deficiencies:- After hydrocooling on the flowpack line, the carrots are not rinsed with clean water. Furthermore, the hydrocooling water is changed weekly, although no certification exists to validate this practice.- The carrots on the LITEE line may be:
  *brought from another factory within the group. There is no information available to ensure that the final rinse water is clean.
  *used after on-site washing. There is no rinsing system on this line.
 -No maintenance contract for the management of the refrigeration units could be observed. Leak tests to ensure there are no leaks on the units (ensuring proper temperature control and preventing contamination) are not carried out. This constitutes a regulatory breach.",23.01.2025,5,Locked: 19.11.2025,
79638,4719BA65,GEORGES HELFER .,717 avenue des Vergers - ZI du Pont,PLAN D'ORGON,13750,France,,,IFS Food,24.11.2025,"Major NC on 4.3.2 : The label on the 500g nets of limes, origin Brazil, category 1, size 4, BR39030, packaged on November 19th in nets, does not list all the substances used in post-harvest treatments.
 Indeed, the post-harvest treatments Imazalil and wax E914 are listed, but the substances gibberellic acid and pyrimethanil have been omitted, which is not in accordance with Regulation 2023/2429 on marketing standards for fruit and vegetables.",09.01.2025,5,Locked: 24.11.2025,
80965,D42FDCE1,Société Nouvelle Struby SAS,21 rue du Moulin Florent,Witry-Lès-Reims,51420,France,,,IFS Logistics,27.11.2025,"Statement: Corrective actions are not always properly documented following observations. Furthermore, when documented, they are not implemented as soon as possible to prevent recurrence.
 
 A management review was conducted on September 17, 2025, and then supplemented on November 19, 2025, to evaluate the 2024 results. This timeframe does not allow for a rapid response to corrective actions when targets are not met. Moreover, corrections and corrective actions were not documented for unmet indicators: service rate, percentage of accident analysis, fuel consumption, percentage of eco-driving training completion, adherence to the training plan, etc.
 In this same review, areas of focus appear to have been defined following building inspections, but no one was able to explain the coding and specific actions.
 
 During the 2024 certification audit, deficiencies in quality system monitoring were identified following significant staff turnover and the absence of a Quality, Safety, and Environment (QSE) manager for several months. Corrective actions were not implemented to prevent this from recurring in 2025: the lack of a QSE manager on site until early October 2025 prevented adequate monitoring of the quality system.
 
 Monthly indicators were not monitored throughout 2025 until October 2025, preventing the implementation of corrective actions to improve results:
 
 The dispute rate has been non-compliant since January 2025. No documented actions were taken, and the SRC (responsible for handling disputes) was unable to explain the actions taken.
 
 Monthly QHSE, dock worker, and operations talks were not held between January 2025 and November 2025. No action was taken to rectify the situation during this period.
 
 The monthly inspection of good practices has shown a non-compliant result since May 2025. The observed deviations have not resulted in action plans (examples seen in the September and October reports).
 
 Some deviations identified in the September 2025 internal audit report are not included in the non-compliance tracking table:
 - Non-compliant trailer temperature
 - Leak in the freezer
 - Traceability test not performed
 - Action plan not updated since December 3, 2024
 - Deviations identified during the 2024 certification audit are still present, either fully or partially resolved. The actions taken are therefore insufficient to prevent recurrence:
 
 2.2.3.10: partially resolved
 4.11.1: verification of product conformity in the event of a return remains incomplete
 5.1.3: certain discrepancies identified in the internal audit were not included in the action plan
 5.7.1: the new crisis management team was not trained
 5.7.2: no test presented for product withdrawal and recall
 5.9.1: no analysis of the causes of disputes, for example
 5.9.2: insufficient corrective actions
 5.9.3: the effectiveness of actions related to the certification audit was deemed excellent, despite the presence of numerous recurring issues.",30.01.2025,"1.1, 1.10, 1.11, 1.2, 1.3, 1.4, 1.5, 1.6, 1.7, 1.8, 1.9",Locked: 27.11.2025,
81318,0CCDFEE7,Alimenta Produzioni S.r.l.,"Via Del Lavoro, 462",Saludecio,47835,Italie,,,IFS Food,12.11.2025,temporary suspension of production due to lack of orders for this specific site (orders are covered by the other sites).,24.03.2025,6,Locked: 12.11.2025,
81658,1.6E+07,"GOURMET FOOD EXPERIENCE, S.L.U.","C/ Arroyo Valtorón, 15",Valdetorres de Jarama,28150,Espagne,,,IFS Food,04.12.2025,"During the Integrity On-site check carried out on 2nd of December 2025, the auditor raised 4 Major NC in the following requirements: 1.2.2 There is no evidence that sufficient and appropriate resources to meet the product and process requirements are provided. Examples of incidences observed, besides other non conformities which are reported are:
 - There is no quality manager in the company since October 31st . Evidence of active search for replacement is dated 27 NOV 2025. The site manager assisted the audit. The quality functions have been shared between the staff, but some of them, which are relevant for the compliance of the product, have not been covered (e.g. weight control compliance, documentation updating / surveillance).
 - On the day of the audit, the company was removing from the facilities a huge quantity of meat (non conforming product) from the freezers and cold storage chambers. This produced bad smell in the area, crossed flows, and presence of non conforming products without identification in the storage rooms.
 - The management and implementation of the corrective actions in regard to the recent Salmonella alerts has not been completed, despite more than one month passed by the day of this audit since the first alert.
 - During the audit, several water leaking causing puddles in the internal corridors to the site access was observed. There is no investment plan for this documented; 4.12.2 In the sliced kebab packing room, some areas where the product was not properly protected against contamination was observed: 
 - Peeled and detached painting on the open access frame where the conveyor belt with open product crosses from slicing room to packing room.
 - Damaged and peeled ceilings and fire extinguisher equipment above that conveyor belt.
 - Chipped knives in use in the slicing room.
 Black spot and water condensation dripping in the ceilings above the conveyor belt which transports the open product just before entering to the hopper of the packing line (after the freezing tunnel). The condensation water has not been analysed. 
 In the walk-in freezing room, the 330 kg molded product is stored unprotected in the freezer, which is completely covered with frost and ice build-ups in the ceilings, walls and floors.; 5.4.2 The company is using a transparent film to wrap the “meat mold” (food contact material). They do not have information of this film (no specification and Declaration of compliance), and therefore, no evidence that proves the film is suitable for food contact (Supplier C); 5.5.1 The scale used for the finished product quantity control according to the Spanish legislation RD 1801/2008 is not legally approved for its use (metrological verification). It was not possible even to confirm whether the instrument (NAWI) is suitable for use in legal metrology, as the type plate was missing. The company uses the “e” mark for a retailer brand. 
 The protocol for the quantity control (IT12, ed. 3, dated on APR 25). The following deviations from the procedure were observed:
 - During the audit, it was observed that the worker weighs the product (250 g bags) and does not tare the weigher. 
 - According to the procedure, 10 samples have to be weighed to calculate the tare average, but when she was asked about the weight of the bag, she stated the bag weight is 8 g as per the specification, despite in the instruction it is defined that the regular weight is 7 g.
 - According to the procedure, the minimum weigh accepted by the company for this bag should be 258 g, but in the examples checked during the audit, there are products weighing 255 g, 256 g and 257 g (including bag weight). 
 The Excel file where the company was doing the statistical control for the “e” mark has not been filled since the QM left the company on 31st OCT 2025. Therefore, there is no evidence of how the company is accepting or rejecting the lots after the weight control: Only the completed records are available, no assessment on the results (acceptable/not acceptable according to the criteria of RD 1801/2008);
 And 3 KO: 2.3.9.1 The metal detector (CCP) monitoring process was challenged in the sliced kebab packing line. 
 The person in charge of the control was a regular worker of the line, who has been appointed for the task, but there is no evidence of formal training after 21 DEC 2022. A training was planned for October 31st, but the QM left the company on that date.
 During the audit, the technical instruction for the monitoring of the metal detector was not accomplished by the controller. IT 011 (ed. 3, dated on JAN 2022). The following steps were not complied with:
 2) “Samples that have already passed through the metal detector have to be chosen for the test”. She picked samples that had not passed through it.
 3) “Pass the product without the test pieces and make sure they are not rejected”. She skipped this step.
 5) “Put the test pieces on the packed product and pass them through the metal detector. They have to be positioned in different parts of the bag, to make sure the tester is detected in any position”. She put the test pieces under the packed product, and the 3 test pieces were detected. She considered the test finalized, so the IFS IP auditor asked her to put the testers ON the bag. Only the SS 1.75 mm test piece was detected. Fe 1.5 mm and non fe 2.75 mm test pieces were not detected in this position of the test pieces.
 7) “In case any tester is not detected, the test has to be done 2 additional times, If the situation is maintained, the equipment will be stopped and the product packed will be treated as non conforming since the last positive detection”. The IFS IP Auditor asked the controller to do the additional tests, and she took no action after observing the testers were not rejected. 
 Besides this, the controller stated that the first time she does the control during the shift, she won´t check the metal detector with product, but passing only the test pieces through it, as “there is no pack prepared”. This practice is not mentioned in the protocol, nor in the CCP table of the HACCP.
 Note: The validation of the Metal detector CCP was requested, in order to investigate how the protocol was defined, and there is no validation for the use of the test pieces, positions, etc, that lead to the outcome of the technical instruction/ sizes of testers. There are only validation documents for detectable pens and plasters; 4.18.1 Several incidences in regard to the traceability system of the company were observed.
 1) The traceability system does not include the 330 kg product molds wrapping film (food contact material).
 2) The preparation of the bags with the additive / ingredient mixes is not within the traceability system. Several bags containing ready to be used mixes which have no proper batch identification were observed in the warehouse. The person in charge of the mixing was asked about when they were prepared and she stated that “on Thursday or Friday”, and that she has no specific record to keep the information of the raw materials lots used.
 The company was in the process of destroying about 70.000 kilos of raw materials (meat) because of different reasons (expired, samples, or others). The management of these by an authorized subcontractor started yesterday with a first removal of non conforming products and continued on the day of the audit and further days, if needed. For several of these materials, there was no effective traceability, neither identification on site. Examples: Pallet 184, 185, 62, different cardboard boxes without any identification, and others; 5.11.3 Not all the corrective actions formulated by the company have been implemented as soon as possible to avoid the further occurrence of non-conformities.
 A) In regard to the recent Salmonella involving alert. According to the “Extraordinary information” data provided by the CB to IFS, the corrective measures to be taken by the company involve the following on 21 OCT 2025:
 1) “Improve microbiological controls on raw materials: both in the documentation requested from approved suppliers and by including microbiological analyses in the raw material analytical control plan to ensure food quality and safety”. 
 Despite analysis from the meat supplier involved in the recall have been requested since 07 NOV 2025 for every meat reception, the company´s internal analysis plan has not been modified (DOC 07, ed. 7, dated on NOV 2024), and no sample of raw material has been sent to the laboratory. 
 2) “Review and strengthen cleaning and disinfection procedures in raw material handling areas, ensuring their effectiveness”. 
 Despite the cleaning and disinfection plan (PRE-02, rev. 9, OCT 2025) has been modified to include “intermediate stops every 4 hours in the roasting area” and Listeria checks on surfaces, there is no evidence to prove the company has implemented further cleaning and disinfection measures, apart from additional cleaning on the dates of the alerts. 
 The intermediate stops defined in the procedure have not yet been implemented.
 3) “Provide continuous training for personnel on microbiological risk control, promoting good hygiene practices”.
 There is no evidence to prove the company has implemented any further training after the incidence, no specific training has been provided in the last few weeks.
 According to the “Extraordinary information” data provided by the CB to IFS, the corrective measures to be taken by the company involve the following on 28 NOV 2025:
 1. Enhanced analytical control of chicken meat:
 1.1 It has been required that all chicken deliveries received from 07/11/2025 onwards be accompanied by an analytical report confirming the absence of Salmonella. These analyses are carried out by the raw material supplier (Th Food). This requirement remains in place.
 This point was verified during the audit, there was evidence of such analysis per received lot of meat.
 1.2 In addition, the company will conduct more internal Salmonella analyses of raw materials.
 This point was verified during the audit, still no sample has been analysed, neither the analysis plan has been modified.
 2. Potential Salmonella carriers among employees:
 2.1 Salmonella testing will be implemented for all factory employees on a regular basis.
 This point was verified during the audit, there was evidence of such analysis in 7 workers (24 NOV 2025).
 3. Insufficient cooking temperature/time to eliminate the bacteria:
 3.1 The production process will be modified to increase the baking time before slicing. This measure will eliminate any Salmonella bacteria that may be present in the product.
 In process
 4. Review and strengthen cleaning and disinfection procedures in raw material handling areas to ensure their effectiveness. 
 Despite the cleaning and disinfection plan (PRE-02, rev. 9, OCT 2025) has been modified to include “intermediate stops every 4 hours in the roasting” and Listeria checks on surfaces, there is no evidence to prove the company has implemented further cleaning and disinfection measures, apart from an additional cleaning on the dates of the first alert. The intermediate stops defined in the procedure have not yet been implemented.
 5. Provide ongoing training to staff in the control of microbiological risks, promoting good hygiene practices.
 There is no evidence to prove the company has implemented any further training after the incidence, no specific training has been provided in the last few weeks.
 B) In regard to the actions initiated by the company to destroy all expired / unidentified / samples meat raw materials, there is no documented non conformity sheet where the situation is assessed and the corrective actions are defined.",06.05.2025,1,Locked: 04.12.2025,
82479,6C433C32,AGRO BLEND GROUP SHPK,Autostrada Tirane - Durres Vore,"Vore, TIRANA",1032,Albanie,,,IFS Food,04.12.2025,Outstanding Payment,06.03.2025,6,Locked: 04.12.2025,03.02.2026 - 05.02.2026
84066,3FA21BBD,Direct Packing Solutions Moerdijk B.V.,Tradeboulevard 2D,Zevenbergen,4761RI,Pays-Bas,VDH Packing B.V.,4836 LD,IFS Food,21.11.2025,"As of today (21.11.2025) Certima BV withdraw the certificate number IFS – 01371 of client
 
 Direct Packing Solutions Moerdijk B.V.
 Tradeboulevard 2D, 4761 RL Zevenbergen, Netherlands
 COID: 84066
 
 Reason: Company informed Certima BV, on 21st November 2025, that all activities of Direct Packing Solutions at location Zevenbergen have stopped.",15.05.2025,5,Locked: 21.11.2025,31.03.2026 - 01.04.2026
84239,3F2ABD69,JUALPASUR S.L.,"Paraje Cuatro Vientos, 115",El Ejido (Almería),4700,Espagne,,,IFS Food,18.11.2025,"After the auditor ID 3973 arrived on 11/18/2025 at 09:00 at the facilities of Jualpasur, S.L. located at Paraje Cuatro Vientos 115, 04715 El Ejido (Almería) to perform the unannounced IFS Food v8 audit, planned for 11/18 and 11/19/2025, the company does not want to carry out the audit, alleging a lack of clients who require certification, and therefore the audit of the company cannot be carried out.",02.12.2024,5,Locked: 18.11.2025,
85213,3DCBBE0E,GROUPE BARBA SAS,"ZAC La Méridienne, Rue Konrad Adenauer",Villeneuve-lès-Béziers,34420,France,,,IFS Food,08.12.2025,"5.11.3-KO(D)
 Several findings from the previous audit are recurring because corrective actions have not resolved the root cause on key issues:
 - 2.3.8.1 concerning the qualification of critical limits for CCPs,
 - 2.3.9.3 concerning the training of personnel responsible for monitoring CCPs,
 - 2.3.10.1: concerning control of corrective actions to be implemented in the event of loss of control of the CCP,
 - 4.10.6: concerning the provision of technical data sheets for cleaning products at the place of use,
 - 4.10.8 concerning the updating of cleaning instructions.",04.02.2025,2,Locked: 08.12.2025,
85261,ABFE2022,ICEFRUIT INDUSTRIA E COMÉRCIO DE ALIMENTOS LTDA,"Rodovia Castelo Branco , s/n° - Km 127,5",Tatui,18.270-970,Brésil,,,IFS Progress Food,19.11.2025,"ICEFRUIT INDÚSTRIA E COMÉRCIO DE ALIMENTOS LTDA (COID 85261)
 In accordance with the requirements of the IFS Integrity Program and following the assessment conducted on November 12 and 13, 2025, a Major Non-Conformity was identified regarding requirement 2.3.6.1: absence of risk analysis for all steps mentioned in the process flowchart.
 Considering that this requirement is essential to ensure food safety and compliance with the standards of the IFS Progress Food version 3 program, and that the failure compromises the integrity of the certification, we have decided to withdraw the current confirmation letter, valid until February 20, 2026.
 This decision was made based on the severity of the non-conformity and is duly recorded and available for review by the IFS Integrity Program upon request.",28.12.2024,5,Locked: 19.11.2025,
85588,3D3983D4,TRANSPORTES INTERNACIONALES EUROTRANSFRET S.L.,"C/ Agua, nº 12 - Polígono Pla de la Vallonga",Alicante,3006,Espagne,,,IFS Logistics,24.11.2025,"In an email dated 21/11/2025, the company notified the CB that its activities have stopped.
 
 In accordance with section 4.3.1, “Information about the conditions of withdrawal/suspension of a certificate,” of the IFS Logistics V3 Part I of the standard:
 
 “An IFS Certificate shall be withdrawn by the certification body in situations such as:
 • In case the logistics activities have stopped (…)”
 
 In accordance with section 4.3.1 of Part I of the IFS Logistics V3 standard, the certification is withdrawn.",16.05.2025,"1.1, 1.10, 1.11, 1.2, 1.3, 1.4, 1.5, 1.6, 1.7, 1.8, 2.1, 2.2, 2.3, 2.4, 3.2, 4.1, 4.10, 4.12, 4.2, 4.3, 4.4, 4.5, 4.6, 4.7, 4.8, 4.9",Locked: 24.11.2025,
86073,5491D676,WildBran Lda,Av. Casal da Serra 21 - Póvoa de Santa Iria,Vila Franca de Xira,264887,Portugal,,,IFS Food,02.12.2025,"Chapter 5.5 Quantity control monitoring
 5.5.1 Major:„No external legal metrological control for the nominal quantity of pre-packed products was carried out for finished products cookies (legislation Portaria nº57/2025 and Portaria n.º 374/2023)”.
 All the other family products were verified (seen certificates 201.81/25000996, 201.81/2501001 dated 10.03.2025. Results show conformity with the legal requirements).",21.08.2025,"6, 10",Locked: 02.12.2025,
86352,77A1229B,MAGICAL GROUP KFT.,0102/6. hrsz.,Nemeskolta,9775,Hongrie,,,IFS Food,12.11.2025,Unannounced audit refusal: The site did not allow the auditor to perform the Unannounced audit; the assessment could not be conducted due to the company’s decision.,07.01.2025,5,Locked: 12.11.2025,
86839,50FC52F5,Homemade Alimentos Ltda,"Rua Maria Soldeira Lourençon, 801 - Santa Julia Itupeva",Itupeva - SP,13295-000,Brésil,,,IFS Progress Food,01.12.2025,"After analyzing the major non-conformity recorded by the new certification body (CB), related to requirement 2.2.1.1 – absence of HACCP plans for the products antespati, cane molasses, and date nectar – we concluded that the severity of this failure directly compromises the validity of the currently effective IFS Confirmation Letter.
 Therefore, we inform you that the decision taken is the withdrawal of the IFS Confirmation Letter of the company Homemade Alimentos Ltda – COID 86839 – in the IFS Database, as requested.",07.11.2024,5,Locked: 01.12.2025,
87178,FABECC94,Mammen Mejerierne (Head Office) A/S,Mammen Byvej 32,Bjerringbro,8850,Danemark,,,IFS Food,17.11.2025,"5.6.5: Major: Total viable count result: 1300 cfu/ml at the ""indgang til hytteosten"" (no. 17) and >3000 cfu (no. 18) ""vaeg mod kolerom i hytteosten""
 Correction described: A new sample was taken by the lab; the result was again too high. Described in the deviation: The water hose should be replaced, and a through cleaning should be carried out on and around the water outlet. The supervisor will notify the lab once this has been done for a new sample to be taken.
 
 The company states that the water from the two sampling points is used externally on tanks, for cleaning floors, and for external processes equipment. The water is not used in the product or on product-contact surfaces.
 The hose have not been changed, but a CIP cycle has been run on them.
 Item 17: A new analysis was taken on 05.11.2025 - result satisfactory.
 Item 18: No new sample has been taken.",30.01.2025,4,Locked: 17.11.2025,
87478,D9E20B18,"JUSTFRESH LOGISTICS, S.L.","C/ CINCO NAVE 12, P.I FRIDEX",ALCALÁ DE GUADAÍRA - SEVILLA,41500,Espagne,,,IFS Logistics,05.12.2025,"KO 1.2.1 The audit cannot be carried out normally due to a lack of available resources. The quality manager is reportedly ill and unavailable. It is stated that there is no substitute capable of conducting the audit. Example: the internal audit is requested, and it is indicated that the audit is unavailable. The information is in the possession of the absent quality manager.
 
 MAJOR NC 2.1.1.2 According to what was reported to the auditor, the quality system documentation is in the possession of the quality manager, who is absent.",07.03.2025,"1.1, 1.6",Locked: 05.12.2025,
87821,0F32D99E,Task Food doo,Novosadski put 7,Senta,24400,Serbie,,,IFS Food,12.11.2025,"Unpayment: based on explanations provided by the affiliate company has not paid last audit pending invoice
 Invoice is issued on 24.12.2024 with obligation to be paid until 13.01.2025 (visible form attached file ""TASK FOOD kartica potrazivanja"" - generated from SGS finance department). Invoice has not been paid, still. In the meantime all bank accounts of the company are blocked (visible from file ""BONITETNI IZVEŠTAJ - TASK FOOD DOO"" generated on 03.09.2025 - publicly available information).",27.01.2025,6,Locked: 12.11.2025,
88561,6694BE7F,LOMBARD SILVESTRE SAS,1682 CHEMIN DE SAINT JEAN,LAGNES,84800,France,,,IFS Progress Food,28.11.2025,"Acquisition of LOMBARD SILVESTRE (Siret 441 534 872 00037 / COID 88561) on 1 November 2025 by LOMBARD SILVESTRE EN PROVENCE (Siret 992 278 028 00012).
 a new COID (IFS identification code) should be created.
 Withdrawal of the IFS Progress Food Confirmation Letter from the company LOMBARD SILVESTRE COID 88561 (company no longer in existence).",15.04.2025,5,Locked: 28.11.2025,
90017,A9A70036,SGR Logistics GmbH,Hans-Urmiller-Ring 19 B,Wolfratshausen,82515,Allemagne,,,IFS Logistics,20.11.2025,"2.2.1.1 / KO:
 1. Deviation: 
 Based on the samples examined in the audit and the resulting deviations from the documents submitted, as well as the results of the on-site inspection, the risk management system/HACCP concept is not sufficiently systematic, comprehensive, complete, and not sufficiently documented. It does not fully comply with the principles of the Codex Alimentarius and good hygiene practice. In some cases, essential legal requirements, including customer requirements, are not available for consideration of the basic principles. The corrective actions for the deviation from the corresponding checkpoint 2.1.1 (IFS Logistic Version 2.3) from the last audit in 2024 have not been fully implemented. The verification and completeness check as part of the internal audit is not effective. 
 
 2. Deviation from 2024 still exists:
 
 The concept still does not sufficiently cover all necessary aspects, e.g., the basis and steps of the Codex Alimentarius.5.9.2 / KO:Deviation:The corrective actions for the deviations from the last audit have not been sufficiently implemented for the following 6 points.
 
 5.9.2 / KO:
 Deviation:
 The corrective actions for the deviations from the last audit have not been implemented effectively enough for 6 corrective measures (6 out of 24).",16.01.2025,"1.1.10, 1.2.2, 1.2.3, 2.1.1, 2.1.10, 2.1.11, 2.1.2, 2.1.3, 2.1.4, 2.1.5, 2.1.6, 2.1.7, 2.1.8, 2.1.9, 2.2.1, 2.2.2, 2.2.3",Locked: 20.11.2025,
90148,A746459E,Pflanzenkraft GmbH,Westerhamer Str. 3,Feldkirchen-Westerham,83620,Allemagne,,,IFS Progress Food,08.12.2025,cessation of business,17.02.2025,5,Locked: 08.12.2025,
90361,D9AD8757,CEREALISTA PASI LTDA,"ROD SC 108, KM 437, ÚLTIMO RIO",Jacinto Machado - SC,88950-000,Brésil,,,IFS Progress Food,26.11.2025,"Withdrawal of Letter of Confirmation
 IFS Progress Food Program
 Company: CEREALISTA PASI LTDA – COID: 90361
 Assessment Date: 19/11/2025
 We inform that the Letter of Confirmation of the IFS Progress Food Program for CEREALISTA PASI LTDA has been withdrawn due to a Major Non-Conformity in requirement 5.5.1 (B), regarding the implementation of testing and monitoring plans.
 Non-Conformities identified:
 - Absence of finished product tests in 2025, as established in the quarterly schedule.
 - Absence of swab tests in environments and contact surfaces.
 The Letter of Confirmation from the previous assessment remained valid until 26/12/2025; however, with this withdrawal, it is no longer valid.
 Kind regards!",02.11.2024,6,Locked: 26.11.2025,
90484,A2984B12,Keirsmaekers Primeurs BV,"Strijbroek 3, mag: 13/22",Sint-Katelijne-Waver,2860,Belgique,,,IFS Wholesale / Cash & Carry,13.11.2025,"During the audit completed on site on 12/11/2025 the following Major NC was identified at 4.14.2:
 The pest control measures are not risk based. They are insufficiently documented and implemented and do not comply with the Belgian law (art 34 of Royal Decree of 04/04/2019): 
 In the warehouses toxic baits (Murin facoum paste containing brodifacoum) are present. The toxic baits are not attached to the walls. There was no evidence of missing baits. No evidence of rodent activity (droppings or damage) was observed during the audit but there has been significant rodent activity in September, 2025 which was not followed up.",15.01.2025,"1.3, 1.5, 1.7, 1.8",Locked: 13.11.2025,
91584,688F6C33,SOCIETA' AGRICOLA BRUZZESE S.S.,"Via I° Maggio, 103",OLGIATE OLONA (VA),21057,Italie,SOCIETA' AGRICOLA BRUZZESE S.S.,21057,IFS Food,24.11.2025,voluntary suspension by customer,25.03.2025,3,Locked: 24.11.2025,
93103,16D5E58E,ALTAGRA D.O.O. .,Evropska,Stara Pazova,23,Serbie,,,IFS Food,24.11.2025,Company has suffered complete breakdown of production equipment and due to this production was stopped. It is expected that this will last for four months. Once we will be notified that production will start again extraordinary check will be organized.,17.09.2025,5,Locked: 24.11.2025,
93295,6E618EDF,Tat Gıda San. Tic. A.Ş.,"Tatkavakli Mah. Tat Konserve Küme Evler Mevkii, No:10/2-40",Bursa,16500,Turquie,,,IFS Food,27.11.2025,Certificate is held due to the lack of payment.,25.11.2025,"5, 9",Locked: 27.11.2025,
1452,E8B99749,Fratelli Martini Secondo Luigi S.p.A.,"Regione San Bovo, Via Statale n° 26",Cossano Belbo (CN),12054,Italie,,,IFS Food,23.01.2026,Outstanding Payments,10.10.2025,8,"Locked: 23.01.2026, Unlocked: 23.01.2026",
3267,D4FA2FE1,FRESH CONNECTION Fruchtimport GmbH,Mercatorstraße 21,Geesthacht,21502,Allemagne,,,IFS Broker,08.01.2026,The company was liquidated.,01.04.2025,"1.5, 1.8",Locked: 08.01.2026,
6137,A32C65EB,Kracht Kartoffel GmbH & Co. KG,Matzhornweg,Ehndorf,24647,Allemagne,,,IFS Food,23.01.2026,"4.9.4.1 – Major - (I) In the area of the onion cutter, the ceiling paint is peeling off directly above the cutter, and condensation was observed throughout the entire area. (II) In the potato peeling area, the ceiling paint is peeling off directly above the potato cutter, and condensation was observed in more than 50% of the room.
 
 
 
 
 4.17.4 – Major - (I) In the packing hall (potatoes), the paint or coating on the outside of the conveyor belt carrying the unpacked potatoes is peeling off. (II) The elevator belts/shovels in front of the sorting area where the peeled potatoes are located are defective and coming apart. (III) The blue plastic curtain in the potato line area after the peeler is discolored with black marks. This plastic curtain serves to slow down the peeled potatoes in order to prevent/minimize bruising caused by falling.
 
 
 
 5.4.2 – Major – The scale for FPV (Finished Packaging Regulation) verification was not calibrated at the time of the audit. The calibration sticker was valid until the end of 2025. The penetration thermometer for in-process controls was not calibrated at the time (valid until the end of 2025).
 
 
 
 
 5.11.3 – KO – The following measures were not implemented in a sustainable manner: 2.1.2.1 – Use of Tipp-Ex / 3.2.5 – Repeated wearing of jewelry by an employee in the hygiene area / 4.10.2 – Cobwebs and dirt in the packing area (area with open food) / 4.10.5 - Disorder in the cleaning agent storage area, as well as heavy corrosion marks and a strong chemical odor / 4.17.3 - Loose material (wood or metal) in the packing area and loading area",27.05.2025,5,Locked: 23.01.2026,
6138,FD082841,LAITERIES H. TRIBALLAT - Usine Ultra Frais .,.,RIANS,18220,France,LAITERIES H. TRIBALLAT .,18220,IFS Food,12.01.2026,"KO on 1.2.1 : During this audit, shortcomings in compliance with site hygiene and quality rules were observed, failing to demonstrate the operators' awareness of their responsibilities regarding food safety:
 - On January 5, 2026, an operator on the glass packaging line was observed opening the sealing machine to remove unsealed cooked crème brûlée, without first disinfecting her hands.
 
 - On January 6, 2026, at 10:00 AM, during the inspection of floating islands workshop, it was observed that an operator entered this sensitive area without washing his hands or using the footbath. When questioned about the reason for leaving the workshop, he stated that he had gone to retrieve a beard cover.
 Note: The workshop's activity was severely disrupted; the line had been down since it started at 6:00 AM due to a problem with the egg whites' overrun, and production had only just resumed at 10:00 AM. The operator was stationed at the egg white dosage control station upstream of the heat treatment (a less critical station).
 Following the discovery of this discrepancy, the company decided to block the five pallets produced that morning and to strengthen the control plan on the first pallet produced (10:15 AM) for further investigation (including testing for all FCD criteria on 15 products located at the beginning, middle, and end of the pallet), as well as to take samples from the operator's hands. On the last day of this audit, all the results provided by the laboratory were satisfactory (no detections). So the pallets were released on 09.01.26.
 The company also implemented, from 07.01.2026, in the hygiene airlock of this workshop, a system requiring passage through the handwashing station and footbath (installation of posts with chains)
 
 - On 08.01.2026 traceability anomalies and an incomplete record were found on the monitoring of the CCP Pasteurization of the custard for floating islands: from 6.01 to 8.01.26 there was a record of 3 heat treatment curves under a single batch number (2026.2.1.1.18 – the numbers code for year/week/cycle/Preparation No./Recipe).
 The first batch was destroyed due to a homogenization problem before pasteurization (as indicated on the CCP tracking form). RD/PG08/SE51 ), for the two other cream preparations the heat treatments were compliant above 108°C for a sanitary target >76°C but the traceability error made did not allow to easily find the link with the 3 CCP monitoring documents filled out by the operator and validated by his team leader.
 Furthermore, the recording sheet for the 3rd preparation (custard made on the 7th for use on 8.01.26) only mentioned the pasteurization temperature but did not include the cycle times and had not been signed by the operator nor validated by the team leader.
 No report of this traceability error was filed in an internal non-conformity report by either the operators or the team leader. It was only after the auditor suggested the need to create this INC that it was generated on January 8, 2026, by the assistant production manager.",06.02.2025,"4, 5, 2007",Locked: 12.01.2026,
6575,045B3CCD,Verstegen Spices & Sauces BV,Industrieweg 161,Rotterdam,3044 AS,Pays-Bas,,,IFS Food,13.01.2026,"The following non-conformity has been raised during the IFS Food v8 audit from 05-01-2026 to 09-01-2026 at Verstegen Spices & Sauces BV - COID 6575:
 Non-conformity type: Major non-conformity
 IFS Food v8 requirement: 5.11.4
 NC description:
 Corrective actions are formulated, documented in Manual Masters (QC & system deviations) or MES (engineering). Implementation of actions is followed up, however effectiveness of the corrective actions is not demonstrably tracked nor documented:
 1) similar deviations to those identified in the past resurfaced during current audit: - 4.12.2 (rubber damaged in powder department in 2025 audit, correction & corrective action implemented, for 2026 audit rubber partly missing in sauce kettle) and - 4.9.4.1 (flaking paint on ceiling sauce preparation area observed during visit from authorities in January 2025, logged in Manual Masters and resolved by facility dep., follow-up through inspection rounds, big renovation of the area planned in 2026, however in another location of same area flaking paint/rust on ceiling returned and was observed during this audit)
 2) recall in 02/2025 caused by mix-up of packaging materials carrying legal information lead to installation of barcode scanners on packaging lines to avoid mix-up of labelled packaging. As such, corrective action taken. Recently another recall, because of mix up of labels, took place dd. 18/12/2025. This mix-up was not identified during production, because of incorrect use of barcode scanner. Effectiveness of implemented corrective action had not been sufficiently followed up.",04.03.2025,"5, 9, 10",Locked: 13.01.2026,
7196,4916BA3B,CAFE SATI SA,4 RUE DE NANTES,STRASBOURG,67027,France,,,IFS Food,30.01.2026,"Item : 5.5.1
 1) Regarding the production on November 28, 2025, of 225 g cans of Arabica espresso classico coffee without a metrological “e” (private customer), 1,133 UVC produced, no metrological validation of the batch was recorded. After verification, the average weight of the batch is 224.735 g, which is below the nominal quantity. This batch does not meet regulatory requirements in terms of pre-packaged metrology. 
 It should be noted that on this line (metal line), the volumes produced are minimal (3 tons) compared to the 4,302 tons produced annually. All other production carried out in 2025 on the metal line has been verified and the averages are >QN.
 The other weight average samples taken on other lines during the assessment were compliant and above QN. 
 
 2) With regard to tare weights on production lines, the company performs tare weighing for each production run by taking only one sample of pre-packaging (consisting of several items) rather than basing it on an average tare weight of 20 representative packages, as recommended by the guide to good practice concerning internal metrological control procedures. This methodology does not allow for proper control of tare variability.
 It should be noted that, based on sampling of a 1 kg grain GF product reference, the tare measurements taken during the audit on several production runs showed that there was no tare variability (measured at 24 g each time on the latest production runs).",10.04.2025,10,Locked: 30.01.2026,
7558,D4EFF02D,JACQUET 2000 SAS,ZI Allée du Val des Rosiers,CLAMECY,58500,France,Groupe Jacquet Brossard .,75014,IFS Food,16.01.2026,"Item : 5.11.3
 A recurrence was observed compared to deviation B from the previous certification audit (04/02/2025) on item 5.11.3. Indeed, it is planned to record the corrective actions following the internal audits in the action plan file. However, following the internal audits carried out in 2025, corrections were not completed in 50% of cases and corrective actions were not completed in 80% of cases. During the 2025 certification audit, a deviation was attributed on the same theme: ""In the action plan following the internal audits, some of the actions were not filled in by the pilots (in 1/5th of the cases)"". The corrective action indicated in the 2025 action plan: ""Implementation of a monthly ritual (at the end of AIC5) for opening and filling in the table with the pilots"" (deadline 31/03/2025) was not continued. (Note, however, that the root cause analysis column according to the 5M has now been completed and that the corrective actions defined for the other 10 deviations from the previous action plan have been implemented and carried out effectively). 
 On the other hand, following the unsatisfactory intrusion test or following a detection of listeria spp in the environment in August 2025, there has been no formalization of corrective action.",19.03.2025,6,Locked: 16.01.2026,
7654,66D0E495,REGALETTE SASU,ZA de Kerboulard,SAINT-NOLFF,56250,France,LDC (80834),72300,IFS Food,29.01.2026,"NC major : 4.17.2 Equipements : 
 Certificates of compliance for food contact are not available or are incomplete for 5 sampled surfaces:
 • Cooking dosing seal 30x40x7: FDA compliance only.
 • Crumb breaker (blue brushes): no certificate
 • Chemikler flexible hose for pumping dough: no certificate
 • Limitech seal for liquid mixtures: no certificate
 • Intralox conveyors in the cooking room: no certificate
 The commitments made during the previous audit (corrective actions) have not been effectively implemented 
 (1- Update compliance documentation: update compliance documentation for all relevant equipment to ensure that all parts and equipment used comply with current regulations.
 2 - Annual compliance check: Implement an annual check of compliance certificates for food contact equipment to ensure they are up to date and remain valid).
 However, certificates are requested for new purchases (e.g., baking dispenser seal).
 
 KO : 5.1 Internal audits :
 There is no risk analysis to define the activities essential to product safety and quality, and audit frequencies.
 The site has not planned any internal audits in 2025 or 2026.
 Only one internal audit was carried out on January 7, 2025, which was an audit initially scheduled for October 2024 but carried out late.
 Based on this finding, the site has not implemented an effective and formalized internal audit program. It does not comply with the requirement to plan audits at least once every 12 months and to carry them out within a maximum of 15 months. Nor is it able to demonstrate that the frequency of audits is appropriate to the risks to food safety and product quality.",16.06.2025,"6, 7",Locked: 29.01.2026,
8255,E47AA9EC,Backring Nord E. May GmbH & Co. KG,Försterdamm 1,Wittenhagen,18510,Allemagne,Backring Nord E. May GmbH & Co. KG,22941,IFS Logistics,19.01.2026,"Requirement 5.5.1 (Major): Tomatoes are also picked in the storage area (ultra-light fresh). These are packed from large containers/cardboard boxes into smaller units/plastic bags according to customer requirements in terms of quantity (weight). A scale that was purchased in August 2025 was used for weighing. It could not be verified that this scale is calibrated. Calibration of scales for this type of use is mandatory.
 Scales that are used to dispense food to customers are subject to statutory regulations, the German Mess- und Eichgesetz (MessEG) and the German Mess- und Eichverordnung (MessEV).",19.03.2025,"1.10, 1.1, 1.2, 1.3, 1.4, 1.5, 1.6, 1.7, 1.8, 1.9, 2.1, 2.2, 2.3, 2.4, 3.1, 3.2, 3.3, 3.4, 3.5, 3.6, 3.7, 4.1, 4.2, 4.7",Locked: 19.01.2026,
8264,17AB5C03,GRECI INDUSTRIA ALIMENTARE SpA,"Via Traversante Ravadese, 58",Parma (PR),43122,Italie,,,IFS Food,26.01.2026,"During the IFS Integrity on-site check audit performed on 19 January, major deviations were identified that led to a suspension.
 
 See the list of issues: 
 Major deviations related to requirement 4.12.2: numerous situations that could cause product contamination were identified during the on-site audit (e.g. small fragments of adhesive tape, lubricant leakage, maintenance tools with missing parts).
 KO at requirement 4.18.1: The flow of information was inadequate to ensure traceability. The company’s traceability system failed to correctly record a salt batch (29/07/2025).
 Major deviation at requirement 4.3.6: During the IOC inspection of product XXXX, the Quid declaration was under-dosed compared to the recipe. In addition, water was not declared on the label and there was no validation proving that the added water stayed below the 5% threshold.
 Major non-conformance at requirement 4.13.2: The pest control system was ineffective due to the presence of bird and rodent contamination. Despite increasing rodent monitoring after a rise in activity in late September 2025, contamination was still present inside the facility.",12.09.2025,"5, 7",Locked: 26.01.2026,22.07.2026 - 24.07.2026
9295,E1B54298,BRIOCHE ET VIENNOISERIE THOMAS .,Parc d'activité ZI LA BELLE ENTREE,ESSARTS EN BOCAGE,85140,France,,,IFS Food,29.01.2026,"The production site has multiple legal entities at one physical location with the same scope; the following rules apply: * one audit shall be performed * the certificate and report shall be duplicated for each legal entity * each legal entity shall have its own COID.
 
 Due to the result of the integrity programme, in which the last two reports were reviewed, and serious doubts were raised were raised about the maintenance of the certificate:
 
 2024: the correct control of PCC2 (2.3.9.1), non-conformities regarding cleanliness, accumulation of residues in certain equipment that may pose a direct risk of product contamination (4.10.2), and no Major or KO issues were raised during the audit.
 
 About the 2025 audit, one of the deviations explains that expired leftover product is being used. 
 The issue of the declaration of origin of the almonds raises questions about legal requirements or fraud, as the labelling indicates one thing and the specification another. It would not comply with either customer specifications or labelling. This represents a KO 4.2.1.3 and a major 4.2.1.5.
 
 Cleaning issues are mentioned again, the same deviation as in 2024 should have been a major NC. 4.10.2
 As in the previous year 2024, some cases are described in which, during the audit, a direct risk of product contamination was detected, leading to NO non-conformity (Major) and also to a KO due to the repetition of deviations from the previous audit. (5.11.3) and Major in cleaning issues.
 
 Regarding the allergen deviation, if there is no validation to show that the company can avoid cross-contamination labelling, this should have been a Major, without further information. A verification analysis does not demonstrate compliance. It is unclear whether the company can rule out the presence of nut allergens after cleaning, or whether it has implemented any measures to prevent contamination.
 
 
 Regarding the evidence provided in the action plan confirming the need for a Major score.
 
 For 4.19.2, the evidence provided was only a proposed analysis, and the company did not understand the intent of the deviation. There was no evidence of the proposed allergy strips to be used.",11.07.2025,"6, 7",Locked: 29.01.2026,09.06.2026 - 11.06.2026
12415,59A46809,Edwin Grasmehr GmbH,Brückenstrasse 48,Weilburg,D - 35781,Allemagne,,,IFS Food,29.01.2026,"Major at 4.19.2
 Risk-based measures to prevent possible cross-contamination during processing could not be verified in the audit with regard to cleaning procedures:
 During the audit, a product containing cheese was processed in a cutter and then, after intermediate cleaning, a product without cheese (without milk protein) was processed on the same equipment. The audit did not provide any evidence of testing for possible traces of milk protein after intermediate cleaning.
 Similarly, there was no evidence of testing for allergens after main cleaning. There was no proof that end products are regularly tested for traces of allergens. This means that the entire allergen management process is not under control.
 
 Major at 4.19.3
 There is no labelling of allergen traces on the products. During the audit, no assessments could be presented with regard to labelling requirements due to unintentional or technically unavoidable cross-contamination.",26.02.2025,1,Locked: 29.01.2026,
12756,1A48F4D8,FRUTOS SECOS MEDINA (MÓSTOLES) S.L,"PUERTO LINERA, 1",MOSTOLES - MADRID,28935,Espagne,,,IFS Food,27.01.2026,Formal communication from the client regarding the closure of the Móstoles plant due to the permanent cessation of its activity.,27.08.2025,"5, 6",Locked: 27.01.2026,
13584,B1396501,BODEGAS LUIS MARIN PARDOS S.L.,"C/ San Valero, 1",CARIÑENA-ZARAGOZA,50400,Espagne,,,IFS Food,15.01.2026,"The following non-conformities have been raised during the IFS Food v8 unannounced audit started on 14-01-2026 at BODEGAS LUIS MARIN PARDOS S.L. - COID 13584.
 After identification of the non-conformities, the company asked to stop the audit, thus the audit is considered cancelled as defined in IFS Food v8 Doctrine section 1-4.2.1.
 
 Non-conformity type: Major non-conformity
 IFS requirement: 2.3.11.1
 NC description:
 During the audit, the validation report for CCP 3 bottle breakage is not available. In addition, the defined protocol for action in the event of bottle breakage indicates that 5 bottles in front of and 5 behind the broken bottle should be removed, while the CCP 3 management table in corrective actions indicates that all open bottles should be removed.
 
 Non-conformity type: Major non-conformity
 IFS requirement: 5.4.2
 NC description:
 During the audit, the calibration records for the 2025 equipment were unavailable, for example:
 - BB scale (last calibration 08.07.2024)
 - microfiltration manometer (last calibration 01.02.2024)
 - oenological additives scale (last calibration 06.05.2024)
 - tank probes (last calibration 17.09.2024)
 
 Non-conformity type: KO non-conformity
 IFS requirement: 5.11.3
 NC description:
 There is no evidence that the company has documented and implemented corrective action plans, deadlines, responsible parties, verification and root cause analysis for the deviations and non-conformities detected during the internal audits carried out in August and October 2025 and January 2026, deviations that are detected again in the audit (lack of evidence of periodic quality meetings, among others).
 Likewise, there is no evidence of a corrective action plan for the deficiencies detected during the health authority visit (22 October 2025, minutes nos. 782966 and 782967), in which the company was urged to take immediate action to address the deficiencies in the lower wall area of the barrels with dampness.",11.03.2025,8,Locked: 15.01.2026,
14332,B45F7F98,Brivio Salumificio S.r.l .,"Via Cavalieri V. Veneto, 2,",CERNUSCO LOMBARDONE (LC),23870,Italie,,,IFS Food,20.01.2026,"Following Integrity on site check in date 14/01/2026 and after preliminary technical review and decision, the certificate is suspended for the following reasons:
 
 IFS Food Standard § 4.10.2 Major Nonconformity
 On the day of the IOC, the cleanliness and sanitation of the premises and facilities were found to be unsatisfactory as follows: Fresh meat reception area: black spots” on the ceiling ; Fresh meat storage room: black spots on the walls, ceiling panels, and cooling equipment; Processing area: black spots” on the ceiling panels and ventilation systems, Processing area (deboning line): visible old organic residue Cooking oven area: black spots” ceiling panels; Post-cooking cooling room: organic residue the floor; Demolding area: electrical cable ducts with organic residue; Pasteurization area: cobwebs behind the pasteurization equipment
 No records available of the day of IOC on cleaning performance/verification.
 ##
 IFS Food Standard § 4.18.1 KO
 The company's traceability system does not include the following: Brine recipe associated with the finished product recipe / technical data sheet- Ingredients other than meat (additives, processing aids)- Packaging
 Note: The traceability procedure (section 17, rev. 06 dated 24-APR-2023) requires that a loading and unloading log exists for auxiliary ingredients, but these logs were not available on the day of the IOC. Example, of traceability during the IOC: liver mortadella (batch 06400726).
 ##
 IFS Food Standard § 4.19.2 Major Nonconformity
 During the IOC, it was found that : raw materials containing allergens are present on site, but they are not segregated in the ingredient storage warehouse (closed bags) nor in the mixing preparation room (open bags) ; the formulas that indicate which recipes contain ingredients containing allergens are not formalized (e.g., cooked salami, liver mortadella); no rules are defined for production sequences, nor for specific cleaning procedures following the production of products containing allergens (although annual tests are required to verify the absence of allergens on surfaces and in the finished product (analysis plan rev. 05 dated 01-JUL-2024), but only analysis certificates concerning the allergen casein and lactose are available on surfaces after sanitization for (ref. Certificate of Analysis dated 22-JUL-2024); Certificates of analysis on finished products for the allergens milk and sulfites are not available.
 ##
 IFS Food Standard § 4.19.3 Major Nonconformity
 The label for the product ""liver mortadella"" (item code 00064) does not report the allergen “milk” (as requested by Reg. 1169/2011 Article 9), but the ingredients list only reports the ingredient ""caseinate. “According to the verbal declarations (because the recipes are not formalized and the traceability records for batch 06400726 shown during the IOC do not list the additives/ingredients used), the ingredient ""sodium caseinate EM7"" (supplier S.) is used in the production of the product. The technical data sheet for this ingredient (“sodium caseinate EM7”, rev. 02, dated 22-JAN-2024) lists the allergen “milk” and specifically reports that the ingredient must be declared on the label as ""milk protein (sodium caseinate).""Furthermore, although the technical data sheet of the finished product (dated 02- MAY-2025) reports the ingredient wine, on the label the ingredient “wine” is not present, nor the allergen “Sulphites” is reported, but there are no calculations / analyses to validate that the Sulphites content is < 10 ppm
 ##
 IFS Food Standard § 5.11.3 KO
 The corrective actions implemented following the last IFS audit are not satisfactory, as the same findings were repeated observed during the IOC: 3.2.7: Incorrect use of nets by operators; 4.2.1.2: lack of verification of correctness of labels (ref. NC Major 4.19.3 IOC); 4.9.4.1: Cleaning / maintenance of ceilings (ref. NC Major 4.10.2); 4.12.2: Unauthorized stationery in the plant (undetectable pens, staplers); 4.12.7: demolding system with some damaged on the plexiglass covers",11.08.2025,1,Locked: 20.01.2026,
25912,FE92C367,Jizerské pekárny spol. s r.o.,Děčínská 1699,Česká Lípa,470 01,Tchéquie,,,IFS Food,12.01.2026,"4.18.1 KO
 Failure in traceability system: When the traceability test was assigned on the first day of the audit on 7.1.2026 by the auditor, the product Sunflower Sliced Bread “Chléb slunečnicový krájený 500g” (packaged) with a best before date/batch of 07.01.26 was selected (from retail outlet). It was not clear from the documented production records (handwritten) from the bread bakery hall whether the product was produced and packaged on 2.1.2026 or 3.1.2026. There is no record of the packaged quantity of pieces with a best before date of 07.01.26.
 However, it was clear from the delivery notes to which customer the product was distributed and where the auditor actually purchased the product.
 When the traceability test was assigned on the second day of the audit on 8.1.2026, the fine bakery product “Vánočka s mandlemi ručně pletená 380 g” with a best-before date/batch date of 20.1.26 BN was selected. When presenting the traceability test, the result of tracing the total produced quantity of 196 pcs on 30.12.2025 was firsty presented. The start of distribution of the product with this batch to customers should have been according to the inventory list from 31.12.2025 and records from IS Trilex since 6.1.2026. However, the auditor purchased this product from the market already on 4.1.2026.
 After discovering this discrepancy, a new traceability test was performed, which according to IS Trilex “Storage movement/Skladové pohyby” and the Inventory List from 31.12.25 showed a produced quantity of 655 pcs and the distribution of this batch to customers since 2.1.2026.
 The delivery notes included the end customer where the auditor actually purchased this product.
 The production record “Fine Bakery Product Packaging Record/ Záznam o balení výrobků jemné pekárny” dated 30.12.2025 shows inaccurate handwritten records of the production quantity (196 pcs) and an irrelevant allocation batch/best before date of 1.11.26. The first failed traceability test for the product “Vánočka 380g” (20.1.26 BN) was based on this record",27.03.2025,"6, 7",Locked: 12.01.2026,
26460,DAD9F8FE,SAN MARTIN DE PORRES S.L.,"Pol. Ind. La Campiña, Parcela 67",ECIJA (Sevilla),41400,Espagne,,,IFS Food,22.01.2026,"On the IFS V8 assessment conducted on January 20th & 21ST , one major NC was raised against req 4.13.2 with the following description:
 
 Preventive measures implemented by the company to avoid pest are not sufficient. 
 Finding: During the visit to the facilities, three dead mice were found in the production/storage are. One was found in the raw material receiving area (mummified), another in a double-walled area located between the exterior wall of the building and the wall of the kneading area, and another in the kneading area next to the disused machinery. The last two mice mentioned had died recently. 
 
 
 Las medidas preventivas implementadas por la compañía frente a plagas no son suficientes. 
 Hallazgo: Durante la visita a las instalaciones se detectan tres ratones muertos en la zona de producción/almacenamiento. Se detecta uno en el área de recepción de materia prima (momificado), otro en un área de doble pared ubicado entre la pared exterior de la nave y la pared del área de amasado, y otro en el área de amasado junto a la maquinaria en desuso. Los dos últimos ratones mencionados habían muerto recientemente",28.05.2025,6,Locked: 22.01.2026,
26822,8E7B5249,Société Fermière Rochefort Ardennes - Etablissements Mathot SPRL,"Route d'Achêne, 6",Celles Houyet,5561,Belgique,,,IFS Food,30.01.2026,"4.3.2-Major 
 Regarding the development of new products such as flavoured butter, the company does not have a procedure to ensure that the labelling is in accordance with the legislation in force in the country/countries of destination.
 Indeed, for the ""Yuzu Butter"" brand Rochefort, (3 productions of ""Yuzu Butter"" concerned: manufacture of 30/10/25 (lot 303), 31/10/25 (lot 304), 29/11/25 (lot 333) for a total quantity of 1116 kg, mainly, but not only, sold to the client DEXXX), it was found several anomalies or inaccuracies of labelling:
 1. The labelling communicates a single commercial and legal name: 'Yuzu Butter'. However, in the list of ingredients, the following QUID (or Quantitative indication of ingredients) are not mentioned: % butter, % Yuzu, % salt.
 On the other hand, the list of ingredients indicates for QUID du Yuzu (which is the dextrin mixture, yuzu juice) a percentage of 4.8%. However, the recipe indicates a theoretical percentage of 4.76% at implementation and the actual quantity implemented calculated on the average of the 3 batches manufactured is 4.48%. The labeled Quid is therefore not representative of the percentage of yuzu juice actually implemented and guaranteed. Therefore, the labelling does not appear in accordance with Article 22, point 1, of Regulation R1169/2011 EC.
 Finally, the name is not explicit on the fact that the butter is salted butter although salt is indeed mentioned in the list of ingredients.
 2. The labelled list of ingredients mention: yuzu (yuzu juice, dextrin)4.8%. The name of the ingredient as mentioned appears ambiguous since the ingredient added for flavoring purposes is not yuzu «fruit», but a preparation based on yuzu composed of dextrin as a majority component and yuzu juice. Therefore, the latter does not appear in accordance with Annex VII, PART E—DESIGNATION OF COMPOUND INGREDIENTS of Regulation R1169/2011 EC.
 On the other hand, the compound ingredient is listed as: yuzu juice, dextrin. Therefore, the descending order of components of as required by Article 18(1) of Regulation R1169/2011 EC is not respected.
 3.The only name present on the finished product is 'Yuzu butter'. The labelling does not mention another legal name. Now the recipe contains dextrin which, although added for the purpose of
 supporting yuzu juice and not as a loading agent, is present in a non-negligible percentage (see supplier’s KEXXX technical sheet version dated 27/05/25 - ingredients: dextrin, yuzu juice). Therefore, the legitimacy of using the designation 'Yuzu butter' does not appear to be clearly established within the meaning of Article 3 (1) of European Regulation No 445/2007 EC defining the applicable rules allowing the use of the designation 'butter' for composite products. Indeed, although the milk fat of the finished product is > 75% (76.92%), all the components added to the butter are not mentioned in the name. Only 'Yuzu' appears there. On the other hand, the non-negligible share of dextrin does not guarantee its absence of a 'texturing effect' in the finished product.
 In view of these findings, the labelling validation system does not guarantee that the labelling complies with the legislation in force in the destination country/countries and in particular with the requirements of Regulation R1169/2011 EC. Therefore, a Major non-compliance is assigned to the site on requirement 4.3.2",08.05.2025,4,Locked: 30.01.2026,
27571,DBDB8A67,FROMAGERIE DU PAYS WELSCHE,333 avenue de la Croix d’Orbey (atelier pasteurisé) - 18 rue du Général Dufieux (atelier cru),LAPOUTROIE,68650,France,,,IFS Food,19.01.2026,Pending payments.,21.08.2025,4,Locked: 19.01.2026,
28054,EAB32823,Horafrost NV,Voermanstraat 5,Staden,B-8840,Belgique,,,IFS Food,16.01.2026,"There has been 1KO and 2 Major NC found during IFS Audit: 
 KO at 5.1.1 : During 2025, several internal audits were scheduled. The reports of the audits show limited information, and the non-conformities are limited. Eg Internal audit QMS/ Quality system dd 22/12/2025, 2 NC’s: person not washing hands, wall at tunnel L5 is dirty.
 The number of non-conformities and deviations found during this on-site audit demonstrates that the internal audit program clearly lacks in depth and thoroughness in execution.
 Major at 4.10.2 : Production line 5 has been cleaned in the weekend 10+11/01/2026. This has been executed by the operators. 
 During the site tour on 12/01/2025, seen on several areas that the production line was not effectively cleaned, seen:
 -Equipment not in use: the paddle washer leek was dirty, leftovers leek all over.
 -Exit washer steam peeler carrots, presence old potato parts, dirt above the washing street
 - Wads of blue industrial cleaning paper in the opening of a stainless steel upright bar at the sorting belt after the steam cleaner (visual operator check).
 -seen presence of excess dirty/black lubricating grease on the edge of the conveyor belt frozen product at outlet freezing tunnel T5 (crate filling carrot dices).
 However the on-line registration file for Processing line 5 for line clearance Shiftleader, at start-up production run L5 states conforming/ ok on: 10/01/2026 13:02h clean, 11/01/2026 01:14h clean, 12:58h clean; 12/01/2026 06:35h clean.
 Major at 4.21.2: At hall production line 5+6, seen at the entrance a washer for the sprouts, a hole in the wall to the exterior (on manheight, ca 30x50cm). Apparently the mobile conveyor belt for peas supply, positioned at the exterior, was removed. 
 -On 13/01/2026, during the outside tour, seen freely accessibility for several utilities (all localised closely to production hall 5). Namely the area for drinking water supply (water treatment – door not locked), the area for air compressors (open gate), the area for the cooling compressors (open gate), the area for the steam boiler (open gate).",04.02.2025,5,Locked: 16.01.2026,
28206,47C0D376,Italcanditi B.V.,Fruitlaan 24,Goes,4462 EP,Pays-Bas,CSM Italia (80880) S.r.l.,26013,IFS Food,30.01.2026,"During the on-site IFS check on 23/01/2026, a non-conformance against requirement 5.11.3 was identified: some corrective actions have not been implemented, closed and validated. Evidence: The reception and storage of products; deviation from the previous IFS audit; and the company's corrective action list for internal and external actions, which contains 13 actions that are past their deadline and another 30 actions that need to be validated.",19.06.2025,"5, 6, 2007",Locked: 30.01.2026,
31378,EF28DDB0,TEC-AL SRL,VIA PER PARMA 32,TRAVERSETOLO (PR),43029,Italie,,,IFS Food,26.01.2026,Contract terminated,07.04.2025,10,Locked: 26.01.2026,
32859,C0F5EB38,TERREMERSE SOC. COOP.,"Via Fiumazzo, 773",Voltana di Lugo (RA),48022,Italie,,,IFS Food,16.01.2026,"Following Integrity on site check in date 13/01/2026 and after preliminary technical review and decision, the certificate is suspended for the following reasons:
 IFS Food Standard § 5.11.3 KO
 In 2025, the company received 11 complaints regarding incorrect labeling (name, expiration dates). Furthermore, customer C. noted several consumer complaints regarding browning of pork coppa with a dedicated brand.
 The company had been packaging the product in MAP, using vacuum-packed raw materials until the raw materials' expiration date, extending the product's shelf life by an additional 10 days once packaged in MAP. A company validation study found that pork coppa in MAP browns on the 7th and 8th day, respectively, if packaged from raw materials with a residual shelf life of 7 and 8 days. For this reason, as a corrective action, the company has decided not to use vacuum-packed raw materials beyond their 10-day shelf life.
 On the day of the IOC, a traceability test was carried out on the product boneless sliced pork coppa, with a brand dedicated for retailer C. batch 15 337 178, shipped with a transport document dated 04.12.2025, packaged in ATM with an expiry date of 13.12.2025. From the verification of the label kept on the day of packaging, it emerged that the name shown on the label was incorrect (it was “Fettina di lombo di suino” and not “Coppa di suino”). Furthermore, two batches of raw material were used for this product, one of which expired on 11.12.2025. From the traceability of the batch of raw material with an expiry date of 11.12.2025, it emerged that another batch of pork coppa (L 15336179) with an expiry date of 12.12.2025 was also produced with this raw material. In both batches, the product's shelf life exceeds the raw material's shelf life, and the requirement to use the raw material only within its 10-day residual shelf life was not met for both batches.
 Furthermore, the company did not conduct a shelf-life study to support the decision to pack the product, starting with the raw material with a 10-day residual shelf life, in order to ensure product compliance until the expiration date.
 In the validation study conducted (on raw material with a 7- and 8-day residual shelf life), only one batch of raw material was tested, and the variability and evolution of the modified atmosphere were not evaluated, to extend the observations observed for a single batch to all batches.",30.06.2025,"1, 7",Locked: 16.01.2026,
35080,8B56E38F,"Hijos de Juan Pujante, S.A.","Carretera Zeneta no 15,",Beniel Murcia,30130,Espagne,,,IFS Food,22.01.2026,"a Major NC was raised during the IFS Integrity On-site Check on January 15, 2026. 
 Description of the Major NC:
 Clause 4.12.2:
 “Some situations observed in the cutting area that can suppose a risk of contamination of the product:
 - Presence of rust and condensation on the ceiling above open products (cutting area).
 - Presence of dirtiness and/or mould growth in the chest processing area.
 - Flaking paint on cooling equipment above open product in cutting area, risk of paint falling observed.”",21.07.2025,"1, 7",Locked: 22.01.2026,
35385,2759BA2F,Biscottificio Verona S.r.l.,"Via Piccinato, 4",Legnago,37045,Italie,,,IFS Food,16.01.2026,"Following the certification audit on January 13, 14, and 15, 2026, and following a preliminary technical review, the certificate is withdrawn.
 Details: § 4.13.7 Major Nonconformity
 During the field inspection of the production department, traces of pests were found, specifically Plodia silkworms on difficult-to-access overhead passages and cockroach carcasses on the flooring. These critical issues have already been highlighted in the reports of the pest management firm EKOSTAR srl over the past year (ref. technical inspection of November 18, 2025, and report of October 21, 2025), which reported exceedances of thresholds for moths (station 5T) and cockroach captures (station 15 IS).",26.03.2025,6,Locked: 16.01.2026,
36907,6.8E+07,UNION DES CAVES COOPERATIVES (UCC) Les grands vins du SAINT CHINIAN .,Route Nationale 112,Cébazan,34360,France,,,IFS Food,23.01.2026,"Major non conformity on 5.5.1:
 Wine can be sold in bulk. A flow-meter is installed but this one has nor been calibrated since 3 years. Tanks were verified but not under legal metrology system.",02.05.2025,8,Locked: 23.01.2026,
36925,55C77EC0,Zündorf & Zerres GmbH,Marktstraße 10,Köln,50968,Allemagne,,,IFS Wholesale / Cash & Carry,12.01.2026,"Closure of the location at Marktstraße 10, 50968 Cologne. The company has moved to a new location (Josef-Linden-Weg 6, 51149 Cologne). The IFS Wholesale certification audit is scheduled for 31/03/2026.",12.08.2025,1.5,Locked: 12.01.2026,
38399,15A9D6D6,Pekarna Brumat d.o.o. .,Vodovodna pot 13,Nova Gorica,5000,Slovénie,,,IFS Food,30.01.2026,"During renewal IFS audit done on28-29.01.2026, a Major has been raised under 4.13.4 requirement: During on site visit of the first audit day, seen one live rodent on the pipe near the ceiling in room which is not in use and which is placed next to the production area (on 1st floor).",25.02.2025,"5, 6, 2007",Locked: 30.01.2026,
40206,E543E61F,BODEGAS ARAGONESAS S.A. S.A.,Carretera de Magallon s/n Fuendejalon,Zaragoza,50529,Espagne,,,IFS Food,12.01.2026,"During the recertification audit, the following major nonconformity was detected in requirement 4.3.2: 
 
 During the audit, it was detected that there are labels that do not comply with the current European labelling legislation:
 - Wine Coto de Hayas Roble Tempranillo-Cabernet Sauvignon. 750ml. DO Campo de Borja. Lot 46007. On the QR link where the ingredients are listed, the ingredient Potassium Polyaspartate, applied with the stabilising product “Zenith mega”, is not indicated, in accordance with Regulation EU 1169/2011.",07.05.2025,8,Locked: 12.01.2026,
41977,76EE0B57,"ZINIO BODEGAS, SDAD. COOP.",Ctra. Cenicero s/n,Uruñuela,26313,Espagne,,,IFS Food,16.01.2026,"During the recertification audit, a major nonconformity was detected in requirement 4.3.2:
 
 Contrary to the provisions of Regulation (EU) 2021/2117, not all the ingredients added to the different wines have been included in the QR codes on the labels reviewed during the audit:
 LDM brand red, rosé and white wines from the 2024 vintage, and ZN brand red wine from the 2024 vintage. 2025 vintage ZN brand Tempranillo red wine.
 It has been verified that Z.W. is added, which according to technical data sheet 01.25 contains potassium polyaspartate, sodium carboxymethylcellulose (CMC) and gum arabic, which are not declared.",26.12.2024,8,Locked: 16.01.2026,
43249,CAD9CC95,"RABBIT Trhový Štěpánov a.s., provoz Jevíčko .",Biskupická 776,Jevíčko,56943,Tchéquie,Raben Logistics Germany GmbH,90451,IFS Food,08.01.2026,Access of auditor for performance of unannounced audit starting 7.1.2026 was denied.,03.04.2025,1,Locked: 08.01.2026,
43523,C2B4DBD3,"QUESOS LA VASCO NAVARRA, S.A. .",PI Arkinorruti Carretera Zona Industrial Oeste nº 38,Olazagutia (Navarra),31809,Espagne,,,IFS Food,22.01.2026,"During the Integrity On-site check carried out on 19th of January 2026, the auditor raised a Major NC in the requirement: 4.14.5 During the site visit, in the clean room (white area), there were boxes containing “sliced Iberian cheese” intended for packaging. The boxes (at least 7-8) were only identified with the name of the cheese, without any additional information.
 Production data such as cutting date, batch/lot number, and other product details were requested; however, they could not be located due to the lack of proper identification of the semi-processed product.
 This issue has not been considered a KO (non-conformity) under the traceability requirement, as the traceability test carried out during this IOC was satisfactory.",14.07.2025,4,Locked: 22.01.2026,
45930,59F77EF1,AZIENDA AGRICOLA FIANO GIROLAMO Ditta individuale,LOCALITA' CONOCCHIOLA 338/B,LUCERA (FG),71036,Italie,,,IFS Food,15.01.2026,"During the technical review of the audit documentation, the following finding was classified:
 
 Requirement 4.13.4 – A bird nest was found inside the processing warehouse; however, it was not located above the sorting and packaging line. No signs of infestation or presence of birds were detected.
 This finding is to be considered Major non-conformity.",20.12.2024,5,Locked: 15.01.2026,
46327,2F2D0430,Juan Aulet Torrent SL,C/ Arrabal nº37,Anglés (Girona),17160,Espagne,,,IFS Food,26.01.2026,"In the audit carried out by OCA GLOBAL on January 20, 21 and 22, 2026, a MAJOR nonconformity was raised against requirement 4.9.1.1 with the following description: 
 
 The internal surfaces of the walls are well maintained: cement and sandwich panels (no tiles). The floors do not compromise product safety: concrete and resin. Drainage does not compromise product safety. Process wastewater: the floors have adequate slopes. The windows are protected. The internal and external doors are kept in good condition. The external doors to open product areas are not opened during production periods.
 
 NC: Upon entering the facilities, there is evidence of water in chambers 1, 2, 3 and 7 due to water entering through the ceilings, as it was raining outside and these chambers are not completely insulated.
 
 Although some pallets with meat raw materials and auxiliary raw materials remained in these affected chambers, they were protected by packaging. At the time of the visit, the company was transferring all the pallets to other chambers in good condition, where there was no evidence of water ingress. No obvious risk to the food safety of the products has been observed as they were fully protected and there is no evidence of a break in the cold chain.",26.03.2025,1,Locked: 26.01.2026,
46757,F9AB7588,PRECOCINADOS GORENA SL,POL TXIKIERDI PAB 4-5,USURBI-GUIPUZCOA,20170,Espagne,,,IFS Food,26.01.2026,"Requirement 4.3.2 
 During the audit, it was noted that one distribution product label omits an ingredient (olive oil) present in a compound ingredient (fried onion), in non-compliance with Regulation No 1169/2011 on the provision of food information to consumers. 
 The audit was done by other CB",28.03.2025,7,Locked: 26.01.2026,
51961,4B696A20,CAMPOTEJAR DEL SEGURA Nº9843 S.A.T,"Ctra. De Fortuna km.7, El Fenazar",Molina de Segura (Murcia),30509,Espagne,,,IFS Food,16.01.2026,"During the recertification audit, the following KO and major nonconformity were detected: 
 
 KO requirement 5.11.3.: - No corrective actions have been documented or implemented as a result of the deviations detected in the certification audit carried out in February 2025.
 - No corrective actions have been documented or implemented for the deviations identified in the internal audits carried out throughout 2025.
 - During 2025, the company handled a total of 39 customer complaints, of which 8 remain unanswered and 2 have incomplete reports, with no evidence of root cause analysis or definition of corrective actions, responsible parties, and deadlines.
 - No corrections or corrective actions have been documented or implemented following the breakdown of post-harvest treatment equipment, despite the potential impact on the process and product safety/quality.
 Evidence shows that the company does not ensure the formulation, documentation, or timely implementation of corrective actions for detected deviations and non-conformities.
 
 Major nonconformity 5.3.2: The post-harvest treatment for citrus fruits is dosed using a drencher, in which the display for controlling the dosage of water and post-harvest products is faulty. Therefore, the treatment is carried out using an approximate estimate of the volume of water, using a metal bar with manual markings made with a marker pen, without a validated or calibrated measurement system.
  Post-harvest products are dosed using an uncalibrated plastic jug and a scale, with no evidence of verification or calibration.
 In the 2025-2026 Campaign recommendations document, signed by L.V.B., technical manager of the commercial department of the company Agroxxx, with ROPO number: AS10460000887, a recommendation is made to use a dose of 0.5–0.6 L/hl, as also indicated in the product data sheet dated 07.07.2021, ver. 21.
 During the audit, a dosage of 4 L of Actiseal 7.5% Imazalil was observed in approximately 500 L of water, with no evidence of treatment validation or adjustment to the supplier's recommendation (0.5–0.6 L/hl), using a substance subject to MRL.
 Products are rinsed after this treatment before being packaged.
 There are no records available to demonstrate systematic control, validation, or repeatability of the dosage parameter",26.03.2025,5,Locked: 16.01.2026,
52267,7F04B810,"Syros nv, site Wingene .",Gravestraat 9/G,Wingene,8750,Belgique,,,IFS Food,30.01.2026,"Major 2.3.9.4 : Deviation: the logging of the freezer shows that the freezer temperature in the period from 4/7/2025 to 5/8/2025 is around -17.5°C. There are a few alarms registered and actions are taken but only above -16°C. Further investigation shows that the alarm is set at -16°C (180 min). This deviation is noticed at 29/7/2025 and action has been taken at 5/8/2025 by lowering the temperature setting. No temperature measurement of the goods is demonstrable in the period of 4/7/2025 – 5/8/2025 to show compliance to RD 5 December 1990.
 Major since this is a repeat of the deviation on requirement 2.3.9.4 (score D) of last audit, namely the logging of the freezer is managed by a calibrated sensor inside the freezer. The logging of the freezer shows that the average freezer temperature is between -17,5°C and -18°C.",30.04.2025,"5, 7",Locked: 30.01.2026,
52443,A8A818B4,Merlini S.r.l.,"Via dell'Industria, 3",Sommacampagna (VR),37066,Italie,,,IFS Food,23.01.2026,Outstanding Payments,10.11.2025,5,Locked: 23.01.2026,16.09.2026 - 17.09.2026
53260,76935F12,Cavas J Hill SL,Bonavista/nº1,Moja (Olèrdola),8734,Espagne,,,IFS Food,26.01.2026,"KO_2.3.9.1:
 The company has defined CCP2 as the control of the rinse water pressure for empty glass bottles prior to filling, with a monitoring frequency at the start of production, middle, and at the end of the process. This control is performed through inspection of the pressure gauge of the empty bottle rinsing equipment and applies to both empty still wine bottles and empty sparkling wine bottles.
 During the on site plant inspection carried out on 22-01-2026, it was observed that the bottle rinsing equipment was not in operation due to a breakdown, therefore the empty bottle rinsing was not being carried out and, consequently, the corresponding CCP2 control was not carried out. [product being filled: sparkling wine – cava, tirage CB13GSCBECO].
 The company has neither implemented nor documented any corrective action related to this incident.
 Several process records were reviewed in order to determine when CPP2 control has not been performed. The following evidence was obtained from the review of the available records:
 - The “Breakdowns and Repairs Register” (R10 P4), in which equipment failures must be recorded, was reviewed. It was determined that the breakdown of the empty bottle rinsing equipment is not recorded, therefore it is not possible to determine the exact start date of the breakdown through this register.
 - The R03 P09 “Line Control” record, under the Maintenance Activities Register section, which includes daily checks before and after use of the equipment in the tirage area, including the bottle rinsing machine, was reviewed. For 22-01-2026, the bottle rinsing machine status is recorded as “OK before use”. For 21-01-2026, the bottle rinsing machine is recorded as “OK before use” and “OK after use”. Therefore, it is not possible to determine the exact start date of the breakdown through this register.
 - The CCP2 monitoring record R04 P03 “Internal Bottle Cleaning Check” was also reviewed. This review confirmed that no CCP2 monitoring records are available for either 21-01-2026 or 22-01-2026. Complete and compliant records, including rinsing pressure values greater > 2 bar and monitoring frequency, are available for 20, 19, 16 and 15-01-2026.
 Based on the analysis of the records reviewed, it is concluded that the empty bottle rinsing equipment has been out of order since 21-01-2026, and that CCP2 monitoring has not been performed since that date, meaning that this Critical Control Point has been out of control since then. The products manufactured on this line since 21-01-2026 correspond to sparkling wine: cava, tirage CB13GSCBECO.
 During the two audit days, the company continued filling the product (sparkling wine – cava, tirage CB13GSCBECO), stating that subsequently, after the bottle fermentation stage, during the disgorging and expedition liqueur dosage stage, all sparkling wine bottles are inspected by the CCP3 optical inspector. This equipment allows the rejection of bottles containing foreign bodies larger than 4 mm, according to the annual verification report issued by the equipment manufacturer (AICxx, report ref 2482-2025 04-08-2025).
 However, this additional control measure is not applicable to still wine bottles, as these do not pass through the disgorging stage and are therefore not subject to CCP3 control.
 Finally, it is considered that the existence of an additional CCP3 control for sparkling wines at the disgorging stage does not compensate for the absence of CCP2 control since 21-01-2026, as, according to the company HACCP document R02 P3, revision 17, CCP2 applies to all manufactured products, including both still wines and sparkling wines.
 -------
 KO_5.11.3:
 With regard to corrective actions, it has been detected that:
 
 * Certain deviations from the previous external audit are repeated (6 out of 20):
 - 3.3.3 In this audit, there is no evidence of an evaluation of the effectiveness of some of the training courses carried out, for example, the training of the Human Resources Manager on October 27, 2025, on IFS requirements and training, and the training of the Line Manager on cleaning verification carried out on October 1, 2025.
 - 4.12.7 During the inspection of the finished product warehouse, a forklift with a broken light was detected again, without this having been identified in the fault log or in the inspection of breakable plant components.
 - 4.13.4 Non-compliances were detected in the pest control company's reports, very similar to those detected in the previous year's audit (it is not possible to show the monthly check of the status of EFKs, in some monthly visit reports the status of each rodent bait is not reported in detail individually).
 - 4.14.6 For the subcontracted warehouse supplier Montx, the current version of the safety agreement is not available—agreement signed on 03-22-2022—which establishes temperature-controlled storage conditions that no longer apply.
 - 4.15.7. In the case of the transport provider GLX, there is no signed transport agreement, and in the case of the provider Montx, there is a signed agreement that is not the current version and that refers to temperature-controlled transport conditions that no longer apply in the company.
 - 4.17.4 Two rusted elements of the installation were detected that had not been detected in the plant inspection (the motor of the xampagel outlet lifting arm and the motor located at the outlet of the sparkling wine bottle neck cooling equipment). 
 
 * During this audit certain deviations are repeated compared to the results shown in the internal audit carried out by the company on November 13 and 26, 2025, although they are documented and closed in the Excel file for monitoring corrective actions: 
 - 3.3.3 related to the evaluation of the effectiveness of training actions.
 - 4.4.6 related to the approval of outsourced storage providers
 - 4.5.3 related to a documentary error in the control record for product batch R03P03
 - 4.14.6 related to contracts with external storage providers
 - 4.15.7 related to contracts with transport providers
 - 5.4.1 related to the lack of evidence of external calibration of some equipment
 
 * No corrective action has been documented for the NC KO of this audit related to requirement 2.3.9.1 and the lack of control of CCP2.",03.04.2025,8,Locked: 26.01.2026,
54693,C220B3F1,EIFEL SASU,9 rue du Château d'Eau,VIGNOLS,19130,France,,,IFS Progress Food,15.01.2026,"4.12.2-Major 
 It was observed in several areas of the site that products in the process of being manufactured are not protected from physical contamination:
 - red fruit packaging line: rolls of glass wool are stored without protection on a walkway above the line, and pallets of wooden crates with staples are stored in the area
 - cooked chestnut workshop: peeled chestnuts are stored in openwork racks, which are placed on badly damaged wooden pallets with splinters that could end up in the racks
 - Cooked chestnut workshop: the plexiglass casing on the lower part of the packaging dosing machine shows signs of cracking, which have not been identified, while empty cells pass underneath
 - At the same level, a neon light is not properly secured and is held in place by an elastic band, and cable supports are poorly secured, with a broken cable tie that could fall off.
 - At the same level, employees have positioned a small device with a broken base, which could generate plastic foreign bodies in the trays.
 - Chestnut net packaging line (with shells): broken plastic straps are present upstream of the net packaging, so pieces may be present in the nets.
 
 5.5.2-Major
 The quantity monitoring system is not under control: self-checks are carried out as part of quantity control monitoring, but without taking into account the requirements of the DGCCRF's guide to good practice concerning metrological self-checks (July 2014):
 - Weight checks on punnets of red berries: 1 punnet weighed every 30 minutes, regardless of batch size
 - Weight checks on vacuum-packed bags of peeled chestnuts: 20 bags per trolley checked, 80 bags in total, with the batch deemed compliant if less than 10% non-compliant, without specifying the weight defined as non-compliant
 The scales for chestnuts have the following specifications: max 6.4 kg / min: 0.04 kg / e = 0.002 kg, for weighing products of 100g and 200g (the guide specifies that for a nominal quantity of 200g, e must be 1g, i.e. 0.001 kg). The metrology logbook for the scales used, serial number 83411552787, certificate T7871, shows that they were checked on 17 April 2025, with the previous check dated 6 October 2022, and procedure FP4-P1 ‘Metrology Management’ v3 of 28 April 2025 does not specify the procedures for internal verification of scales.",30.07.2025,5,Locked: 15.01.2026,
54985,FCCA8231,"International Paper Company, Inc. International Paper Company, Inc.",1201 West Lathrop Ave. P.O. Box 2725,Savannah,31402,États-Unis d'Amérique,International Paper,38197,IFS PACsecure,07.01.2026,plant is closed,17.07.2025,3,Locked: 07.01.2026,
55628,FA640996,Easyfood A/S,Albuen 39,Kolding,6000,Danemark,,,IFS Food,19.01.2026,"During the audit completed on site on 14/01/2026 to 16/01/2026 the following Major NCs was identified at requirement 3.3.2:
 Several cases of inadequate training:
 1: It was observed how an employee at line 3, when performing the metal detector test, was handling the packed product in an unhygienic manner like picking them up from the floor or placing them on the edge of the waste bin, before putting them back on the line.
 2: In the warehouse, several pallets have not been labelled with an allergen-sign as required by internal procedure. The site explains that this was because the employee was new in the job. The name on the label (whey protein) however, did indicate that the raw material contained an allergen.
 3: During the traceability test, only one of two batches of the sausage used in the product picked for traceability was identified by the traceability team. This means, that the traceability team did not identify all relevant raw material batches used. The site explains that this was because the people involved were new to the traceability system. 
 4: The cleaning of the ice machine must be done twice per week but was not recorded between the 03.10.2025-07.11.2025. The site explains that the person who had done the cleaning was only interim for this task.
 5: The metal detector at line 1 did not correctly reject the non-ferrous test body twice when the test was demonstrated during the audit. The employee explained that it was acceptable if it would at least be rejected the third time. This is not according to internal procedure (I24.01 v. 35 dated 01.07.2025).",27.01.2025,"6, 7",Locked: 19.01.2026,
58108,BAB56AD4,Andip 92 - Andrey Pavlov - Andreana Pavlova ET,"""Mominsko shose Str.""",Asenovgrad,4230,Bulgarie,,,IFS Food,30.01.2026,The company has temporarily ceased the activities of sorting and packing of eggs due to an influenza outbreak in the owned laying hens farm placed in the same plot and supplying the packing site. The company is currently implementing actions to correct this situation and be able to re-start operation.,27.11.2025,3,Locked: 30.01.2026,
59002,25B8AAA2,"Kolwas Andrzej, PRZĘDSIEBIORSTWO TRANSPORTOWO-SPEDYCYJNO HANDLOWE KOLTRANS .",ul. Partyzantów 12,Leszno,05-084,Pologne,,,IFS Logistics,13.01.2026,No payment for the audit done,05.01.2026,"1.10, 1.6",Locked: 13.01.2026,
60922,DFA6671E,HUGO WAFELS S.A./N.V.,"Rue de l'Atelier, 6",TUBIZE,1360,Belgique,HUGO WAFELS S.A./N.V.,1360,IFS Progress Food,28.01.2026,"Major non-conformity raised on requirement 5.10.4
 Recurring deviation observed in the following areas:
 - poor knowledge of fresh butter receiving temperatures;
 - weight checks in the packaging area not carried out in accordance with regulations, even though this issue had already been raised during previous external audits and also during internal audits.",04.03.2025,6,Locked: 28.01.2026,
66022,5F19F390,"MANUFACTURAS Y SERVICIOS AGRICOLAS, S.L S.L","CTRA NUEVA 22 HOYA (LA), LORCA MURCIA",LORCA (MURCIA),30816,Espagne,,,IFS Food,15.01.2026,"During the IFS Food v.8 audit performed from 12/01/2026 to 14/01/2026 was detected 1 Major No-conformity. Requirement 4.3.2. Description: During the audit, various labels corresponding to products manufactured and marketed by the company were reviewed. Legal non-compliance was detected in the mandatory information provided to the consumer (Regulation 1169/2011 and Regulation 2023/2429), revealing deficiencies in the system for creating and validating labels prior to the start of customer orders and in the verification of the product prior to manufacturing and shipment.
 Specifically, the following non-compliance was identified:
 1. On several labels reviewed during the audit, the identification of the party responsible for marketing was incorrect. The name of the client, AGROJILOR, S.L., appeared alongside the address of the handling center, MANUFACTURAS Y SERVICIOS AGRÍCOLAS, S.L., creating ambiguity regarding the operator responsible for the product placed on the market (in no case did any other clarifying information appear, such as the RGSEAA of the handler or ""manufactured by:"" and ""manufactured for:""). Examples: 12 x 500g pack, lot: delivery note 25104, category I, origin: Spain; 500g pack, lot: 0305, category I, origin: Spain…
 2. On some of the labels above, the indicated GGN number does not correspond to the marketing client, but to the company's previous GLN (8438001296009, which is now repealed), when it should indicate the current GGN of the client responsible for marketing (4069453059757).
 3. On the labeling of the 500g broccoli pack, lot 1301 CC13E1823, the product's commercial category (Category I) is not indicated, which is mandatory information for the marketing of fresh fruits and vegetables.
 These non-compliances affect legally required information, with a direct impact on product conformity and providing accurate information to the consumer.",10.03.2025,5,Locked: 15.01.2026,
66482,114C5212,Simmental Switzerland AG,Ansmatte 34,Oey,3753,Suisse,Elsa Group SA,1470,IFS Food,16.01.2026,"Elsa Group SA Molkerei Diemtigtal and Simmental Switzerland AG have merged. A new customer has been created in the database: Elsa Group SA, Standort Oey",10.02.2025,4,Locked: 16.01.2026,
67860,AF35373C,MAISON LECOUFFE SARL,Chemin du Halage - La Crèche,BAILLEUL,59270,France,,,IFS Food,16.01.2026,"KO: Item 4.18.1
 Libellé : Lors de l’audit du stock emballage, il a été constaté que les actions correctives qui devait être mise en place suite à la déviation 4.14.5 identifiée lors de l’audit IFS Food v8 précédent, pour améliorer la gestion FIFO des lots emballages n’avaient pas été mise en place de façon complètes et efficaces (plusieurs référence emballage sans l’étiquetage de la date de réception nécessaire pour gérer le FIFO) et fichier d’enregistrement des n° lots de lots sortie du stock emballage par la production parfois incomplet (exemple : fichier du 23/12/205 : filet 5kg et Filet kg – n° de lot non renseigné).
 Le système de traçabilité actuel des emballages n’est pas géré de façon rigoureuse.
 De plus, lors du test de traçabilité sur le produit « Pommes de terre frites FQC – variété Otolio – DPack 2 kg – Lot 343/1/1 – A06, il a été constaté les points suivants :
 - Traçabilité du bandeau imprimé FQC frites : le n° de lot écrit à la main 2025 09 340 n’a pas permis de retrouver rapidement la date de livraison de la marchandise. Après recherche auprès du fournisseur Filpack, le n° de lot qui aurait été livré était le 2025 09 3000
 - Traçabilité du filet FQC frites : le n° de lot écrit à la main 676961 n’a pas permis de retrouver rapidement la date de livraison de la marchandise, ni le bon de livraison ou la facture du fournisseur Filpack. Des recherches auprès du fournisseur pour essayer de retrouver la traçabilité de l’emballage ont été engagées par l’entreprise durant l’audit, mais toujours pas présentées à l’auditeur.
 La totalité des informations demandées dans le cadre du test traçabilité n’ont pas pu être récupérées et vérifiées dans un délai de 4 heures. La durée de vérification des résultats du test a été plus doublée par rapport au planning prévu.
 
 NC Majeure: Item 5.6.5
 Libellé : L’entreprise réalise le lavage et le rinçage des pommes de terre à partir d’une eau de forage. L’eau de forage utilisée pour le lavage est recyclée via un réservoir et réutilisée après une phase de décantation. L’eau de forage recyclée peut être réutilisée pendant plusieurs semaines pour le lavage des produits. Lors du contrôle de la qualité de l’eau de forage du 24/11/2025, réalisée par le laboratoire Flandres Analyses, plusieurs critères ont été identifiés comme non-conformes : E. coli (incomptable), coliformes totaux (incomptables), entérocoques intestinaux (5) estimé, ammonium à,34 ppm (LMR : 0,1 ppm).
 Ces résultats non conformes n’ont pas été évalués dans un délai convenable (7 semaines écoulées depuis la réception de l’analyse) par du personnel compétent et aucune correction immédiate a été mise en place, ni pour vérifier la conformité des résultats d’analyse, ni pour vérifier l’impact sur les procédés et les produits finis fabriqués depuis le 24/11/2025. Le résultat d’analyse précédent sur l’eau de forage réalisé le 29/09/2025 était conforme sur les mêmes critères microbiologiques et déjà en dépassement sur le critère ammonium.
 L’eau de forage étant utilisée pour le rinçage des produits, la contamination microbiologique des produits finis est donc possible, d’autant plus que cette même eau est utilisée pour l’étape de lavage en étant recyclée et réutilisée pendant plusieurs semaines.",13.03.2025,5,Locked: 16.01.2026,
68301,26A77006,"PRODUCTOS LA FEA, SL","Calle Pascual Martínez, 37,",REDOVAN (ALICANTE),3370,Espagne,,,IFS Progress Food,20.01.2026,"5.3.1 - Major
 
 The company manufactures products intended for the end consumer, including the net weight indication on the label. To monitor this weight, a scale is used; however, it has not been metrologically verified by an authorized verification body.",10.03.2025,6,Locked: 20.01.2026,
69801,6DC658F9,Colusso Industriedienstleistungen GmbH,Im Duvenanger 6,Hameln,31785,Allemagne,,,IFS Food,19.01.2026,"Corrective measures were not implemented as soon as possible
 to prevent the recurrence of non-conformities. E.g.
 a) The internal audit was carried out in great detail on 17 December 2024 /
 25 March 2025. A total of 33 deviations were identified. 19 deviations
 have been addressed, while the remaining 14 deviations are still open.
 Furthermore, no root cause analyses, corrections, or corrective actions
 were performed for the identified deviations.
 b) On 22 February 2024, an inspection by the competent authority was
 conducted, during which a total of 3 mandatory requirements and 7
 recommendations were issued. On 13 March 2024, an email including
 photo documentation of the actions taken in relation to the 3 mandatory
 requirements was sent to the authority. The recommendations were
 neither evaluated nor addressed in a risk-based manner by the
 company.
 Recommendation No. 7 – missing cover of the smoke detector above
 bulk materials (production room 2).
 c) Furthermore, customer complaints were reviewed. For example: Missing
 best-before date, complaint number 2025-11, dated 22 October 2025.
 A response to the customer was provided on 23 October 2025;
 however, no complete root cause analysis or corrective action was
 carried out. For complaint 2025-08 regarding labelling errors (mix-up of
 labels), a 4D report was prepared on 25 September 2025. The
 corrective action was not implemented in a timely manner. Training is
 planned for January, however, the defined timeline for the training was
 not justified on a risk-based approach.",02.07.2025,"6, 10",Locked: 19.01.2026,
70262,FD199BE0,Damak Food Sp.zo.o.,Al. Krakowska/66,Grzędy,05-555,Pologne,,,IFS Food,30.01.2026,"Due to repeated withdrawals reported by the client, the certification body decided to conduct a special audit, which took place on October 18, 2025. As a result of the special audit, KO and MAJOR non-conformities were identified, and the certificate was suspended.",29.01.2026,1,Locked: 30.01.2026,
70598,AE0B0EEF,Elsa Group SA Molkerei Diemtigtal .,Ansmatte 34,Oey,3753,Suisse,Elsa Group SA,1470,IFS Food,16.01.2026,"Elsa Group SA Molkerei Diemtigtal and Simmental Switzerland AG have merged. A new customer has been created in the database: Elsa Group SA, Standort Oey",10.02.2025,4,Locked: 16.01.2026,
71916,1E1D6B84,Dhagrameat BVBA,Nijverheidslaan (M)13,Moen,8552,Belgique,,,IFS Food,16.01.2026,"Audit from 13 to 15 January 2026: major non-compliance with point 4.14.3.
 The high alarm for the freezing installation is set at -16 °C, which does not guarantee that the legal storage temperature for frozen products (< -18 °C) is maintained at all times. Rapid detection of temperature exceedances is therefore not sufficiently guaranteed. This indicates a process that is not under control and may have an impact on food safety.",28.02.2025,1,Locked: 16.01.2026,
72313,7BC2C4E4,De Jong's IJs B.V.,Skipmakker 2,JG GORREDIJK,8401,Pays-Bas,,,IFS Food,16.01.2026,"As of today (16.01.2026) Certima BV withdraw the certificate number IFS - 01473 of client De Jong´s IJs B.V., Skipmakker 2, 8401 JG Gorredijk, Netherlands, COID: 72313.
 Reason: Company De Jong´s IJs B.V. had an IFS Integrity onsite check on 14.01.2026. During the onsite check a KO nonconformity was observed and raised by IFS IP auditor.
 
 KO on 4.18.1:The company has a process control sheet that is used for the processing and filling of the ice. This includes start up and end of production check and includes the check of the CCP filter. Also batch numbers of the packing material and added ingredients prior to filling have to be registered. In 2 cases the form was not completely filled in and additional check was not finalized:
 
 15-aug-2025 product Boerenjongens: end of production was not filled in (including CCP filter) and batch numbers for packing material and ingredient raisin/rum was not filled in. For the ingredient also the BBD was missing.
 
 22-oct-2025: High protein ice: batch number of the packing material was missing and the temperature of the product was 18,8°C. This is a CP and should be below 7°C. This is possible a mistake but not corrected.",16.08.2025,4,Locked: 16.01.2026,
72448,B619EC54,Embotelladora Metropolitana S.A. (Planta Santiago),Dirección Parinacota 340,Quilicura,-,Chili,,,IFS Food,19.01.2026,"On Jan. 06, 2026, the Quality Manager (E.C.) informed the company has finished its activity and will open another facility in a new address. The last production was performed on Dec. 16, 2025.",30.09.2025,8,Locked: 19.01.2026,
73460,03A22BCF,Van Caem's Transporten B.V. | Willems Logistics Waalwijk B.V.,Spuiweg 16,Waalwijk,5145 NE,Pays-Bas,Transportbedrijf A. Willems en Zonen B.V.,5447PE,IFS Logistics,19.01.2026,"Withdrawal of the certificate due to the collapse of the roof, which has stopped production at this location",07.08.2025,"1.10, 1.11, 1.4, 1.8, 2.3, 3.1, 3.2, 3.3, 3.4, 3.5, 4.1, 4.12, 4.3, 4.6",Locked: 19.01.2026,
73870,7D238D89,Grafiche Tintoretto srl,Vicolo Verdi 45/47,Villorba (TV),31020,Italie,,,IFS PACsecure,22.01.2026,IFS PACsecure certificate suspension due to unpaid invoices of 2025 audit,24.08.2025,3,"Locked: 22.01.2026, Unlocked: 23.01.2026",
75872,40220F7D,DYAD - Bâtiment A et D .,Rue Voltaire - ZI des Près Loribes,FLERS EN ESCREBIEUX,59128,France,,,IFS Food,14.01.2026,"Item : 5.5.1
 During the first day of the audit (visit to the packing room with manual filling), the absence of weight control for the finished product was noted: box of 6 milk chocolate marshmallow bears 69g LCDF brand.
 The company implemented a weight control with a scale under legal metrology for the products concerned on the 2nd day of the audit (control of 10 boxes / hour) and the controls dated 14/01/2026 checked are satisfactory (weight records and scale tickets were seen).",04.03.2025,"6, 10",Locked: 14.01.2026,
75962,4869E617,Tradicijski sirevi d.o.o.,"Valenta Morandinija 23, Šenkovec",Čakovec,40000,Croatie,,,IFS Food,08.01.2026,Company did not pay the invoice of the audit since months even we have sent several reminders. That decision had to be made due to not paid invoice.,25.04.2025,4,"Locked: 08.01.2026, Unlocked: 12.01.2026",
76356,AD663DF2,ERIPAC SAS,39 ROUTE DE LA CROIX LABERT,SAINT JULIEN DE CONCELLES,44450,France,,,IFS Food,16.01.2026,"KO item 4.1.3
 Checks on a recipe for a fourth-range mesclun/rocket/chervil salad for a private label brand show that the recipe was not followed in three batches. There was a complete absence of rocket in the mixture in the following three batches:
 - 364Z5004D30 packaged on 30/12
 - 002Z5004102 packaged on 2/01/26
 - 009Z6004109 packaged on 9/01/26
  
 The site specified that, in the absence of rocket of the required quality , it was decided, in agreement with the customer, to pack the mixture without rocket, while using the mixture labelling indicating the presence of rocket (rocket depicted in a photo on the pre-printed bag and declared in variable proportions in the product composition).
 The bags indicates the Eripac packer code.
 The products packaged in this way have a misleading statement within the meaning of Regulation 178/2002, Articles 8 and 16.",14.03.2025,5,Locked: 16.01.2026,
76426,EA62744E,PEGRI - SCHLACHTHOF sa,"Alte Aachener Strasse, 15",Saint-Vith,4780,Belgique,,,IFS Food,16.01.2026,"Unannounced audit from 13 to 15 January 2026: major non-compliance with point 4.9.4.1.
 Defects (traces of rust, peeling paint, etc.) on several components (suspension rails, refrigerator evaporators, ceiling beams). Risk of contamination of carcasses and
 naked quarters passing through these suspension rails.",26.02.2025,1,Locked: 16.01.2026,
76658,F16DD022,ZOLVE ESPAÑA - LOGISTICA Y TRANSPORTE (SITE GRANADA) SAU,C/ Cádiz Manzana 7 parcelas 1-7 12-13,Fuente Vaqueros (GRANADA),18340,Espagne,,,IFS Logistics,26.01.2026,"During the on-site audit performed on 23 January 2026, a major non-conformance (NC) was issued against IFS requirement 4.7.1.4. 
 During visits to chambers A, B and C, findings were observed that pose a risk to the stored product. In Chamber B, there was a puddle reaching a depth of 3 cm next to the wall at position BA093. The product delivered by client XXXX consists of a trolley with various fresh supermarket products stacked and not fully packaged, destined for the XXX site. In Chamber A, a significant amount of ice was observed on products that had not been identified as non-conforming. The presence of ice on the ceiling of this chamber had already been identified during the previous audit. In Chamber C, a leak was observed with water actively dripping at the time of the visit.",07.05.2025,"1.1, 1.2, 1.3, 1.4, 1.8",Locked: 26.01.2026,
76923,7.8E+07,CILER s.r.o.,Mostová 113,Mostova,925 07,Slovaquie,,,IFS Food,30.01.2026,"On 27 JAN 2026 an Integrity On-site check was carried out at the company CILER s.r.o. - COID 76923.
 In this Integrity On-site Check, two Major non-conformities were identified against the following IFS-Food v8 requirements:
 
 - 4.2.1.5_ Claim “country of origin of flour Slovakia” is used on packaging of product Zemiakové lokše 400g own brand Maťko a Kubko. Last production of this product was on 09 DEC 2025 for one retailer, flour from Hungary was used. As all these products are distributed by broker, specification or contract with retailers were not available and it was not possible to evaluate, if this claim is customer requirement acc. to requirement 4.1.3 of the IFS Food standard. 
 
 -4.3.2_Labeling for three products (Zemiakové lokše 400g private label, Zemiakové lokše 800g private label, Zemiakové lokše 400g 80% potatoes own brand Maťko a Kubko) do not contain information about protective atmosphere use as required by Regulation (EU) 1169/2011, Annex 3.",03.12.2025,6,Locked: 30.01.2026,
77437,191AFFCB,STORK Sp. z o.o. Sp. K.,Spółdzielcza 8,Grębocin,87-122,Pologne,,,IFS Logistics,27.01.2026,"NC – 5.9.2
 
 During the audit, the KO rating for requirement 5.9.2 was raised due to the lack of effectiveness of the actions taken for the following standard points. Corrections and corrective actions were not properly implemented for 7 deviations.
 - 1.3.1 - Ineffective action: Failure to provide a management review
 - 2.1.1.1 - Ineffective action: The customer's requirements (NZP) communicated to warehouse employees are not related to the contract, and a date for their implementation cannot be established
 - 3.1.1 - Ineffective action: The responsibilities of the Quality representative were not communicated to the warehouse manager in a documented form. 
 - 3.2.2 - Ineffective action: In 2025, a cup was found in the storage area. During this audit, a jar was observed left next to the sink in the storage area.
 - 3.3.1 - Ineffective action: No training program developed for 2025 and 2026.
 - 4.3.1 - Ineffective action: Allergen equipment is labeled but not separated.
 - 5.2.1 - Ineffective action: No risk assessment presented for the warehouse inspection",16.10.2025,"1.10, 1.6, 3.3",Locked: 27.01.2026,
77771,AFE6B67B,KOYASAN FOODS PENINSULA S.L.U.,"CL ALBUÑÁN, 5",GUADIX,18500,Espagne,,,IFS Food,30.01.2026,"During the audit performed on 26th January 2026 to 29th January 2026, it was detected a KO under the requirement 2.3.9.1.
 
 KO 2.3.9.1.
 During the site visit on the first day of the audit, on January 26, 2026, the following was observed:
 1. The passage of the metal detectors through the ""salmon poke"" dish (batch G026-1) was not recorded on the tablet designated for CCP control. The person in charge stated that ""it happened around 8:30 but it wasn't recorded,"" even though production started at 6:30. During the review of the record at the time of detection, 9:37, that time was recorded in the table App.
 2. After some time, the area is revisited to verify the next metal detector control of the same salmon poke line. It is evidenced that at 10:36, the passage of witnesses has not been registered. Packaging continues without passing the witnesses and without registering it after the control guideline established in the document Preparation of ingredients and preparation of salmon poke v9 dated 20.11.2025, which indicates that the control of CCPs with the witnesses is done at the beginning, end of production of the dish and every two hours.",07.04.2025,7,Locked: 30.01.2026,
78161,"0,00E+00",Companyia General Càrnia S.A.,"Calle Longitudinal, 7, 1",Barcelona,8040,Espagne,,,IFS Food,16.01.2026,"During the Integrity On-site check carried out on 14th of January 2026, the auditor raised a Major NC in the following requirement: 4.10.2 During the plant visit, the area designated for the cleaning and disinfection of knives was inspected.
 The company has established a work instruction for knife washing (I04PPR02), which specifies that knives must be washed at a temperature of 86 °C.
 In accordance with Regulation (EC) No 853/2004, Chapter III, tools used in cutting rooms must be cleaned and disinfected at a temperature not lower than 82 °C, or by applying an equivalent treatment.
 However, during the visit it was observed that the operator was washing the knives using only lukewarm water, at a temperature significantly below (41°C) that required by the applicable legislation.
 When the operator was asked about the applicable work instruction, he stated that they were not aware of it.",24.06.2025,"1, 7",Locked: 16.01.2026,
79488,E07592E2,Morski Ribolov -Nesebar OOD,Zapad 5,Nesebar,8230,Bulgarie,,,IFS Food,16.01.2026,"During last audit on 12-14/01/2026 2 Majors raised. 2.3.8.1 Major: The company carries out cold smoking of fish,
 which includes two stages of product exposure at temperatures ≤35°C for approximately 12 hours each. This results in a prolonged period during which the product remains within a temperature range that may allow the growth of pathogenic microorganisms. The company has defined product moisture content (",07.03.2025,"2, 7",Locked: 16.01.2026,
81104,5B7F1159,Pasta Fresca GmbH,Glockenstraße 14,Düsseldorf,40476,Allemagne,,,IFS Progress Food,29.01.2026,The company has terminated the contract for IFP certification as of 27 January 2026.,24.06.2025,"6, 7",Locked: 29.01.2026,
81131,8DA28AB4,Inclusief Groep B.V.,Industrieweg 47,Nunspeet,8071CS,Pays-Bas,,,IFS Food,05.01.2026,Customer closed the site,30.05.2025,"4, 5, 2006","Locked: 05.01.2026, Unlocked: 12.01.2026",15.04.2026 - 21.04.2026
81348,BD101E8E,Campo Aníbal Bakery SRL,"C/ Llauradors nº 17, Polígono Industrial Campo Aníbal",VALENCIA,46530,Espagne,,,IFS Progress Food,28.01.2026,"Major - 4.12.2: In an area of the ceiling of the proofing chamber for ""pan de agua"" (water bread), beneath which carts with already-formed loaves are placed unprotected for three hours to undergo the proofing process, the following were observed:
 Areas of the ceiling panel with rusted and deteriorated sections.
 A cover-like piece made of insect mesh with a plastic outer rim that is broken in one part.
 Loose silicone residues from an area where a fire detector had previously been installed.
 A circular vent without a protective grille (with direct access to the false ceiling).
 In the discharge area of the bucket elevator on line 1 for ""pan de agua"", there is a motor located above the conveyor belt that carries the product (dough balls) which has no protection against the falling of its components.",20.03.2025,6,Locked: 28.01.2026,
82543,324EF612,Roth Logistics GmbH,Dörflestraße 27,Wüstenrot,71543,Allemagne,,,IFS Logistics,02.01.2026,The customer has moved,26.05.2025,"1.4, 1.8, 1.9, 4.11",Locked: 02.01.2026,
83573,D96DDE5E,Olea Nuts B.V.,Escudostraat 6 g,Ridderkerk,2988CS,Pays-Bas,,,IFS Food,16.01.2026,"As of today (16.01.2026) Certima BV withdraw the certificate number IFS-01259 of client Olea Nuts BV, 
 Escudostraat 6g, 2988 CS Ridderkerk, Netherlands, COID: 83573.
 Reason: During the first day audit in period 15-16.01.2026, auditor raised Major and KO non-conformity.
 KO on 4.12.1:
 Deviation: During the demonstration of pistachio paste filling it was observed that the glass jars were picked op with fingers in the jar (no gloves were used) and there was no manually turn executed prior to filling for checking integrity of glass jars.
 Other foreign body risk, in this stage no immediate food safety risk represented: 
 Hammer with damaged wooden handle in desk used in open product area, at multi-head filling units showed debris in expansion joints of ceiling, area was dusty (slight pilling of dust is common within this industrial product category during processing) and ceiling showed slightly parts of isolation material in the expansion joints located directly above the open product, a vacuum cleaner with tape-engineering with slightly damaged parts observed. At foil roller equipment a black tape with damage and fraying observed. This area is sensitive to static effect. Also at platform intermediate level showed under a cover plate debris and pilling dust on interior environment. Disposable white towels were use, observed that these were very thin and easy breakable. At filling unit tube to fill nuts in plastic bags (2nd floor) plastic repair of tape-engineering and plastic fraying observed.
 Major on 4.10.1 :
 Deviation: It was observed during product change over from Omega-3 seeds mix into Cranberry Nature mix that there were still products from the previous run on a platform, which were not fully and correctly cleaned to prevent cross contamination with non-declared ingredients (such as: pumpkin, sunflower, chia seeds). Incompliance to NWVA labelling regulations and guidelines B2B, wholesale.
 In the Omega-3 seeds mix no other allergens were introduced. No allergen cross contamination observed. In this case cleaning activities did not represent a food safety risk.
 The pallet jacks of the fork lift to stabilise the silo were not in fully clear hygienic state, also showing remnant of previous batch (Omega-3seeds mix) which can drop into the new product fruit/nut mix.
 Besides no clear records were maintained from this in between (dry)cleaning activities and no sign off for line clearance results on preventive cross contamination/ management PRP measurements.
 Other aspect then deviation from previous audit.",09.01.2025,"5, 6",Locked: 16.01.2026,
84427,E13AC074,EXPLOTACIÓN AGRÍCOLA GUILLÉN SA,"CTRA POZO ALEDO-AVILESES, Km 5.",MURCIA,30730,Espagne,,,IFS Food,15.01.2026,"During the audit carried out on 13th and 14th of January, the auditor raised a Major NC in the requirement 5.4.2: During the audit, it could not be documented that the final weight control scale had undergone official metrological verification in the last two years, as required by Order ICT/155/2020.",19.12.2024,5,Locked: 15.01.2026,
86454,A225CE09,TRANSPORTES INTERNACIONALES ROVIRA SL,POLIG INDUSTRIAL NORTE S/N,Alginet (Valencia),46230,Espagne,,,IFS Logistics,13.01.2026,Suspension of the IFS certificate due to non payment of the certification services.,09.09.2025,1.5,Locked: 13.01.2026,
88006,9.2E+07,SICODIS SICA-SAS,475 route de Mornant,St LAURENT D'AGNY,69440,France,,,IFS Food,19.01.2026,"The complaint lodged by distributor S with the IFS services was investigated: following a shortage of customer brand labels at Sicoly, trays of cherries with labels that did not comply with the distributor's label design were placed on the market by Sicodis (a processing subsidiary of the Sicoly fruit cooperative, also responsible for marketing fresh fruit packaged by the Sicoly cooperative): labelling by Sicoly on 14 June with a label that had not been approved at the request of the sales department, then outsourcing decided by the sales entity from 17 June of the packaging to a site not approved by the customer with non-compliant packaging and labelling, without prior consultation with the customer.
 
 1-2-1 - KO Deviation - SICODIS 88006
 
 2 issues identified during the audit of Sicodis do not guarantee that all employees are fully aware of their responsibilities.
 
 1- Customer S's complaint highlights a lack of communication and consultation between the departments concerned (Sicodis sales department, Sicoly quality and packaging department), which led to unilateral decisions being taken, with the only aim of supplying the goods ordered, without taking into account customer requirements (specifications concerning packaging and private label labelling) . No prior communication with the customer to inform them of a shortage of private label labels, labelling by Sicoly with a non-compliant label at the sales department's request, then subcontracting of packaging to a site not approved by the customer with non-compliant packaging and labelling.
 
 More generally, given the complexity of the organisation and division of responsibilities between Sicodis and Sicoly in the ‘fresh fruits’ sector, to few meetings are held with all the managers concerned to ensure complete control over product compliance, while taking into account all the requirements to be met, including customer requirements.
 
 
 2- At the Sicodis processing workshop, pallets of raw materials were observed with batch numbers on the pallet labels that did not match those on the cartons (failure to identify pallets on receipt – see discrepancy 1.2.4). The production workshop staff questioned about this observation did not seem concerned, stating that it was not their department's responsibility.
 
 4.1.3 - KO Deviation - SICODIS 88006
 
 The own-brand cherry trays placed on the market from 17 June 2025 did not comply with the customer's requirements: non-compliant labelling and packaging of cherries at a site not approved by the customer. Failure to communicate in advance with the customer to inform them of a shortage of retailer brand labels and to validate possible solutions to fulfil orders.",16.02.2025,5,Locked: 19.01.2026,
88143,1D121A9E,Next Food S.r.l.,"Via Olte, 20- Fr. Baitoni",BONDONE,38080,Italie,,,IFS Food,19.01.2026,"Following the certification inspection on January 14, 15, and 16, 2026, and following a preliminary technical review, the certificate is withdrawn.
 Details: § 5.4.2 Major Nonconformity
 
 The Ebro datalogger is used to check the sterilizer's 6 infrared probes in the third module, i.e. the hot air-only section (which coincides with the CCP). In practice, when the datalogger (positioned inside the tank) is used, the probes' proper functioning and measurement uncertainty are assessed by cross-checking the temperature read by the datalogger and the probe. No records are available regarding this check during 2025, nor is the permitted tolerance for the probes considered when establishing the critical limit of the CCP.",26.03.2025,7,Locked: 19.01.2026,
88164,D1F2F2B6,Grains Noirs NG srl,Rue Joseph Schols 13-15,Molenbeek-Saint-Jean,1080,Belgique,,,IFS Food,29.01.2026,"The unannounced audit began on 29/01/26.
 The quality manager was injured and is unfit for work until 02/02/26.
 The management is facing personal health issues, which prevent them from being available.
 Given the size of the company, it was decided to cancel the audit.",11.07.2025,7,Locked: 29.01.2026,
88380,DF937F37,T.T.B. SAS,Parc d'activité ZI LA BELLE ENTREE,ESSARTS EN BOCAGE,85140,France,,,IFS Food,29.01.2026,"Due to the result of the integrity programme, in which the last two reports were reviewed, and serious doubts were raised were raised about the maintenance of the certificate:
 
 2024: the correct control of PCC2 (2.3.9.1), non-conformities regarding cleanliness, accumulation of residues in certain equipment that may pose a direct risk of product contamination (4.10.2), and no Major or KO issues were raised during the audit.
 
 About the 2025 audit, one of the deviations explains that expired leftover product is being used. 
 The issue of the declaration of origin of the almonds raises questions about legal requirements or fraud, as the labelling indicates one thing and the specification another. It would not comply with either customer specifications or labelling. This represents a KO 4.2.1.3 and a major 4.2.1.5.
 
 Cleaning issues are mentioned again, the same deviation as in 2024 should have been a major NC. 4.10.2
 As in the previous year 2024, some cases are described in which, during the audit, a direct risk of product contamination was detected, leading to NO non-conformity (Major) and also to a KO due to the repetition of deviations from the previous audit. (5.11.3) and Major in cleaning issues.
 
 Regarding the allergen deviation, if there is no validation to show that the company can avoid cross-contamination labelling, this should have been a Major, without further information. A verification analysis does not demonstrate compliance. It is unclear whether the company can rule out the presence of nut allergens after cleaning, or whether it has implemented any measures to prevent contamination.
 
 Regarding the evidence provided in the action plan confirming the need for a Major score.
 
 For 4.19.2, the evidence provided was only a proposed analysis, and the company did not understand the intent of the deviation. There was no evidence of the proposed allergy strips to be used.
 
 For all these reasons, a new audit is necessary.",11.07.2025,"6, 7",Locked: 29.01.2026,09.06.2026 - 11.06.2026
88400,5C692501,Allnature s.r.o.,Březhradská 148/3,Hradec Králové,503 32,Tchéquie,,,IFS Food,16.01.2026,"Major nonconformity to requirement 4.12.9:
 Glass fragments were found on the closing machine of the peanut butter filling line in close proximity to open jars prior to sealing. The glass breakage occurred at approximately 10:30. Following the incident, partial cleaning was carried out by production personnel.
 After this partial cleaning, production was resumed. At the time of the auditor’s observation at 11:15, the line was in operation and open jars were present on the line. No glass fragments were observed in the front part of the line or on the floor, and some glass fragments had been collected and disposed of. However, glass fragments were still found in the rear part of the closing machine, which is less accessible and not routinely frequented by personnel. This demonstrates that cleaning was not performed thoroughly and across the entire affected area.
 The glass breakage was not recorded in the relevant glass incident log and the defined procedure was not fully applied. Products and jars within the defined 2-metre radius from the breakage point were not removed, and it was not demonstrated that a complete, systematic and verified cleaning of all relevant parts of the equipment and surrounding area was performed prior to resumption of production.
 Products manufactured during the time of the incident were not immediately placed on hold. The decision to place the affected products on hold was taken by production management only following a question raised by the auditor during a management discussion on the following day.
 The company has a documented procedure for handling glass breakage incidents, including requirements for recording the incident, removing product within a defined radius and performing thorough cleaning. According to available records, personnel are regularly trained in this procedure and similar incidents were appropriately managed in the past. In this case, however, the procedure was not implemented in full and with the required effectiveness.",22.05.2025,"4, 5, 6, 10",Locked: 16.01.2026,
88563,6B4AD8B2,Omilco Export (Pvt) Ltd,Williyamulla Estate,Pannala,60204,Sri Lanka,,,IFS Food,23.01.2026,"KO against 5.11.3:
 Corrective actions taken to address the deviations identified during the last IFS audit have not been adequately implemented.
 Recurrences were noted relevant to seven of the previous deviations during this audit (Unannounced audit). They are related to;
 1. Poor practices of apron (protective clothing) usage at wet section – clause 3.2.2
 2. Inadequate door controls - emergency exit door - wet section – clause 4.9.6.2
 3. Wall damages in processing sections – clause 4.9.2.2
 4. Poor cleaning conditions in processing sections – clause 4.10.2
 5. Bird roosting issue at coconut de-shelling section – clause 4.13.4
 6. Access control issues to sensitive processing sections within the plant building – clause 4.21.2
 7. Recurrence of previous audit deviations – clause 5.11.3
 Remark: Deviations have been re-raised under respective clauses for all above issues as well.",05.05.2025,"5, 8",Locked: 23.01.2026,
88711,8C377585,Bio-Frost Westhof GmbH,Zum Westhof,Friedrichsgabekoog,25764,Allemagne,,,IFS Food,30.01.2026,"Requirement 1.2.1 – KO: 
 The company management did not ensure that employees in packaging and production were aware of their responsibilities with regard to food safety and product quality, as they did not adequately document the checks at the control points and were unable to fully explain how they were carried out (see 2.3.9.4).
 
 Requirement 5.11.3 – KO:
 Not all Corrective Actions were fulfilled in such a way as to prevent the recurrence of deviations and non-conformities. On 3 September 2025, a routine inspection was carried out by the district of Dithmarschen. Thirty deviations were identified, all of which were to be fulfilled ‘without delay’. There was no systematic, documented and rapid performance of the Corrective Actions. At the auditor's request, the company sent an email to the construction company to determine which construction measures had been fulfilled. According to the construction company, eight deviations had been rectified. No corrections or Corrective Actions were available for the other deviations, nor was a report made to the authorities.
 1) In response to a customer complaint regarding wood splinters in semi-finished goods, a promise was made to adjust the parameters of the optical sorter. It was not possible to verify that the correction and corrective action had been performed.
 2) Various corrective actions from the previous year's audit were also not worked on. These relate to deviations in standard requirement points 2.3.9.4, 3.11, 3.4.6, 4.8.2, 4.9.3.3, 4.9.4, 4.9.6.3, 4.16.1, 5.2.1, 5.5.1 and 5.6.2.
 
 Requirement 2.3.9.4 – Major:
 1) Before production begins on the packaging line, employees must carry out various control measures and document them on FB PROD 9 Line Approval VP LEH - Folding Box Line. These include checking the belts and covers, testing the checkweigher and testing the colour sorter (cardboard, blue plastic, wood). All tests were marked as successfully completed in the presence of the auditor before the line was put into operation.
  This was done even though the covers of the belts were missing and the checkweigher and colour sorter had not been checked by the employee in charge. He was unable to explain how he had checked the functionality of the checkweigher. When asked what checks had been carried out on the colour sorter, he explained that he had checked whether the device was switched on and the belts were running. He did not carry out any further checks with test specimens.
 2) Monitoring of the oPRP color sorter upstream of the blancher is documented in FB PROD 8 Line Release TK under points 3.1 (Color Sorter oPRP (Wood, Stone, Plastic)). Since November 12, 2025, there has also been a more detailed form, FB 12 Color Sorter Calibration. This oPRP was checked as part of the audit. The responsible employees stated that they had not yet carried out this test with the corresponding test specimens in this form. During this initial test, the ""stone"" test specimen was only ejected after the ejection mechanism had been adjusted. This meant that the available functions were not used to their full extent.
 In addition, the FB 12 Calibration Color Sorter had not been used on this color sorter until the time of the audit, although this is intended.
 As a result, other control measures are not monitored, recorded, and controlled according to verifiable criteria.
 
 Requirement 4.8.2 - Major:
 As in the previous year, equipment parts such as scrapers and turntables for multi-head trolleys were lying directly on the floor in various places, e.g. in the mixing room and at the multi-head weigher of the folding box line. 
 As in the previous year, some of the compressed air hose guns were lying directly on the floor in the packaging area.
 - A high-pressure lance for cleaning the blancher was wedged into a gap between the running platform and the concrete foundation at the rear of the blancher for storage.
 Downgraded due to follow-up deviation from the previous year's audit.
 
 Requirement 5.6.2 – Major:
 As a corrective action following the previous year's audit, environmental checks for listeria were carried out twice in March and July 2025. The results of the examination of the drainage channel of the blancher on 2 July 2025 showed a positive detection of listeria. Documented measures and follow-up analyses were not carried out.",12.05.2025,5,Locked: 30.01.2026,
88877,D694501F,LTS Logistik-Service GmbH & Co. KG,Gewerbepark Keplerstraße 6/ 8,Gera,7549,Allemagne,,,IFS Logistics,07.01.2026,Invoice has not been paid. Certificate will be suspended until payment is received.,05.12.2025,"1.10, 1.1, 1.11, 1.2, 1.3, 1.4, 1.5, 1.6, 1.7, 1.8, 1.9","Locked: 07.01.2026, Unlocked: 14.01.2026",
88952,4D5A451D,Fleischcenter Perleberg GmbH & Co. KG,Buchholzer Chaussee 24,Perleberg OT Quitzow,19341,Allemagne,,,IFS Food,30.01.2026,closure and discontinuation of production,30.04.2025,1,Locked: 30.01.2026,
90027,EC80E446,Zakład Przetwórstwa Mięsnego KIERAKOWICZ Adam Kierakowicz .,ul. Rolnicza 27,Sulmierzyce,63-750,Pologne,,,IFS Food,21.01.2026,Audit was cancelled based on company decision taken by 2nd day of the audit.,10.03.2025,1,Locked: 21.01.2026,
90654,462C179C,BRF S.A.,"Rua Mary Loize, 511 S, QuadraBRF lote 0001, Bairro Industrial",Nova Mutum,78.450-000,Brésil,,,IFS Food,28.01.2026,"During the current IFS Food audit done on 19.- 22. January was detected a NC at Requirement 4.9.4.1 
 Ceiling with oxidation in the MDM room, chiller, and automatic deboning area. Presence of dripping from the ceiling onto the side structure of the conveyor belt transporting trays to the Ulma packaging machine, causing splashes on the belt. There were exposed products passing on the belt at the time the dripping and splashing were checked.",19.02.2025,1,Locked: 28.01.2026,
91259,B5FAE188,"GRAZICAR - COMÉRCIO E IND. CARNES, S.A",Estrada da Ribeira S/N,Alguber,237426,Portugal,,,IFS Food,23.01.2026,"During the audit performed on 20th January 2026 to 22th January 2026, it was detected a Major non-conformity under the requirement 4.19.3.
 
 Major non-conformity 4.19.3.
 
 The company has not been able to demonstrate that the system implemented to ensure that allergen information is transmitted correctly and in accordance with legal requirements is effectively in place.
 
 - The allergen information in the allergen list D.68.00, updated 23/10/2025, is inadequate in some cases. The product ""Torreznos"" (crispy pork rinds) is included, which shows cross-contamination with sulfites and soy, although this declaration is not made for pressed pork rinds, as they are stored in a separate room. The list does not distinguish between pressed and loose pork rinds, so the information is inadequate.
 
 - The allergen information in the finished product specifications is inconsistent in some cases, although the intended use includes ""not suitable for those with sulfite and soy allergies."" The label content is not clearly stated. In the ingredient list for fresh sausage, E221 and E224 are not highlighted or identified as ""Sulfites,"" and the phrase ""May contain"" is included when sulfites are present as ingredients.
 
 - The information included on the label of extra spicy sausage is inconsistent and does not reflect the actual allergenic nature of the product. The label for extra spicy sausage states ""May contain soy and sulfites"" when sulfites (E221 and E224) are present in quantities exceeding 10 ppm, according to calculations performed during the audit.
 
 - The company has been unable to demonstrate or validate this statement. Calculations performed during the audit show that at least 175 ppm of sulfites are present, a fact unknown to the company. - In some cases, it could not be demonstrated that the label content was correct from an allergen information standpoint, since in at least 17 production runs between April and December, the control records did not include a copy of the label or evidence that its content had been reviewed.
 
 Based on the findings described, it is evident that the company does not have an adequate system in place to guarantee the reliability of the information transmitted to the food chain regarding the allergen content of the manufactured products, as required by law (Regulation 1169/2011 and Regulation 178/2002). The company has not been able to demonstrate sufficient knowledge of these legal requirements for consumer information regarding allergenic ingredients, therefore a Major Non-Conformity (NC) has been issued.",12.03.2025,1,Locked: 23.01.2026,
91345,16A20A5F,Revo Foods GmbH,Heizwerkstraße 5a,Wien,1230,Autriche,,,IFS Progress Food,05.01.2026,Production stopped at 2025-12-31; Assessment will be performed at the new location as an initial assessment on 2026-05-15,18.03.2025,5,Locked: 05.01.2026,
92178,64EE7C06,HOLLAND FRESH FOOD B.V.,Gamerschestraat 34,AS Zaltbommel,5301,Pays-Bas,,,IFS Broker,16.01.2026,Outstanding Payments,08.09.2025,1.2,"Locked: 16.01.2026, Unlocked: 23.01.2026",03.07.2026 - 03.07.2026
96,b2e4e550,Bakery & Food GmbH - Werk Berlin,Prenzlauer Promenade 42,Berlin,13089,Allemagne,,,IFS Food,18.02.2026,"Site closed, contract terminated.",28.02.2025,6,Locked: 18.02.2026,
4779,efec69f0,SOCIETE FROMAGERE DE CHARCHIGNE *,Route de LASSAY,CHARCHIGNE,53250,France,LACTALIS Fromages SNC,53093,IFS Food,23.02.2026,"Durant the audit, a major non-conformity was raised on item 5.10.3 : 
 During the traceability test, the finished product result for fat/dry matter in a 200g MDD grated Emmental cheese was 44.76% (two counter-analyses gave results of 44.97% and 44.77%), which does not comply with the customer's specifications and regulations (minimum 45%). One other result below 45% was also found in January among 124 samples analysed (note that the average G/S is 45.63% for private label grated cheese in January, with a standard deviation of 0.47).
 No formal response to these non-compliant results: no decision on the fate of the products (no blocking) and no analysis of the causes of the non-compliance.",13.02.2025,4,Locked: 23.02.2026,
5636,bdf8a4a6,LESIEUR VITROLLES,ZA DE L'ANJOLY - 22 RUE DE BERLIN,VITROLLES,13745,France,LESIEUR SASU,75008,IFS Food,09.02.2026,"During the IFS Food audit, a KO was assigned to requirement 4.1.3: 
 The labeled nominal volume for the private label customer fondue oil is 1000 ml. The recipe for this product consists of a mix of oil and a bouquet of aromatic herbs weighing 4 g. The nominal volume indicated on the METTLER weighing tool specifies a compliant nominal volume for packaging line based on 985 ml of oil, by adding the 4 grams of herbs present in the bottle, converted to ml using the density coefficient specified by LESIEUR of 0.921. The nominal volume thus calculated is non-compliant because it is less than the legally required labeled nominal volume and the customer's specifications.
 
 A similar non-compliance issue exists regarding the pizza oil. The labeled volume is 500 ml, while the nominal volume specified in the Mettler tool is 480 ml + 8.1 g of spices and herbs, which is less than the legally required labeled volume.",28.03.2025,9,Locked: 09.02.2026,
9218,46a92dfb,"Gelagri Ibérica, S.L.","Carretera Valtierra-San Adrián Km 10,300",Milagro - NAVARRA,31320,Espagne,Gelagri Industrial S.L.U,31320,IFS Food,13.02.2026,"In the IFS Food announced recertification audit performed on 09.02.2026 to 12.02.2026, 1 MAYOR Scoring non-conformity was identified on requirement 1.1.1:
 
 It was detected failure in food quality culture. During the second day for the audit tour in sweet potatoes selection area was verified that the product was selected by Sortex equipment and manual selection by two operators. The auditor visually verified that the product had dark spots. When the auditor asked about quality control in the laboratory, the operators showed him that the checks on the same batch at 6:45 and 8:45 a.m. documented major defects 0. The company's documented protocol procedure EPI40 of 3.11.2025 rev 10 defines B quality as sweet potatoes with stains larger than 2"" and less than 5% and a sample of 300 grams is weighed. When asked to take a sample and perform quality control on the sweet potato data, the operator takes a large tray with a sample of the product for storage and packaging and takes 300 grams of defect-free product from this tray to perform quality control. Therefore, the operator does not take a representative sample of 300 grams to analyze the quality category of the product in accordance with internal specifications EPi40 of 3.11.2025 rev10.
 
 And 1 KO Scoring non-conformity was identified on requirement 5.11.3:
 
 The NON -CONFORMITY is raised according to several corrective actions not documented nor implemented in 3 requirements (non-conformities from previous audits, inspections, and customer complaints).
 
 1.- There was recurrence of NCs identified last year related to requirements:
 
 4.9.2.2. The following wall related issues were identified: 
 -There was rusting around the exit window of the freezing tunnel MATAL 2. 
 -The skirting board and door frame by the exit door of the finished product freezer was seen damaged. 
 
 4.9.4.1 There was a significant amount of rust seen on the roof of the blanching hall; only one part of it has been recently renovated.
 Also, there is some infrastructure deviations (ceilings, walls) in other process areas included in corrective actions from inspections.
 
 2.- Monthly inspections:
 
 In the monthly inspections dated 15.09.2025, 4.11.2025 and 27.01.2026 there is documented “regular” status in general infrastructure (walls, ceilings, floors, etc.) but is not indicated the process area and the corrective actions is not implemented. During the audit several defects of infrastructure were detected also without corrective actions implemented:
 Walls in bad status in:
 - Holes with external communication in cleaning vegetable area.
 - Paint peeled in wall of cleaning area of Broccoli line.
 - Peeled panelable in line 62 in conveyor belt before “multicabezal”.
 - Hole with external communication near spinach line before blanching.
 - Wall in bad status in exit to “elevador canal” in spinach line.
 - Peeled panelled walls in selection vegetable area and spinach cutting area.
 Ceiling:
 - The ceiling was almost entirely chipped in the sorting area and spinach cutting area on the second day of the audit, and open products were being processed (spinach and sweet potato).
 
 These infrastructure inspections do not document the risk according to food safety (pest entrance, possible physical hazards). and the urgency to fix it.
 
 3.- Customer complaints:
 
 In 2025, there were 235 complaints received in total (of which for spinach total are 188). The main causes are:
 - Foreign bodies: 80 in total (18 insects, 17 plastic, 8 metal, 5 glass, 9 wood, 14 vegetal material, 9 other foreign bodies).
 - Organoleptic (aspect and texture): 95.
 However, the site declares that is decreasing the foreign bodies customer complaints versus last year but is not documented the follow-up of the corrective actions and root cause (i.e. 5 whys) from this kind of customer complaints (i.e. plastic, wood). The site documented that is pending the study for December 2025.
 In organoleptic customer complaints is not documented the root cause and corrective actions.
 The organoleptic issues in broccoli in 2025 has been for climate during the campaign and is resolving in this campaign.
 ”",10.03.2025,5,Locked: 13.02.2026,
10031,ad0c1f57,Andriani S.P.A.,Via N. Copernico - zona PIP,Gravina in Puglia (BA),70024,Italie,,,IFS Food,19.02.2026,"On 5-February -2026 an IFS Integrity On-site check was carried out where KO Nonconformity was issued against the following IFS-Food v8 requirement: 
 3.2.2 (D)KO : Personal hygiene requirements must be understood and applied by all relevant staff, contractors and visitors.
 RINA decided to investigate the case and conducted an unannounced extra audit on site on 12/02/2026. 
 The CB has decided to temporally suspend the IFS certificate.",03.06.2025,"5, 6, 10","Locked: 19.02.2026, Unlocked: 20.02.2026",
10052,24248f59,Partner in Pet Food NL BV,Afrikastraat 24,Ittervoort,6014 CG,Pays-Bas,Partner in Pet Food (80852) Kft.,2040,IFS Food,07.02.2026,"As of today (07.02.2026) Certima BV withdraws the certificate number IFS-01360 of client Partner in Pet Food NL B.V. (COID: 10052). 
 Reason:
 During unannounced audit conducted 05/06.02.2026 auditor raised 2 Majors:
 Major on 4.9.4.1: 
 1) During the factory assessment condensation on the ceiling observed at raw materials storage area. All pallets with products were covered during the assessment. Topic was addressed by the company and a renovation plan by maintenance department is in place for floor repair, new automatic sliding doors, timeline week 21.2026. 
 However, no preventive measurement taken for the in between time to mitigate the risk on raw material contamination by condensation drops (products require and will still be sterilized after canning) (such as for example use of condensation swipers based on risk).
 2) At the transition point of (input area on magnetic transport belt) open cans towards reverser/air blowing system and filling-unit drops of condensation observed on piping where cold air runs through located directly above these open cans.
 There are no protective measurements installed to prevent and risk-based mitigations for drops falling into the open cans. After this entrance point the cans still need to pass the reverser and air blowing system before the cans are filled with product. Products also require to be sterilized.
 In general this canning process is continuous, which limits the chance drops will fall into the open cans at this specific point. However, during the observation the filling line was tested on the new installed machine causing a line-stop and time increased of storage open cans located below this piping.
 
 Major on 4.12.2: At the transition point of (input area on magnetic transport belt) open cans towards reverser/air blowing system and filling-unit damaged items and other objects located directly above these open cans observed, which could pose a risk on physical contamination. Such as damaged white plastic protection plates, spiderweb cobs, slight pilling of dust on piping system, isolation materials/ damaged access point for piping on wall and slight forming of corrosion.
 There are no protective measurements installed to prevent and risk-based mitigations for physical contamination into the open cans. After this entrance point the cans still need to pass the reverser and air blowing system before the cans are filled with product. Products also require to be sterilized. In general this canning process is continuous, which limits the chance physical contaminants will fall into the open cans at this specific point. 
 However, during the observation the filling line was tested on the new installed machine causing a line-stop and time increased of storage open cans located below this piping.",03.05.2025,11,Locked: 07.02.2026,
10580,0fe39936,CHAVEGRAND S.E.,BP 5 - Lascoux,MAISON FEYNE,23 800,France,CHAVEGRAND S.E.,23 800,IFS Food,13.02.2026,"Following an epidemiological investigation, the health authorities (DDPP, DGAL/MUS) have established that the company is involved in cases of listeriosis in France and Europe (cluster 714).
 This resulted in recalls on June 13, 2025, and August 9, 2025, linked to the detection of Listeria monocytogenes in a pasteurized soft cheese.
 In accordance with the IFS Food standard, we suspend the certification with effect from August 22, 2025. Following an audit carried out on the premises on August 27, 2025, a decision was taken to lift the suspension on the basis of the action plan that was being implemented. 
 
 A number of events then took place, including:
 - a fire in part of premises (Goat workshop), following which, in accordance with the IFS standard, we had to inform the certification scheme prescriber and reduce your certification scope on October 14, 2025;
 - a formal notice issued to the company by the Creuse DDETSPP (Departmental Directorate for Employment, Labor, Social Protection, and Professional Training) to carry out actions following its visit on September 4 and 5, 2025, which were to be completed before November 13, 2025, and week 49;
 - unsatisfactory results of the analysis of samples relating to Listeria monocytogenes and Listeria spp in your company's production environment (no contamination identified in finished products) according to the documents sent in December 2025;
 - the information sent to the company by the Creuse DDETSPP on 21/01/2026 stating that the Listeria monocytogenes genosero group detected in the production environment corresponds to that of cluster 714 (IVb / serovar 4b or 4d or 4 e);
 - new unsatisfactory results from the analysis of samples relating to Listeria monocytogenes in the production environment (ripening room 19 and molding machine), leading to two notifications to the authorities according to the documents sent on January 27, 2026;
 - A search of the premises on January 27, 2026, as part of the ongoing judicial investigation;
 - a request by the Creuse DDETSPP (Departmental Directorate for Employment, Labor, Social Protection, and Population) to the company, dated February 2, 2026, for additional information as soon as possible, following the notification from its services on January 28, 2026, to which a response was made on February 5, 2026;
 - the notification by the DDETSPP of Creuse to the company, dated February 5, 2026, of a proposed suspension of health approval indicating, among other things, insufficient action in the updated health control plan, which was also assessed as incomplete, and informing of a new human case of listeriosis detected in November 2025 (cluster 714) and the failure to lift the formal notices, the proposed suspension of approval relating to milk processing, which corresponds to the scope of your certification according to the IFS standard;
 - similarity of the strains isolated in the environment to the strains in cluster 714, according to the information provided on February 6, 2026.
 In view of the above events, which show in particular the recurrent detection of Listeria monocytogenes in the direct and indirect production environment, we hereby suspend certification according to the IFS Food standard.
 This suspension takes effect on 02/13/2026",25.07.2025,4,Locked: 13.02.2026,
13288,f7a135c0,Alysse Food SA,"Zone Industrielle C, Rue Charles Richet",Seneffe,7180,Belgique,,,IFS Food,03.02.2026,"4.1.3-D(KO)
 The finished product verified during the audit (traceability test) is: Sesame bagels 4x85g PL for customer A. Specifications signed on 15/11/2023. Internal recipe code: 6BG023.
 The recipe in the specifications and the list of ingredients in the packaging indicate a quantity of sesame seeds of 3%.
 A KO rating is assigned because there was not sufficient evidence to ensure that the 3% rate was systematically respected for this product:
 - there is no instruction on line indicating the setting to use (% roll opening) according to the expected % of sesame seeds, whereas the site manufactures references for bagels at 2% sesame seeds and others at 3%.
 - there is no recording of the applied parameter setting (% roll opening) for each production.
 - the recordings of sesame % weighings observed for this reference over the months of November 2025, December 2025, and January 2026 show irregular results: for example values between 1.9 and 3.4% for production on 03/12/2025, between 1.9 and 2.6% for production on 14/12/2025, between 2.8 and 3.6% for the manufacturing of 12/01/2026.
 The current system therefore does not allow for ensuring compliance with the contractually agreed % of sesame with the client.
 
 5.4.1-Major 
 The checkweighers are checked 1/year externally. Given the certificate for the bagels line sorter, from 11/07/2025. Also seen the certificate for the new checkweigher installed in 12/2025 on the line of individual muffins, dated 19/12/2025.
 * Major NC:
 1/ The B8 scale used during the visit to the mini muffin line for the final controls was not followed in legal metrology. The sticker present on the scale indicated a validity date until 09/2025. There was not presented an official 2025 metrological inspection report to prove its compliance for the current controls.
 2/ Similarly for the B7 scale used on the line of ambient muffins x 4, a certificate was not presented showing that this balance is legally approved.
 
 5.11.3-D(ko)
 Non-conformities are recorded in an Excel file which includes a corrections part and a corrective actions part. Columns are provided to indicate the description of actions, managers, deadlines, and provide information on monitoring and verification of effectiveness.
 A KO grade is assigned because:
 - on one hand, the file was not filled out for the follow-up of the CAs planned following the IFS 2025 audit, and no proof of implementation of these ACs was presented for 6 deviations out of 14 (requirements 2.1.1.3, 2.3.9.2, 4.1.3, 4.10.2, 4.14.5 and 5.3.1).
 - on the other hand, action plans have not yet been established following the recurrence of claims observed in 2025 for pieces of blister packs in frozen muffins and for mold on ambient bagels. These are issues that have been known to the company for several months, which means that corrective actions were not decided as soon as possible to avoid the recurrence of non-conformities.",26.02.2025,6,Locked: 03.02.2026,
21379,65ec5189,Wendland Spice & Food GmbH,Gewürzstraße 8,Abtswind,97355,Allemagne,,,IFS Food,16.02.2026,"After the auditor identified a nonconformity in section 4.18.1, the company terminated the audit on the second day of the audit (February 12, 2026).
 
 NON-CONFORMITY (4.18.1)
 During the production of the item ‘Truffle Style Burger Sauce’, an internal malfunction occurred, caused by an employee error. This meant that the raw material ‘truffle granules’ could not be traced back to the batch in question. At the Wiesentheid site, raw materials are weighed according to the recipe and thus prepared for final production at the Abtswind site. An employee was observed during the weighing process. It was found that the employee scanned one raw material carton but used the raw material for weighing from another carton. The auditor checked the labelling of the two cartons. It was found that the two raw material cartons had different batches and different best-before dates. The electronic system requires that FEFO be used, and the use of an incorrect batch is indicated by an error message. Both raw material containers were still within their best-before date. It was not possible to understand why two containers with different best-before dates were present during the filling process when weighing, especially since the quantity of one carton would have been sufficient for the current production. The employee scanned the container with the shorter best-before date, so no system error message was generated. However, the weight taken was taken from the container with the longer expiration date. According to the statement, there is no downstream check to ensure that the correct raw materials have been used, so the error would not have been noticed. According to the statement, the employee himself has been with the company for two months. The induction takes place “on the job” and no documented training on the topic was provided.",15.05.2025,"7, 10",Locked: 16.02.2026,
26913,d3e74573,MONTERO ALIMENTACION SL,"Severo Ochoa, 62",CAMPANILLAS,29590,Espagne,POSTRES Y DULCES REINA S.L.,30400,IFS Food,05.02.2026,"IFS KO non-conformity requirement 4.18.1
 Lots of the cartons (primary packaging which contain consumer information) are not recorded, for example: date 02-02-2026, number 10 production line, custard with biscuit, lot L-LM1303261004 (Reina brand). 
 Number 10 production line, custard with biscuit, 02-02-2026, lot L-LM1303261004: the registered lot of skimmed milk powder 1% is L-8796, but the real lot of that raw material printed in their container is L-8798.
 Number 10 production line, custard with biscuit, 02-02-2026, lot L-LM1303261004: the lot of 40% cream (L-270126-04R) is not recorded. According to the operator (Mr. FM), when two lots are used of the same raw material, only one lot is recorded (the one with the largest quantity used). 
 
 IFS Major non-conformity requirement 4.13.1
 Infestation and evidence of pest activity during on site audit: yes. In the ingredient weighing area, there was significant ants’ activity on the floor, wall, and wall/floor junction next to the sugar unloading hopper. Ants were also present on the shelving next to the sugar unloading hopper, where the flavouring carafes are stored.",12.05.2025,"4, 6, 2007",Locked: 05.02.2026,
27113,"4,34E+46","Conservas Angel Ria, S.A. A06399P","C/ Herrerias, 56","Cadreita, Navarra",31515,Espagne,,,IFS Food,06.02.2026,"A KO and a Major non-conformity were raised during the IFS Food audit on February 3-5, 2026.
 Description of the Major NC:
 Clause 4.12.2:
 “There were some areas that could cause a physical risk of contamination such as:
 - Continuous dripping of water from the ceilings over the line. along all the process.
 - Up to 3 engines seen over the belts, were dirty, without protection and not well maintained.
 - a walkway placed in the raw material processing area without protection on their sides, with staff passing through it continuously.""
 Description of the KO:
 Clause 4.12.1:
 “The morning of 3/02/2026 during the audit tour, one glass breakage in the vegetables line occurred. The procedure for handling breakages of glass/brittle materials was not followed accordingly and as a result a contamination with small glasses remained on the line was seen. The site removed nearest glass jars (without follow a rule as it was not stablished how many jars it must removed), but no in-depth inspection was done, as when the line started back to work several glasses were seen remained there in the line. Staff were not following the rule of review work clothes, or shoes as they were not apart from the line in any moment. Dedicated use of tools was not seen, as staff removes the glasses using a hose with water.”",04.07.2025,5,Locked: 06.02.2026,
27441,aebe7c6a,Lavina Kft.,Tolnai ut 2,Paks,7030,Hongrie,,,IFS Food,16.02.2026,"During an Authority Inspection performed on site unannounced the 09/02/2026 were detected irregularities on food safety management that led to a suspension of certificate.
 
 The irregularities detected were related at:
 1. Products seized and withdrawn from the market
 2. Hygien deficiencies
 3. Documentation and traceability issues
 4. Incorrect handling of defective products
 5. Improper disposal and use of waste products
 6. Legal actions and obligations – case no. J/035/001/2026",05.09.2025,6,Locked: 16.02.2026,
27487,c640f9bd,VIOLANTA SA,"6th Km of Trikala, Karditsa Road",Trikala,42100,Grèce,,,IFS Food,06.02.2026,"Due to the extraordinary event of a major fire that occurred on Jan 26, 2026, which resulted in fatalities and an ongoing cease of production with uncertain time of return to production, a temporary suspension of the certification of the IFS certificates has to be implemented.",19.05.2025,6,Locked: 06.02.2026,
27488,3b087ea6,Precocinados Naturales Riojanos S.A.,Poligono Industrial El Pilar C/ Aldeanueva de Ebro,Alfaro (La Rioja),26540,Espagne,,,IFS Food,16.02.2026,"During the recertification audit, the following non-compliance was detected in requirement 4.16.1.: 
 
 During the audit, it was found that the maintenance plan was not being properly implemented:
 -Temporary repairs were observed during the plant visit, with transparent tape and transparent tape bags used to cover electrical equipment. 
 -The ceilings in the potato storage and frying room had not been repaired after cleaning (they had small chips).
 - During the plant visit, it was observed that the final drain in the potato washing area (at the elbow) is not capable of collecting all the water, waste and foam generated by the washing process, causing the area to become flooded. 
 -The egg tank motor in the mixing room was observed to have traces of maintenance work carried out, posing a risk to the product. The following day, the motor was painted, and pieces of paint were observed to be easily detachable due to the amount applied.
 -Poor condition of the insulation in the potato base packaging room, in the vertical section of the multivack packaging.
 -Evaporator in the upper packaging room with dripping.
 -Walls of the forming machine with chips and traces of rust.",14.03.2025,"5, 7",Locked: 16.02.2026,
27607,a2521d73,ST. NICOLAUS a.s.,1. mája 113,Liptovský Mikuláš,SK-031 28,Slovaquie,,,IFS Food,09.02.2026,"At the beginning of the second audit day, the company decided to not continue the audit due to the findings identified during the first day, lack of pest control (Major non-conformity), improper storage of raw materials and packaging materials, and failure to follow personal hygiene requirements.
 • Major non-conformity 4.13.1:
 Several findings have been identified during audit related to pest control:
 - Risk based control measures have not been provided during audit
 - Frequency of internal monitoring shall be weekly but last record of internal monitoring was 13.1.2026 (no reason why frequency has not been followed)
 - Glue flies traps have not been included in site map dd 27.2.2025, located in PM warehouse where also herbs are stored. Two of them have been full of flies (not fitted window has been observed close to traps; without intervention)
 - SDS for chemical agent Selontra has not been provided during audit, SDS for Muskil paste dd 27.3.2019 has not been valid
 - Damaged external baits, e.g. 33 and furthermore No. 35 and 12 not place according to site map
 - Excrements of birds observed in PM warehouse (site map MTZ 3NP dd 27.2.2025) located on the pallets with cartons (no intervention)
 - Nest seen under the shelter located at entry to aromas areas
 
 Remark: During the initial site tour, junipers were found stored in nylon bags outside under a shelter, some of them damaged with product spilled, despite the supplier’s specification requiring “cool and dry” conditions. Personal hygiene issues were also observed, such as uncovered hair and beards, wearing earrings, operators in work clothes in outdoor areas, and the absence of questionnaires for auditors before entering production. These issues were identified without an in-depth review of documentation because the company decided to stop the audit after the Major non-conformity.",27.02.2025,"8, 10",Locked: 09.02.2026,
28071,693c68a5,Aryzta Food Solutions GmbH,An der Autobahn 1,Heppenheim,64646,Allemagne,Aryzta Food Solutions GmbH,79100,IFS Logistics,18.02.2026,"Major Nonconformity 4.10.3:
 At the time of the audit, live mice were sighted twice in the dry storage area, and mouse droppings were found in several locations (between pallets, at the base of shelves, and in the storage area for the TKT containers).
 The external pest control service provider currently has four SMART Boxes installed in the dry storage area. Supplementary monitoring is carried out using Nontox mouse traps. During inspections in December and January, feeding damage was found to exceed the threshold (mostly 75%) at almost all stations, and several mice were caught/killed in each of the SMART Boxes (approximately 5-10 per box per month). In February, a special inspection took place within 2.5 weeks of the routine inspection, which again confirmed the infestation.
 Based on the findings of the audit, both the measures implemented to date and the monitoring of the effectiveness of the pest control measures are deemed insufficient. This constitutes a significant non-compliance with the requirements of the IFS standard, which may have an impact on product safety.",02.05.2025,"1.10, 1.1, 1.2, 1.3, 1.4, 1.5, 1.6, 1.7, 3.3, 4.2",Locked: 18.02.2026,
33349,402367c5,Palmieri S.R.L.,"Via degli Oleandri, 46",Mondragone (CE),81034,Italie,,,IFS Food,09.02.2026,"During the IFS Integrity on-site check, conducted on February 3, 2026, by an auditor appointed by IFS, the following were found:
 - 1 KO requirement 3: 3.2.2 (During the IOC, cigarette butts were found inside the facility on the mezzanine area used for packaging materials and refrigeration equipment. The issue was linked to external maintenance, without proper visitor registration or documented post-maintenance cleaning.
 - 1 KO requirement 4.18.1 (During the IOC, the traceability system was found ineffective, as a traceability test on Cherry tomatoes (batch 26028) was incorrectly linked to incoming documents for Piccadilly tomatoes. This resulted in a negative traceability outcome due to incorrect and inconsistent supplier and raw material data)
 - 1 major requirement 4.8.2 (There is no documented evidence demonstrating that self-produced ice does not pose a chemical contamination risk. The HACCP system lacks full documentation, equipment linkage, food contact declarations, and chemical analyses to support ice safety.)",17.11.2025,5,Locked: 09.02.2026,
33931,51d1dfc2,CONGELADOS BEGUDÀ SL,C/ Mestre Falla nº 39,OLOT (Girona),17800,Espagne,,,IFS Progress Food,12.02.2026,"Audit date: 10/02/2026_Major Non Conformity in the requirement 5.3.1:
 The scales used to check the weight of the finished product on the different processing lines are checked:
 
 - The scales used to check the weight of the finished product on the different processing lines are checked: Vertical packaging line scale, serial number: CPE-50/30666, calibrated on 12/15/2025, report number 3066 2-5. 
 
 - Shrink wrapping line scale: serial no. V-201/702780 calibrated on 10/25/2025, report no. 16672/25· 
 
 - Vacuum packaging line scale: serial no. 0000441210 calibrated on 10/25/2025, report no. 16669/25
 
 Their calibration is adequate, but it is evident that they have not been metrologically verified by an accredited entity, as these are the devices responsible for controlling the weight declared on the packaging label, according to the corresponding Spanish regulations: Royal Decree 244/2016 implementing the Metrology Law and Order ICT/155/2020 regulating the metrological control of certain measuring instruments by the State.",17.03.2025,2,Locked: 12.02.2026,
35908,46c89eb6,ESTUCHADOS LARHAZ S.L.,"Parque Empresarial de Antequera. Polígono Sub 5, C/ Aragón Nave 6 y 7",ANTEQUERA (Málaga),29200,Espagne,,,IFS Food,05.02.2026,"During the audit performed on 3rd February 2026 to 4th February 2026 , it was detected a Major non-conformity under the requirement 4.3.2.
 
 Major non-conformity 4.3.2.
 During the plant visit on February 3, 2026, it was verified that the paper bag used for the ""Cafento-bar Oña"" brand, batch 60340304, does not meet the weight declared on the packaging.
 The packaging label (paper bag) indicates a weight of 8g. However, a review of the batch's statistical weight control shows an average weight of 7559.9g for the bag and sugar, and an average weight of 7600g for the box, bag, and sugar.
 Therefore, the paper bag does not meet the stated weight requirement.",19.05.2025,10,Locked: 05.02.2026,
36228,831cf538,Olense Vleeswaren Industrie (OVI) nv,Hoogbuul 1,Olen,2250,Belgique,,,IFS Food,09.02.2026,"1.2.1 - KO: During the audit rounds of production units A and B, it was established that the company has insufficient knowledge and awareness of food safety culture.
 Numerous sources of plastic cross-contamination were found. During the monthly inspection of the glass and plexiglass rounds, very little of this was found, with the exception of the damaged plexiglass covers. The employees involved did not submit any report forms for this either.",28.03.2025,"1, 2, 7, 11",Locked: 09.02.2026,
37540,c7af8145,La Rosina SRL,Via Scafati 223,SAN ANTONIO ABATE,80057,Italie,,,IFS Food,24.02.2026,Failure to pay for audit activities carried out by Certiquality srl.,01.10.2025,5,Locked: 24.02.2026,
37872,e22ce7b1,"EMBUTIDOS JUNTAMAR, S.L.","La Reguera, Calle A 15",Noreña – Asturias,33180,Espagne,,,IFS Food,03.02.2026,"In the IFS Food UNANNOUNCED recertification audit performed on 28.01.2026 – 30.01.2026, 1 Major Scoring non-conformity was identified on requirement 4.3.2:
 
 With respect to the product ‘compango’, it cannot be considered safe without cooking, given that salted bacon is used in the packaging, which indicates in its technical data sheet that it requires cooking before consumption, but the labelling lacks explicit instructions for use (‘cook thoroughly before consumption’).
  
 The technical data sheet for the Compango product, JTM_E_06.10, 04.03.2025 Rev.08, incorrectly states that it can be consumed raw.
 In the case of vacuum-packed black pudding and chorizo, there is also no indication that they require cooking before consumption, even though they are products to be consumed cooked.",27.05.2025,1,Locked: 03.02.2026,
39817,5e90cd12,Adriaticon d.o.o.,Prisike II 15,Gizdavac - Donji Muc,21247,Croatie,,,IFS Food,19.02.2026,"During the last audit by Certification Body 1 Knock Out raised in paragraph 5.11.3: Several repeated deviations were identified during the audit, demonstrating that the corrective actions defined and implemented after previous audits were not effective in preventing recurrence.
 -In the olive processing area, visible dirt deposits, which had started to flake, were observed in the upper left corner of the wall, at the same location as identified during the previous audit, related to requirement 4.9.4.1.
 -A repetition of a deviation under requirement 3.4.2 was identified, as biscuits were found in a personal locker. A comparable non-conformity had already been raised during the previous audit year under the same requirement, although at a different location.
 -Under requirement 4.7.1, deficiencies in the cleanliness of external areas were again observed. Whereas the previous audit identified overgrown grass, the current audit identified unnecessary waste present around the factory premises.
 Based on the above, this requirement is assessed as not fulfilled, as corrective actions were not consistently formulated, documented, and implemented in a manner that effectively prevents the recurrence of deviations, and their long-term effectiveness was not sufficiently ensured.",29.07.2025,"2, 5, 7, 9",Locked: 19.02.2026,
42081,1891fa04,Wilh. Wittler Fleischwarenfabrik GmbH,St. Annener-Straße 96,Melle,49326,Allemagne,,,IFS Progress Food,09.02.2026,"Major 5.5.1:
 The company classifies ready-to-eat products into food categories 1.2 and 1.3 in accordance with Regulation (EC) 2073/2005. According to the company's classification, eight products fall into food category 1.2. Of these, one product comes from the cooked sausage product group (coarse liver sausage in natural casing) and five products come from the cooked cured meat product group (cooked ham, traditional ham, flat smoked pork loin, farmer's roast, hot-smoked belly).
 The auditor reviewed two microbiological product analyses carried out on products from category 1.2 (coarse liver sausage in natural casing & cooked ham).
 The analyses carried out do not comply with the legal requirements of Regulation (EC) 2073/2005 with regard to the bacterium Listeria monocytogenes, as only a single sample n=1 was examined instead of the required five individual samples n=5. The results of both tests showed no deviations. For another product from food category 1.2 and the product group cooked cured meats (farmhouse roast), no microbiological tests for Listeria monocytogenes could be presented to the auditor.
 Compliance with the legal requirements for testing the microbiological limits of Regulation (EC) 2073/2005 is therefore not fulfilled.Major 5.5.1:
 The company classifies ready-to-eat products into food categories 1.2 and 1.3 in accordance with Regulation (EC) 2073/2005. According to the company's classification, eight products fall into food category 1.2. Of these, one product comes from the cooked sausage product group (coarse liver sausage in natural casing) and five products come from the cooked cured meat product group (cooked ham, traditional ham, flat smoked pork loin, farmer's roast, hot-smoked belly).
 The auditor reviewed two microbiological product analyses carried out on products from category 1.2 (coarse liver sausage in natural casing & cooked ham).
 The analyses carried out do not comply with the legal requirements of Regulation (EC) 2073/2005 with regard to the bacterium Listeria monocytogenes, as only a single sample n=1 was examined instead of the required five individual samples n=5. The results of both tests showed no deviations. For another product from food category 1.2 and the product group cooked cured meats (farmhouse roast), no microbiological tests for Listeria monocytogenes could be presented to the auditor.
 Compliance with the legal requirements for testing the microbiological limits of Regulation (EC) 2073/2005 is therefore not fulfilled.
 
 Major 5.10.4:
 Repeatedly, Corrective Actions were not demonstrably implemented and entered as completed in the Action Plan.
 An assessment of the effectiveness of the initiated corrections and Corrective Actions was not performed and consequently not documented.
 The repeated occurrence of this deviation indicates that the procedure for systematically assessing the effectiveness of initiated corrections and Corrective Actions is not effectively implemented.",21.03.2025,1,Locked: 09.02.2026,
43442,d41ecbd7,Conservas de Autor S.A,Ctra. de Amedo Km 1,Autol (La Rioja),26560,Espagne,,,IFS Food,09.02.2026,"A Major non-conformity was raised during the IFS Food audit on February 4-6, 2026.
 Description of the Major NC:
 Clause 4.13.1:
 “A large flock of sparrows were seen roosting in pallets stored outside the factory and four sparrows were seen inside the factory by the pulse hydration area on 04/02/2026. There is open product in this area and faeces seen on sealed pallets of can lids.""",08.04.2025,5,Locked: 09.02.2026,
46058,2c42de9c,VALIPILE d.o.o.,Gljuščići 212c,Sv. Petar u Šumi,52 404,Croatie,Valipile d.o.o.,10 361,IFS Food,12.02.2026,"During the last audit by Certification Body 1 KO and 1 Major raised:
 Paragraph 2.3.9.1 KO --> During the on-site tour of the packaging area, it was identified that the CCP monitoring was not implemented. For the product chicken breast fillet, Lot 26016, BBD 18.02.2026, no CCP monitoring records were available on site and could not be identified during the audit. During the check, the metal detector, defined as a CCP, did not react to the test pieces Fe 3.0 mm, non-Fe 3.0 mm and SS 4.0 mm. It was not possible to demonstrate that the CCP was under control.
 Paragraph 4.12.2 Major--> In the breaded products processing area, at the exit from the freezing chamber before packaging, it was observed that the finished product – breaded fries, Lot 11720P, was conveyed on a white conveyor belt with visible oil residues. The product was in direct contact with the oil present on the belt. The product was not adequately protected against physical contamination from oils originating from machinery.",23.06.2025,1,Locked: 12.02.2026,
46694,b531084d,FRUTICA Wojciech Kulig,Lewiczyn 24a,BELSK DUZY,05-622,Pologne,,,IFS Logistics,06.02.2026,"Following the certification audit on February 05, 2026, and following a preliminary technical review, the certificate is withdrawn.
 Details: § 4.5.2 Major Nonconformity
 During the audit, no documentation confirming the implementation of procedures related to food fraud was presented. No procedures were presented regarding food fraud, risk assessment, or a plan to reduce food fraud.",17.02.2025,"1.5, 1.8",Locked: 06.02.2026,
46912,1ccf7035,Marmo nv,Reppelsebaan 65,Diest,3294,Belgique,,,IFS Food,12.02.2026,"During the audit completed on site from 09-02-2026 to 11-02-2026 the following Major NC was identified at requirement 4.3.2:
 The finished product (art. nr. 5357001001099) consists of a cooked egg embedded in a pork/veal meatloaf with tomato sauce and is sold as a prepacked, labelled consumer unit. The label declares “free‑range eggs”. However, supplier documentation, internal recipes, and traceability records for batch 05227210010 demonstrate that barn eggs were used as an ingredient.
 This constitutes misleading and incorrect consumer information and is not compliant with Regulation (EU) 1169/2011 on the provision of food information to consumers.",01.05.2025,"1, 7",Locked: 12.02.2026,
47865,472529a6,Heinrich Abelmann GmbH,Am Lunedeich 22,Bremerhaven,27572,Allemagne,,,IFS Food,19.02.2026,"4.8.2 Major:
 The delicatessen department produces its own mayonnaise for delicatessen salads. Two machines are used for this purpose. Currently, mayonnaise is only produced on the small machine. The large machine has not been used for around six months. 
 During an inspection of the water pipe/stainless steel pipe on the small machine, black deposits/residue were found in the pipe. The inside of the pipe is not sufficiently clean. This is unacceptable, especially for a sensitive product such as mayonnaise. 
 Black residues were found in the oil pipe and water supply pipes of the large machine. Here also, cleaning was insufficient. However, this machine has not been used for about six months.
 
 4.10.1 Major:
 The company uses big boxes (buckets) for marinade preparations. These are cleaned manually by employees. There are no explicit cleaning instructions for this. 
 During the Integrity-on-site check, an employee was observed driving two cleaned big boxes (buckets) into the storage area for clean crates. Clear foam residues were visible on the upper big boxes (buckets), both on the outside and inside. 
 According to the employee, this was the disinfectant Calgonit DS683. The employee also explained that the big boxes are rinsed with water before use and then disinfected with acetic acid. According to the product information with instructions for use for Calgonit DS 683 dated 16 October 2019, the agent has an exposure time of 5-10 minutes and must be thoroughly rinsed off with drinking water after application. 
 No evidence could be provided that the procedure carried out at the plant had been validated. There is still no documented evidence that chemicals cannot be carried over. Likewise, nowhere is it specified that this is the intended procedure. It could also not be proven that employees always rinse the BigBoxes before use.
 
 4.18.1 KO:
 There were seven 5 kg packages of smoked salmon slices in the delicatessen warehouse. The packages were only labelled with the respective manufacturer's batch number. Two packages had the batch number 593297389/2502910 and four packages had the batch number 604301390/2503010. There was no labelling with the internal batch number. 
 This product is delivered to the company frozen and given an internal batch number. This internal batch number is the basis for the traceability of the raw goods within the company. Before use, the frozen goods are placed in the receiving cold store to thaw. Here they are labelled with the internal batch number. The thawed goods are then transferred to the delicatessen department's cold store.
 According to employees from the delicatessen department, the smoked salmon slices (item 0827) found there have the internal batch number 3679. This was also documented in the delicatessen ingredient traceability lists dated 11 February 2026 and 12 February 2026. This list is the basic document where the use of the respective batches of raw materials is documented. 
 However, batches 3748 (7 packs) and 3727 (2 packs) were provided at the goods receiving department. Proof of removal from stock dated 11 February 2026. 
 Batch number 3679, documented in the delicatessen ingredient traceability log, was delivered on 30 October 2025 in 50 cartons weighing 50 kg each. The last removal from stock of this batch took place on 12 January 2026. 
 The packages in the warehouse and the three packages that had already been used were booked in production with an incorrect batch number. This means that traceability is not guaranteed.",25.08.2025,"2, 7",Locked: 19.02.2026,
48062,5ba25753,Rusil Trans S.L,"Calle Císcar, 6","Moncada, Valencia",46113,Espagne,,,IFS Logistics,16.02.2026,"During the renewal audit carried out on 12.02.2026, the IFS auditor has raised a KO (D) under req.4.1.3:during the traceability test, it was observed that the temperature requirement requested by the client was not met. Traceability exercise for frozen products, file 25352, R7865 BDB, Driver S., client S., order of 10/18/2025: loading of frozen product in Vilamalla, truck temperature -20 °C. The transport record shows the following temperature readings:
 On october 18, 2025: The first sub-zero temperature, -12.7 °C, was reached at 10:09, approximately one hour after loading. Subsequently, one hour later, the temperature was -4 °C. At 12:09, it reached -15.1 °C. At 13:09, the temperature was -15.3 °C. From that moment, the temperature remained above -15 °C until 21:09, when it reached -17.2 °C.
 On October 19, 2025, at 02:09, the temperature dropped to -14.7 °C. From that moment until the doors opened, the temperature fluctuated several times, and on some occasions, it hovered around -15 °C, without reaching it.",25.04.2025,"1.5, 3.5",Locked: 16.02.2026,
48092,33193318,House of Denmark A/S,Industrivej 8,Vejle,7120,Danemark,,,IFS Food,23.02.2026,"During the audit completed on site on 18-19-20/02/2026 the following Major NCs were identified:
 
 4.12.8: No specific process (turn/blow/rinse) implemented to ensure that glass fragments are excluded during filling process and no further mitigation are in place to eliminate the risk of contamination. In addition it was observed during audit that a metal plate used for positioning of glass where ""hitting"" on top of the open glasses and could cause a contamination risk.
 5.11.4 In several cases it is not seen evident that verification of effectiveness for corrective actions has been performed or documented, potentially impacting and limiting the site progress and food safety risk. E.g Deviation #382 (from last external audit) + majority of internal audit deviations raised in 2025.",11.06.2025,"5, 6",Locked: 23.02.2026,
48092,736bd860,House of Denmark A/S,Industrivej 8,Vejle,7120,Danemark,,,IFS Wholesale / Cash & Carry,23.02.2026,"During the audit completed on site on 18-19-20/02/2026 the following Major NC was identified: Major 5.11.4 In several cases it is not seen evident that verification of effectiveness for corrective actions has been performed or documented, potentially impacting and limiting the site progress. E.g Deviation #382 (from last external audit) + majority of internal audit deviations raised in 2025.",15.05.2025,"1.10, 1.5, 1.6, 1.8",Locked: 23.02.2026,
50194,e003917f,SNV SAVIGNY SUR BRAYE SA,Route de Saint Calais LES FILABES,SAVIGNY SUR BRAYE,41360,France,LDC (80833),72300,IFS Food,17.02.2026,"During the IFS Food audit carried out from February 10 to 13, 2026, a major non-conformity was issued against requirement 5.5.1: Failures to comply with legal obligations to control the weight of prepackaged goods: 
 
 1) A range of turkey cut products sold under a private label in the LS department bears the metrological “e” mark next to the net weight. The company does not apply all the legal requirements associated with this marking in order to demonstrate weight control throughout the packaging process, even though the entire batch is compliant (control chart, hourly recording of the average and standard deviation, accuracy of the sorting machine, etc.). However, for this range, the company validates the average weight per batch, the absence of Tu2 and less than 2% of Tu1. 
 2) A range of processed products is sold by fixed weight and rejected based on the Tu1 defect threshold. For these products, there is currently no procedure in place to verify that the average weight of the batch is greater than or equal to the nominal weight before the products are marketed, as required by regulations. However, when the packages are filled, the weights are checked, but without recording the weights and without using a legal metrology scale.",05.06.2025,"1, 7",Locked: 17.02.2026,
53415,b57943c6,Reymers Gemüsehandel GmbH,Reindorfer Weg 11a,Buchholz/Nordheide,21244,Allemagne,,,IFS Wholesale / Cash & Carry,16.02.2026,Business closure due to insolvency,24.06.2025,1.5,Locked: 16.02.2026,08.05.2026 - 08.05.2026
55535,208dea9c,LATTERIE RAGUSANE S.R.L,ZONA INDUSTRIALE VIALE 22 12,Ragusa,97100,Italie,,,IFS Food,19.02.2026,"On 16-February -2026 an IFS Integrity On-site check was carried out where some critical issues were identified against the following IFS-Food v8 requirements: 
 2.3.9.1 (D)KO : During the IOC, the CCP ""Metal Detector"" monitoring of the 510g Mozzarella bag (3 x 90g) carried out at 10:50 a.m. was failed.
 4.2.1.1 Major: Given that the technical specifications for pasta filata cheese made with citric acid does not include the use of calcium chloride (E 509) and that this substance is not listed in the ingredients list, during the IOC, its use was detected in fresh pasta filata cheeses produced on 12-FEB-2026 (batch 543) under both the own-brand (with lactose) and the Retailer brand (A., without lactose).
 4.8.3 Major: During the IOC, it was observed that the areas most sesitive to microbiological risk were not sufficiently managed.
 
 The CB has decided to withdraw the IFS certificate.",30.12.2025,4,Locked: 19.02.2026,
55851,787c0f8b,Piekarnictwo-Cukiernictwo Wielgomłyny Przemysław Nowak,Polna 2a,Wielgomłyny,97-525,Pologne,,,IFS Food,11.02.2026,Company has cancelled the agreement with CB.,17.04.2025,6,Locked: 11.02.2026,18.03.2026 - 19.03.2026
58045,ca6d2b4f,Noire (Via Giberte) S.r.l.,"Via Giberte, 8",SARCEDO (VI),36030,Italie,Noire S.r.l.,36030,IFS Food,24.02.2026,Certificate revocation following company notification and preliminary technical review; reason: cessation of production site activity,27.06.2025,10,Locked: 24.02.2026,
58303,19014d68,NUTCOR NUTRIENTS S.L.U.,Polígono Industrial I-II Parcela VIII,Guijuelo (Salamanca),37770,Espagne,,,IFS Food,09.02.2026,"Repeated non-compliance with the requirements necessary to maintain the food safety management system and the IFS Food standard, due to the fact that the storage conditions of raw materials outside the facilities are not adequate. Furthermore, it has been observed on numerous occasions that the entrance gates to the factory remain open, which poses a high risk of contamination, pest intrusion, and the emission of odors. This situation is particularly aggravated when product is kept at ambient temperature in the boxes located outside the facilities.",01.08.2025,1,Locked: 09.02.2026,
59200,883b2f42,Avibom Avicola S.A.,"Av. Combatentes da Grande Guerra, nº 126 - Vila Facaia",Torres Vedras,2565-642,Portugal,,,IFS Food,13.02.2026,"The following Non-conformity has been raised during the IFS Food v8 audit from 09/02/2026 to 11/02/2026 at Avibom Avicola S.A - COID 59200.
 
 Non-conformity type: Major non-conformity
 IFS requirement: 4.17.4
 NC description: 
 Failure to comply with legal requirement EU Reg 853/2004. 
 During the audit, several knife sterilizers in multiple areas were verified and none were reaching the expected sterilization conditions, including:
 - Stunning area: 46.8°C 
 - Evisceration room: 50.8°C 
 - Bleeding tunnel: 68°C
 - Sterilization room: 49.6°C
 
 This indicates that the sterilization processes are not consistently effective across critical areas where knives are in direct contact with raw poultry.
 
 The failure of knife sterilizers to reach effective sterilization conditions represents a direct food safety risk. Immediate corrective actions are required, including validation of sterilization equipment, adjustment of procedures, and verification that knives consistently achieve effective sterilization before resuming normal operations.",27.03.2025,"1, 7",Locked: 13.02.2026,
59488,29762cf7,"TA-TUNG PLATOS PRECOCINADOS, S.L.","AV TORRELLES DE LLOBREGAT, POLÍGON INDUSTRIAL LA BARRUANA",SANT VICENÇ DELS HORTS (BARCELONA%,8620,Espagne,,,IFS Food,24.02.2026,"Major Non Conformity detected against Req. 4.12.2 during the integrity on site check performed on 17-02-2026:
 Some gaps were observed that could pose a risk of product contamination:
 - Residue from silicone in the peeling equipment (carrots, potatoes) that is in direct contact with the product (partially detached).
 - Growth of mould was observed on the cooling equipment located just above the Dim Sum filling preparation equipment",04.09.2025,"5, 6, 2007",Locked: 24.02.2026,
60155,ec2b8f13,PRO OVO Eiprodukte GmbH,Brückl 454,Biberbach,3353,Autriche,,,IFS Food,20.02.2026,"5.11.3 (KO no 10 - D rating): No corrective measures, deadlines, or responsibilities have been set for the deviations identified in the internal audit (18./19.09., 15./16.10.2025).",18.06.2025,3,Locked: 20.02.2026,
60794,c4918a5f,ZUBELZU PIPARRAK S.L.,"POLIGONO APATTA, C/ BARATZONDO, 2",IBARRA – GIPUZKOA,20400,Espagne,,,IFS Food,06.02.2026,"During the recertification audit, the following major non-conformity was detected in requirement 4.3.2:
 During the review of the technical data sheet for Gilda de Ibarra with cheese, 12 units, brand Zxxx, 715 g net weight / 240 g drained weight, with expiration date 10/08/2025, rev. 8, it was detected that the list of ingredients on the label of Gilda de Ibarra with cheese, 12 units, brand Zxxxx, does not correspond to the current technical data sheet. The label only mentions “vinegar,” while the technical data sheet mentions “wine vinegar.”
 According to the technical data sheet, salt is the main ingredient, ahead of vinegar; however, on the current label, vinegar is listed ahead of salt, and the descending order of ingredients as established by Regulation (EU) 1169/2011 is not clear.
 During the on-site inspection of the label for Gilda de Ibarra with quail eggs, 12 units, brand Zxxxx, it was found that in the gilda production room, on the shelf for current labels, there were two rolls of labels for gilda with cheese, 12 units, one obsolete and one current.",30.05.2025,"5, 7",Locked: 06.02.2026,
60826,72b06d7c,Fromagerie Régal s.a.,Rue derrière les Jardins 8,Queue-du-Bois,4610,Belgique,,,IFS Progress Food,02.02.2026,"Major Non-Compliance 4.18.1
 During the packaging observed on site on 29/01/26 for the reference Maquée artisanale 400g cheese to client brand VAXXX DXXX, the effective implementation of the system followed by traceability of the primary packaging was verified in order to verify its effectiveness.
 In order to proceed therewith, the correspondence between the n° of batches of packages in use at the station at the time of packaging, the n° of batches of packages physically present in stock and the n° of batches of packages in use in computer stock. Their reception controls including delivery notes were also required in order to verify the effectiveness of the link between internal traceability and that of the packaging suppliers.
 During these checks, several anomalies were then identified:
 1.The packaging used during conditioning is not physically identified on the station. It was explained that these came from the in-stock lots in use. Thus, it cannot be formally demonstrated that there is a correspondence between: available lots physically present in the stock and lots in use at the packaging station.
 2.Regarding the parchment paper of the Maquée, the pallet in use present in the physical stock was not identified with an internal batch number. A n° was present on the packages (presumed supplier batch number: the 217809). The internal batch number in use in the computer system was indicated at n° 2510. On the computer system, no supplier batch
 number was mentioned in order to be able to make the link between the physically stored batch, the supplier batch and the internal batch number. The corresponding supplier delivery note did not mention a batch number: neither an internal batch, nor a supplier batch. Therefore, regarding the parchment paper packaging, the maintenance of traceability could not be demonstrated over the audit time.
 In addition, for the other packaging observed (plastic tray of Maquée, plastic film for sealing Maquée and blue plastic piping bag of creamy cheese), the internal batch numbers and supplier batch numbers were not mentioned on the delivery notes or checks upon receipt in order to ensure a demonstrable traceability link with the batch numbers indicated in the computer system.
 On the other hand, the date of receipt does not always correspond to the date of entry into stock/entry of the packaging batch in the computer system.
 3.Regarding the plastic sealing film of the Maquée from the supplier EUXXX, the internal batch no. present on the pallet physically in stock in use (internal lot no. 2503) did not match the internal batch number indicated as in use in the computer system (internal batch number 2504).
 Neither the delivery note nor the control record upon receipt could be found and presented for film no. internal batch 2503 corresponding, a priori, to a single sample reel tested on line by the site from 11/03/2025 to 04/04/2025.
 The supplier was contacted several times during the audit to confirm that this coil was indeed of the same supplier batch number as those subsequently received under internal batch number 2504. The supplier was unable to confirm this information. Since the traceability of this film reel could not be formally established, its traceability is not guaranteed.
 Regarding this point, it is specified that all the products manufactured with this packaging are supposed to no longer be present on the market because, to date, expired.
 In view of these findings, the tracking and traceability control system for primary packaging implemented by the company does not allow reliable identification between batches of finished packaged products, the batches of packaging materials constituting the sales unit present in physical and computer stock as well as the traceability of suppliers. Thus, a Major non-compliance is assigned to the site on requirement 4.18.1.",08.04.2025,"4, 7",Locked: 02.02.2026,
61326,ecac7829,"QCD Rocky Mountain, LLC. LLC",19754 E 35th Drive,Aurora,80011,États-Unis d'Amérique,Golden State Foods Inc.,92612,IFS Logistics,18.02.2026,"A Major non-conformity was raised during the IFS Logistics audit on February 16-17, 2026.
 Description of the Major NC:
 Clause 4.10.1:
 “Non-Conformity During the facility inspection, a live bird was observed in the ambient warehouse area, positioned in the overhead structural framework near the loading and unloading dock doors. The bird was mobile within the overhead area during the observation period. No immediate controls or mitigation measures were observed in place at the time to prevent potential contamination of materials or packaging stored within the vicinity. The presence of the bird indicates that facility controls designed to prevent pest ingress were not fully effective. The facility did not fully implement effective measures to prevent pest ingress, as evidenced by the presence of a live bird within the ambient warehouse area. This condition presents a potential contamination risk to stored materials and does not meet the requirements for maintaining the facility in a manner that prevents pest entry and harborage.”",29.05.2025,"1.1, 1.10, 1.3, 1.4, 1.5, 1.6, 1.7, 1.8, 1.9, 2.2, 4.12",Locked: 18.02.2026,
61467,134030c3,DESIR NATURE SAS .,6 ROUTE DEPARTEMENTALE 917,AIZECOURT LE HAUT,80200,France,,,IFS Food,23.02.2026,"During the IFS Food v.8 audit performed from 19th to 20th February, a Major Non Conformity was detected in the requirement 5.4.1.
 
 Description: The Scale no. 25 (serial no. 0101145004 - 1g , 6kg capacity - implemented on 22/11/24) used for weight control of 400g bags packed on the flowpack line, has a green label valid until November 2025. Therefore, bags packed on the flowpack line are no longer subject to weight control on scales under legal metrology standards since November 2025, which is contrary to current regulations.",01.07.2025,5,Locked: 23.02.2026,
61648,a2721c84,BAKKERIJ MESSELY BV,Tramstraat 9,Wevelgem,8560,Belgique,,,IFS Progress Food,12.02.2026,"Major 4.18.1 - During the traceability test performed during the audit (production date 19/11/2025), no evidence was available to demonstrate which batches were used for three raw materials (milk powder, sodium bicarbonate, and eggs). 
 Furthermore, the mass balance for the eggs delivered on 18/11/2025 was significantly outside the expected range.",20.02.2025,6,Locked: 12.02.2026,
62592,c505b213,"KRAKEN SEA, S.L.","Avda. Espioca, 9",Silla (VALENCIA),46460,Espagne,,,IFS Progress Food,02.02.2026,"During the re-evaluation audit, the following major non-conformities were detected: 
 
 5.3.1 There is no official metrological verification in accordance with Order ICT/155/2020 for the temperature control equipment located in the finished product freezing chamber. Nor is there any verification for the scale associated with economic transaction JDT33XW, used to control the weight of the finished product. 
  
 4.12.1 On the first day of the audit, dripping was observed from the extractor hood in the cooking room onto an uncovered box containing cooked product.
 Contrary to the company's protocols, during the audit it was observed that disinfectant was not being applied to one of the boxes. The auditor notified the staff, and the product was applied, but the safety time (5 min) for the product to evaporate was not waited for, which could cause a risk of product contamination. Furthermore, the validation of the box cleaning was not carried out under the worst conditions, i.e., without the application of hydroalcoholic gel.",21.02.2025,2,Locked: 02.02.2026,
64338,44e8c5a2,CINQUINA INTERNATIONAL S.R.L.,Loc. Cerratina 77/I,Lanciano (CH),66034,Italie,CINQUINA INTERNATIONAL SRL,66041,IFS Food,04.02.2026,Oustandings payments,10.11.2025,"5, 9",Locked: 04.02.2026,25.09.2026 - 26.09.2026
64533,70498479,DAMM PRODUTOS ALIMENTÍCIOS LTDA,"Rua Amador Bueno, N° 294",Osasco - SP,06.230-000,Brésil,,,IFS Food,03.02.2026,"During the IFS Food audit conducted between January 28th and 30th, 2026, the following non-conformities were identified:
 
 Req. 2.3.9.1 (Deviation D in KO): During the evaluation carried out on January 29th, 2026, in the metal detection step identified as a CCP, it was observed that the product coho salmon fillet with skin, frozen, vacuum-packed, lot 084872, was being passed through the metal detector at around 9:30 am.
 
 Upon checking the CCP monitoring records (PAC PLAN 20.B1 and PAC PLAN 20.B.2), it was found that the record for January 29th, 2026 was blank, with the last monitoring carried out on January 28th, 2026 at 4:40 pm. Therefore, the metal detector functionality test with test specimens was not performed at the beginning of the process on 29/01/2026, as established in the control plan.
 Additionally, it was found that the chilled salmon fillet product, boxed the previous day on 28/01/2026, was not subjected to the metal detector, since the monitoring record for that date only listed the following products as tested: salmon steaks 90–100 g, salmon steaks 130–140 g, salmon steaks 240–300 g, salmon cubes 80 g, sliced ​​smoked salmon 80 g, sliced ​​salmon fillet, and salmon carpaccio.
 
 During the interview, the CCP monitor reported that the chilled salmon fillet product did not need to go through the metal detector, evidencing a failure in the understanding and application of the CCP 1F monitoring procedure.
 
 Req. 4.14.2 (Major): It was observed that a cart containing thawing salmon (product on display) was stored in the ""fishmonger's chamber,"" with the cart and the product leaning against the wall. It was also observed that this area has an access door from the fishmonger's; however, the area has another access opening without a door, separated only by a plastic curtain, with direct access to the circulation corridor to other storage chambers.
 
 Req. 5.3.2 (Major): Fish undergoing thawing was found to have a temperature of 8.3°C, above the recommended limit for controlled thawing (≤4°C), which may favor the multiplication of pathogenic microorganisms and compromise the safety and quality of the fish.",13.03.2025,2,Locked: 03.02.2026,
64742,65821498,HALAL GUDA DONER KEBAP d.o.o.,"Mlaka pri Kranju, Golniška cesta 102",KRANJ,4000,Slovénie,,,IFS Food,05.02.2026,"during current Unannounced audit IFS Food (planned 03.-05.02.2026, cancelled during second day on request of the client) – auditor Stanislav Bradeško; witness auditor Anže Brejc , detected:
 
 KO scoring on the requirement 2.3.9.1:
 KO N° 2: Specific monitoring procedures in terms of method, frequency of measurement or observation and recording of results, shall be documented, implemented and maintained for each CCP, to detect any loss of control at that CCP. Each defined CCP shall be under control. Monitoring and control of each CCP shall be demonstrated by records.
 
 During the site visit on 3.2.2026, the operator was asked to demonstrate the checking of the correct operation of the metal detector with test etalons on the packaging line for packed frozen
 sliced kebab (the step is identified as a Critical Control Point). The checking was demonstrated with a Fe and Non-Fe test etalons, both test etalons were properly detected by the metal
 detector. According to the instructions, checking of metal detector shall be carried out with three test etalons (Fe, Non-Fe and stainless steel (SS)). When asked why he checked the metal detector with only two test etalons, he brought the SS test etalon after a certain time. In numerous attempts, the metal detector did not detect the SS test etalon. The operator did not clearly explain why he initially tested with only two test etalons and whether the SS test etalon was detected by metal detector during the last check with all three test etalons or not. At that moment, other responsible personnel also did not provide clear explanations about what was happening and how to take appropriate action. Consequently, the records of the previous checks cannot be considered authentic and CCP metal detection is considered not to be under control.
 
 Major on 2.3.9.3:
 
 The operative personnel in charge of the monitoring of control measures defined for CCPs and other control measures shall have received specific training/instruction.
 PREVIOUS DEVIATION was not solved: the operative personnel in charge of the monitoring of control measures defined for CCP metal detection still do not have proper knowledge, the
 training was not effective (reference to KO under 2.3.9.1). Previous scoring was D, so the requirement is score as Major.",15.04.2025,1,Locked: 05.02.2026,
64809,50a25b7f,Helenental Kellerei GmbH,Helenental 1,Röschitz,3743,Autriche,,,IFS Progress Food,03.02.2026,insolvent,24.04.2025,8,Locked: 03.02.2026,
65841,67e5b98b,Palatini Eisproduktion GmbH,Hehler 165a,Schwalmtal,41366,Allemagne,,,IFS Progress Food,16.02.2026,"2 majors detected during IFS Food audit, both are applicable also for IFS Progress:
 4.12.7/IFS Food, 4.12.2/IFS Progress: Major non-conformity: In the ice cream laboratory operating area, several lampshades on the skylights were cracked and showed material loss of transparent hard plastic. The damage was also found directly above the filling line in an area where the open ice cream cups enter the machine immediately below. It cannot therefore be ruled out that fragments may fall into the ice cream cups before filling.
 Note: Based on the complaint statistics reviewed, the company received two complaints regarding transparent hard plastic in these products in 2025.
  
 4.17.2/IFS Food, 4.17.3/IFS Progess: Major non-conformity: In 2025, the company commissioned new equipment for steaming mochi dough. This machine was purchased directly in China and imported. The machine contains plastic parts in the product contact area, both in the carriers and as lid seals.
 Major non-conformity: There are no declarations of conformity, technical specifications, self-declarations from the manufacturer or internal validation that consider and evaluate the legal requirements of EU Regulation 1935/2024 and EU Regulation 10/2011. There is therefore no objective evidence that the system guarantees product legality and that a safety risk to consumers can be ruled out.",06.05.2025,"4, 7",Locked: 16.02.2026,
67786,bb4e7623,"JAMONES DE SERON CORTIJO DE CANATA, S.L.",Barriada de Canata s/nº,Serón (ALMERÍA),4890,Espagne,,,IFS Food,16.02.2026,"A KO was raised during the IFS Integrity On-site Check on February 10, 2026.
 Description of the KO:
 Clause 4.18.1:
 “During the IOC, a traceability test was carried out with the production of 26 SEP 2025. Batch: 269500. On that day, with this batch, 95 trays of sliced ham of 85 g packed under MAP and 48 packs of 85 g of sliced ham vacuum packed were produced.
 Records for both raw materials and the process were requested, and it was verified that:
 • There is no weight control for either of the two product references.
 • There is no evidence of metal detector control,CP, for either of the two product references.
 • There are no records of residual oxygen control, CP, in the case of the trays packed under MAP.
 Furthermore, a mass balance was performed to verify the quantities produced and sold. According to the computerized record:
 • Of the 48 units produced of vacuum-packed ham, 8 have been sold.
 • Of the 95 units produced of ham packed under MAP, 10 have been sold.
 A request was made to return to the finished product cold storage, and no units of the ham packed under MAP were found (there should have been 85 units), and in the case of the vacuum-packed ham, only 4 units were found (there should have been 40 units)”",04.08.2025,1,Locked: 16.02.2026,
67890,ce605f00,HPP Belgium B.V.,Rue Albert Premier 40,Leval-Trahegnies,7134,Belgique,,,IFS Food,03.02.2026,"During the current IFS Food 8 audit the following Non-conformity was raised at requirement 5.5.2: On the second day of the audit, during the assessment of the bottling lines, the following observations were made. Bottling line L1, dedicated to small containers (‘shots’, 125 ml and 250 ml), was bottling orange juice in 250 ml bottles under the brand name of an Austrian customer. It was noted that the label for this product bore the metrological marking ‘e’, unlike the other products and labels examined during the audit. This marking is the result of a specific labelling requirement of this Austrian customer. However, following discussions with the operator and the line manager regarding volumetric control, it emerged that only a single check is carried out at the start of production for each batch. This check consists of comparing the fill level of a bottle considered to be a standard — filled in the laboratory and weighed using a calibrated balance — with that of one of the first bottles from the bottling machine. This check is carried out once per batch and is only repeated when there is a change of batch. The control method used does not comply with the regulatory requirements applicable to the affixing of the ‘e’ metrological marking. In particular, no statistical processing is carried out to validate the conformity of the batch with the regulatory requirements, and no evidence could be provided of compliance with the ‘three rules of the packer’. Furthermore, the sampling carried out is not representative of the batch, as only one sample is taken at the start of production for volumes that can reach several thousand bottles. It should be noted that random checks of the volumes of 250 ml and 1 litre bottles did not reveal any underfilling. These checks were carried out at the request of the auditor at the time of the audit.",24.04.2025,"7, 8",Locked: 03.02.2026,
70908,8d23cf66,Caseificio Silvio Boi s.r.l.,"Via Nazionale, 8",Cardedu (NU),8040,Italie,,,IFS Food,06.02.2026,"On 29-January-2026 an IFS Integrity On-site check was carried out where 8 non-conformities were identified against the following IFS-Food v8 requirements: 
 2.3.9.1 (D)KO : Given that the company does not operate every day, the temperature traces relating to the monitoring of CCP1 ""pasteurization"" are not always available 
 4.2.1.5 Major: The production process for lactose-free products is not completed and not fully documented.
 4.3.2 Major: Some “lactose free” cheeses labels are not in compliance with national regulation (ref. Note from the Italian Ministry of Health DGISAN 0027673_P_07-JUL-2015).
 4.8.2 Major: The production process for raw milk cheese takes place in the same production facilities and with the same equipment as for pasteurized milk cheeses. The methods adopted to prevent environmental cross-contamination are not described in the HACCP, nor specific records were available during the IOC.
 4.14.5 Major: During the IOC, unidentified raw materials, processing aids and semi-finished products were found: chili pepper, whey starter in unidentified containers or plastic bottles.
 4.17.2 Major: There is no documentary evidence to demonstrate the suitability of the following systems equipment / material for food contact: compressed air production system, air distribution pipes in the brine tank.
 4.18.1* (D)KO: The traceability test carried out on IOC batch 02.01.2026, failed due to a non-compliant mass balance. Furthermore:
 - Traceability of labels containing legal information was is not managed.
 - Raw Milk discharge downloading tanks and their emptying dates were are not recorded.
 - given that the company also have a shop for final consumers, movements of cheese (finished product) from the dairy to the shop are not recorded.
 5.11.3 (D)KO: The corrective actions implemented following the previous IFS audit are not effective; repetitions found during the IOC.
 
 THe CB has decided to withdraw the IFS certificate.",07.08.2025,4,Locked: 06.02.2026,
71648,94a905b4,Finest Meat Sp. z o.o.,Krokowo 63A,Jeziorany,11-320,Pologne,,,IFS Food,10.02.2026,Certificate is held due to the lack of payment,30.01.2026,"1, 7","Locked: 10.02.2026, Unlocked: 11.02.2026",
72355,f087d950,Panobake GmbH,Rottstraße 128,Herne,44653,Allemagne,,,IFS Broker,24.02.2026,"KO-Non-Conformity at Point 5.2.2:
 In the Quality Assurance Annex of the terms and conditions of the food retailer to whom the promotional product 7483 Dubai Style Baklava was delivered, section 12 specifies requirements for the necessary expert reports for the delivered products.
 
 According to this annex, an analysis must be carried out annually for promotional products. The required analyses were not commissioned for the promotional product 7483 Dubai Style Baklava, which was sold during a promotional period in 2025. While a migration analysis and a labeling check could be submitted for the product in question, the company did not conduct any further analyses requested by the customer, thus failing to comply with the customer's requirements.",01.04.2025,"1.1, 1.6, 1.7",Locked: 24.02.2026,
72567,9409c925,HIGH QUALITY FOOD S.p.A S.p.A.,"VIA DI PIETRALATA, 179",ROMA,158,Italie,,,IFS Food,06.02.2026,"Major Non-Conformity requirement 4.12.4 
 ""THE METAL DETECTOR CONTROLLING THE CCP FOREIGN BODIES IS NOT VERIFIED (E.G. VERIFICATION OF FUNCTIONALITY BY A COMPETENT EXTERNAL COMPANY) IN THE LAST THREE YEARS""",16.04.2025,"1, 2, 4, 5",Locked: 06.02.2026,
74045,c1d289f9,Interlogística del Frío (Tarrasa Site) S.A.U.,Avenida del Vallès 33,Terrasa,8228,Espagne,Interlogística del Frío S.A.U.,8228,IFS Logistics,05.02.2026,"During the audit completed on site on 03/02/2026 the following KO was identified at requirement 5.9.2:
 
 As a consequence of the deviations identified during the previous IFS Logistics v3 audit carried out
 on 02/04/25, the company proposed a robust corrective action plan. However, during the on-site
 visit and the review of documentation, it was not possible to verify that the actions related to the
 following requirements had been implemented:
 1.1.1, regarding the implementation of the food safety culture plan;
 4.3.1, regarding the segregation of food products and marketing materials;
 4.8.1, regarding the presence of wood splinters;
 5.8.3, regarding the identification of non-conforming product.
 As a consequence of this situation, the same deviations have been repeated.",28.05.2025,"1.1, 1.2, 1.3, 1.4, 1.5, 1.6, 1.7, 3.1, 3.2, 3.3, 3.7, 4.7",Locked: 05.02.2026,
74086,ec45e9fb,Interlogística del Frío S.A.U.,"Transversal, 12",Barcelona,8040,Espagne,Interlogística del Frío S.A.U.,8228,IFS Logistics,05.02.2026,"During the audit completed at Head office on 03/02/2026 the following KO was identified at requirement 5.9.2:
 
 As a consequence of the deviations identified during the previous IFS Logistics v3 audit carried out
 on 02/04/25, the company proposed a robust corrective action plan. However, during the on-site
 visit and the review of documentation, it was not possible to verify that the actions related to the
 following requirements had been implemented:
 1.1.1, regarding the implementation of the food safety culture plan;
 4.3.1, regarding the segregation of food products and marketing materials;
 4.8.1, regarding the presence of wood splinters;
 5.8.3, regarding the identification of non-conforming product.
 As a consequence of this situation, the same deviations have been repeated.",04.06.2025,"1.1, 1.2, 1.3, 1.4, 1.5, 1.6, 1.7, 3.1, 3.2, 3.3, 4.7",Locked: 05.02.2026,
74746,ccb5dabc,BIO PASTIS S.L.,Plaza Alto del Losar 4,Toledo,45800,Espagne,,,IFS Food,20.02.2026,"During the recertification audit, the following major non-conformity was detected in requirement 4.3.2.:
 
 The labeling and technical data sheet of the final product for the following products are reviewed:
 **R.PROD.FP-00. 11/06/2025. Code: 02008001. CHOCOLATE FLAVORED PANCAKES. OK
 **R.PROD.FP-00. 06/06/2025. Code: 02002047. DOUBLE CHOCOLATE MOIST CAKE 5X5.
 **R.PROD.FP-00. 02/12/2024. Vasca cheesecake. 2,100 kg
 **R.PROD.FP-00. 08/12/2025. Code: 02205003. PISTACHIO AND WHITE CHOCOLATE CAKE. 
 It has been detected that the percentage of ingredients that characterize the product, in accordance with Article 22.1.c of Regulation (EU) 1169/2011, is not declared on the final product label, for example, the percentage of white chocolate, cheese, cocoa.",21.03.2025,6,Locked: 20.02.2026,
74771,233a9b34,Jokioisten Leipä Oy .,Leivänkuja 1,Jokioinen,FI-31600,Finlande,,,IFS Food,17.02.2026,"main bakery in Jokioinen, Finland, was completely destroyed in a fire. There will be no production at this location until further notice. Due to this situation, and because the current circumstances cannot be assessed in accordance with IFS requirements, the IFS certificate will be temporarily suspended.
 Once it becomes foreseeable when production will resume, there will be a special visit, after which the certificate can be reinstated.",20.11.2025,"6, 7",Locked: 17.02.2026,
75942,4be20131,BONNYSA S.A.T. Nº 9359 .,"CENTRO P4H: PARTIDA BAYONA ALTA 4, POL.13 PARCELA 23",MUTXAMIEL (ALICANTE),3110,Espagne,,,IFS Food,24.02.2026,"In the audit carried out by Sygma Certification S.L. on 18, 19 and 20 February, the following Non-conformities were raised:
 
 NC K.O. 2.3.9.1 
 
 During the visit to the plant, in the pineapple handling area, the metal detector screen displayed ""pending error."" The conveyor belt did not stop, there was no visual or audible alarm, and no member of staff present on the line noticed the issue. As a result, the product continued to pass through, be weighed, and packaged, affecting batch 049: whole peeled pineapple in 500g PET jars. This is a Critical Control Point (CCP) (defined by the company in its HACCP plan) that is monitored hourly by quality control personnel using iron, non-iron, and stainless steel indicators. It was also verified that everything was OK during the last inspection. A member of the maintenance team was called, and it became clear that they also did not know what the error was. Therefore, there is a clear loss of control over this CCP on the pineapple handling line. Furthermore, during the review of the CCP control documentation, it was observed that on the grated tomato production line for batch 026052 420109 in 290-gram containers, specifically for the batch produced on January 28, 2026, there was no evidence of a metal detector verification record at 10:00 AM, and no clear justification for this omission was provided. Therefore, there is no evidence of adequate control of this CCP on the grated tomato handling line.
  
 NC major 4.9.4.1
 
 During the visit to the plant, high condensation was observed on ceilings and hanging elements, which falls on the product in raw material chambers (C1, C4) and in handling rooms such as the pomegranate-avocado and grated tomato rooms, posing a direct risk of physical and/or microbiological contamination of the products.
  
 NC major 4.12.6 
 
 During the visit to the plant, it was observed on the pomegranate handling line that, although the metal detector stops the conveyor belt and triggers a light alarm, its rejection pusher is not functioning. Therefore, potential direct risks to the product's food safety cannot be ruled out.
  
 NC major 4.16.1 
 
 During the plant visit, despite having the RPHT 5 GENERAL MAINTENANCE AND CALIBRATION PLAN (Ed. 6, 03.01.2024) documented, it was observed at the facility level that the scheduled preventive maintenance tasks for critical equipment that could affect product safety, quality, and legality were not being properly implemented. Furthermore, it was noted that some of the maintenance personnel interviewed were unaware of the planned maintenance tasks for certain equipment, and in some cases, there was no evidence of preventive maintenance records for these machines.
 .
 NC major 4.17.4 
 
 During the visit to the plant, in the avocado handling room, it was observed that the guacamole mass was coming out through the propulsion piston located next to the surge tank from where the finished product is launched to the filling machine where guacamole with batch 049 is being packaged in 500g PET tubs, without any member of staff present on said line noticing this issue, so the equipment is not in adequate condition, posing a direct risk to food safety for the product.
  
 NC K.O 5.11.3 
 
 Although some of the deviations from the previous audit have been closed, deviations are repeated in the following requirements (4.9.2.2., 4.9.2.3., 4.9.3.1., 4.9.3.2. and 5.11.3.) due to the same root cause, so the corrective actions that have been implemented have not been effective.",04.04.2025,"5, 8",Locked: 24.02.2026,
76358,135f08da,LACTO SINELLI SRL,DJ 173 TEACA,BISTRITA NASAUD,427345,Roumanie,LACTO SINELLI SRL,427345,IFS Food,06.02.2026,"The following Non-conformities have been raised during the IFS Food version 8 audit from 02.02.2026 to 04.02.2026 at LACTO SINELLI SRL - COID 76358.
 
 Non-conformity type: Major non-conformity
 IFS requirement: 4.5.2
 NC description:
 During the onsite assessment, deficiencies were identified regarding the control, documentation, and verification of food contact materials. During the onsite visit of the final product storage warehouse, it was observed that whey cheese (lot no. 034, best before date 13.02.2025) was wrapped directly in stretch foil with a thickness of 23 microns, made of LLDPE, supplied by H.P. Further document review confirmed the availability of an overall migration test (Test Report LCMMA27, dated 28.04.2025). However, no valid Declaration of Compliance (DoC) for food contact materials was available for this packaging material, as required by applicable food contact legislation.
 Furthermore, within the vertical traceability exercise for Pilos White Cheese, incomplete documentation was identified for primary packaging materials. Specifically, for the lower film BHB16, 42 mm, lot no. 1504241010, no migration testing results were available. Additionally, for the upper film THB7, 420 mm, lot no. 25B0604201010, the Declaration of Compliance was not available at the time of the assessment.
 These findings demonstrate that the company has not fully ensured that all food contact materials are appropriately documented, verified, and supported by valid Declarations of Compliance and relevant migration tests prior to use. As a result, compliance with applicable legal requirements and the effective implementation of controls for food contact materials could not be fully demonstrated.
 
 Non-conformity type: Major non-conformity
 IFS requirement: 4.8.2
 NC description:
 During the on-site visit, a major nonconformity related to chemical contamination of the product was identified. An operator, BM, assigned to the White Cheese Section, was observed using a cutting adjustment utensil (space rigler) for portioning white cheese, lot 033, directly inside the tank. The utensil had been taken directly from a disinfection container containing a 2% chlorine-based solution, without being rinsed with potable water prior to use.
 This resulted in direct chemical contamination of the food product with a cleaning and disinfection agent. The practice demonstrates a significant failure in the effective control of chemical hazards during food handling operations, as equipment intended for direct product contact was not rendered free from disinfectant residues prior to use.
 Although the affected product was immediately isolated to prevent its release into the food chain, the observed situation represents a serious risk to food safety and indicates that the implemented procedures and staff practices were not effectively applied at the time of the assessment, contrary to the requirements of the standard.
 
 Non-conformity type: KO 
 IFS requirement: 4.18.1
 NC description:
 During the on-site visit, the intermediate storage area for packaging materials, located adjacent to the fresh dairy products section, was evaluated. Within this packaging storage area, two types of packaging materials were observed without lot identification and without appropriate labelling, preventing their unambiguous identification and traceability, as follows:
 • Plastic buckets suitable for 1 kg, supplier: T.T.
 • Plastic buckets suitable for 5 kg, supplier: T.T.
 Subsequent verification and cross-checks using different internal sources, including the Laboratory List of auxiliary materials with lot numbers and Records from the central packaging warehouse storage, confirmed that the company had documented two different lots for each type of packaging material, both of which were in use at the time of the audit:
 • 1 kg buckets, supplier T.T:
 - Lot 18112025SPMSR07 (Laboratory List)
 - Lot 16012026SPMR23 (in use at the time of the audit in the central packaging warehouse)
 • 5 kg buckets, supplier T.T:
 - Lot 27092025PMSP23 (Laboratory List)
 - Lot 0898563183 (in use at the time of the audit in the central packaging warehouse)
 Although the company had documented the existence of distinct lots for the same type of packaging materials, both reportedly in use during production, it was not possible to clearly identify or demonstrate, through documented evidence, the exact lot of packaging materials used in production for the evaluated items. The documentation did not allow a reliable linkage between the packaging used and the corresponding recorded lot numbers.
 This situation represents a failure to ensure effective identification and traceability of packaging materials throughout storage and use. The absence of clear lot identification prevents accurate tracking and limits the company’s ability to ensure effective traceability.
 At the time of assessment, the implemented controls were insufficient to guarantee that packaging materials used in production could be consistently and unambiguously linked to their respective documented lots. Additionally, based on the available records, the company was not able to demonstrate the actual lot of packaging materials used in production.
 
 Non-conformity type: Major non-conformity
 IFS requirement: 5.6.1
 NC description:
 For the year 2025, it was identified that the company did not perform analyses for polycyclic aromatic hydrocarbons (PAH) for the smoked cheese (cașcaval afumat) and did not analyse the melamine content. Although these analyses were defined in the company’s approved autocontrol and sampling plan, they were not effectively implemented during the reporting period even if melamine content is legally relevant in accordance with Commission Regulation (EU) 2023/915.
 This situation indicates that the product analysis and testing programme was not fully executed as planned, and therefore the verification of compliance with applicable legal requirements for the affected products was incomplete for 2025.
 
 Non-conformity type: KO non-conformity
 IFS requirement: 5.11.3
 NC description:
 Based on the audit assessment and the review of evidence related to corrective actions, it was determined that the company has not consistently ensured the effective implementation and verification of corrective actions arising from identified deviations.
 Examples of CA assessed:
 - The evaluation of corrective actions from the previous IFS Food action plan identified that several measures were not implemented in depth or were only partially executed. For example, for requirement 4.12.7, although corrective actions were defined, no internal routine checks for the verification of protective films were performed, and no documented site inspections were carried out during 2025. Similarly, for requirement 5.1.2, no internal audit checklist was available, and consequently, the company was unable to demonstrate that all relevant and critical requirements were systematically covered during internal audits. Furthermore, although an increased frequency of internal audits was defined as a corrective action (May, August, and November 2025), evidence confirmed that this measure was implemented only in November 2025.
 - Additionally, during the verification of corrective action closure related to the complaints management process, several inconsistencies were identified. For complaint concerning hard Cheese Dalia (lot 042, best before date 11.06.2025, quantity 1 unit, customer D.), corrective actions referred to verification and personnel training dated 14.03.2025; however, no evidence of the documented training was available. For complaint concerning Hard Cheese Dalia (lot 191, best before date 07.11.2025, received on 30.07.2025 from D., quantity 1 unit), the counter-sample was verified and organoleptic checks were documented, but no external microbiological analyses were performed, as was stated in the response. For complaint dated 16.06.2025 concerning Lactofresh White cow cheese (lot 111, best before date 20.06.2025, quantity 34.4 kg), related to nonconforming odour and appearance, corrective actions referred to organoleptic verification and personnel training to be completed by 22.06.2025; however, no evidence of the training was available.
 - Based on the evaluations performed, the auditor concluded that these issues do not represent isolated cases but indicate systemic weaknesses in the implementation, follow-up, and effectiveness verification of corrective actions.
 As this requirement was rated B during the previous IFS Food audit and, despite defined corrective actions, similar and repeated deficiencies were identified during the current assessment, the effectiveness of the corrective action system could not be demonstrated. In accordance with the IFS scoring logic, this situation justifies the downgrading of requirement 5.11.3 from a B rating to a KO rating during the present audit.",16.04.2025,4,Locked: 06.02.2026,
76450,cfb08aa3,GUSTO MUNDIAL BALEARIDES SL,"CTRA. DE CAMPOS-COLONIA DE SANT JORDI KM. 8,7",CAMPOS,7630,Espagne,,,IFS Food,20.02.2026,The company stops production at this site,20.05.2025,10,Locked: 20.02.2026,
77019,002d15fd,FRIMAR PANADEROS S.L.,"Camino Viejo, s/n",Enguera (Valencia),46810,Espagne,,,IFS Food,13.02.2026,"Mayor NC against 4.13.2: Preventive measures implemented by the company to avoid pest are not enough.
 Findings: during the plant visit, inside the powder egg silo (vessel) of L21-22, one live lepidoptera was seen in contact with the product. The company immediately did empty the silo and retained the possible affected product, but it was not possible to ensure that other products could have been affected.
 In addition, in the upper area of production Line L23, where other vessels with micro-ingredients are placed, there were observed several death lepidoptera in the floor of the ingredients silos (vessels), and this issue could be an indicator of a possible infestation by lepidopterans in the raw materials.",26.05.2025,"6, 7",Locked: 13.02.2026,
77382,98900b43,Kirn Production SAS,"8, rue Eugénie Brazier",ILLKIRCH-GRAFFENSTADEN,67400,France,,,IFS Food,03.02.2026,"During the audit from January 26 to 30, 2026, a KO was raised on item 5.11.3 : Various shortcomings in the follow-up of corrective actions were identified during the audit:
 -The follow-up of the action plan resulting from the last IFS audit is insufficient. The corrective actions defined have not always prevented the recurrence of deviations. In fact, during the IFS 2025 audit, 32 deviations were identified. During the current audit, of the 32 deviations, 15 have been resolved and 17 are either unchanged or have worsened (9 deviations unchanged and 8 deviations worsened).
 It should be noted that the discrepancies in deviations 2.3.5.1, 2.3.6.1 and 4.8.2 are recurring deviations since the IFS 2024 audit (deviations rated D during the 2025 audit).
 
 -In addition, a lack of formality was noted with regard to corrective actions:
 --following the reminder issued in summer 2025 regarding the presence of mould, the site defined an action plan. However, for all actions, there is no clearly defined person responsible, no deadline, and no date for implementation of the actions – it should be noted, however, that the actions have been implemented
 --following the internal ‘cleaning’ audit carried out on 2 and 3 June 2025, the dates of completion of the corrective actions are not recorded
 --Following internal non-compliance no. 157 for the presence of a foreign object (piece of pipe), the site has defined a correction but has not defined a corrective action
 --Following internal non-compliance no. 146 for the presence of a foreign object, a corrective action was defined (implementation of a scraper check), but the deadline and the person responsible for the action were not defined and the completion date was not recorded.",06.06.2025,"1, 7",Locked: 03.02.2026,
78072,ba07d88f,BODEGAS RIOJANAS (centro Cenicero) S.A.,"AVD. RUIZ DE AZCARRAGA, 1--21",CENICERO (LA RIOJA),26350,Espagne,,,IFS Food,09.02.2026,NSF has been made aware by the site that the facility will drop the IFS Food certification.,29.07.2025,8,Locked: 09.02.2026,
78229,60986b90,CIOLI EGIDIO S.R.L.,VIA VARIANTE DI CANCELLIERA SNC,ARICCIA (RM),72,Italie,,,IFS Food,05.02.2026,"On 03 February-2026 an IFS Integrity On-site check was carried out where 2 non-conformities were identified against the following IFS-Food v8 requirements: 
 
 2.3.8.1. Major: The processing time is not monitored. There is no study on the elimination of pathogens in the product. The validation of CCP7 document is inconsistent. In the traceability test of roast ham carried out on the day of the IOC, the pasteurisation treatment was different from limits defined in the HACCP. The equivalent time/temperature calculation was not performed and the product was released without approval of the derogation.
 4.3.3 Major: During the IOC, a traceability test was carried out on Cioli roast ham. 
 The production sheet and registrations showed that the meat used, in relation to the finished product was 84%, while the current label and technical sheet stated '95% pork leg meat. In the shelf-life study, the label approval study was not documented, nor was the percentage of injection to be applied to the product. The operator verbally reported different data from the data defined.
 
 The CB has decided to withdraw the IFS certificate.",01.09.2025,1,Locked: 05.02.2026,
78548,a91ccc94,Gondamar & Fish S.L.,"C/ Jogueters, Esquina Avenida Corregers Parcela 1. Polígono Industrial Casanova",Riba-Roja del Turia (Valencia),46394,Espagne,,,IFS Food,16.02.2026,"In the IFS Food ANNOUNCED recertification audit performed on 10.02.2026 – 12.02.2026, 1 Major Scoring non-conformity was identified on requirement 4.2.1.5:
 
 “Salmon burgers Gondamar branded includes in label Free from Gluten, Free from Lactose and Free from egg claims and no measures are implemented to demonstrate compliance with such declarations as performance of regular test to verify absence in final product neither formal studies to justify the absence of such allergens in final product. Necessary to highlight that one of ingredients used for Salmon burgers is Geblinder Sosa, gelling powder for which is described, between others, traces of eggs and milk in its specification Rev 17 dated on 21.03.2022.”",25.03.2025,2,Locked: 16.02.2026,
79085,861d405c,ORMA. S.r.l.,"Contrada Serrauccelli, S.N.",Modica (RG ),97015,Italie,,,IFS Food,20.02.2026,"Following the IFS Integrity On-site Check conducted on February 17, 2026, at ORMA SRL, one (1) Knock-out (KO) and three (3) Major non-conformities were identified. The relevant clause numbers are as follows: 
 
 4.12.1 – KO: Given that the company does not have foreign body detection devices (sieves, filters, metal detectors/X-rays) and the only control measure to ensure the absence of foreign materials in the finished product is visual inspection during processing), during the audit, the following sources of foreign materials were observed that were not properly managed, neither recorded as non-conformity in the internal records:
 
 Baking trays (in use) with peeling green teflon coating
 Transparent plastic film used to protect semi-finished dough awaiting shaping, with a light tear
 Paper bags of raw materials (e.g., flour, sugar) cut unproperly (jagged edge) and not completely closed during their storage
 Raw materials in storage were not covered: bags of powdered raw materials both in storage and in use, semi-finished strawberry shortcrust pastry dough in storage, raw fat (margarine?) in storage
 Safety labels on the shortcrust pastry shaping line torn and line not covered
 
 4.3.2 – Major : Given that colorants are used to make shortcrust pastry, their indication on the label is not consistent with Regulation 1169/2022, Annex VII, Part C).
 
 In the finished product ""Large Shortcrust Pastry Tarts"" (code: TM3MB), the Egg Yellow color E 160b(ii) and E 100 (supplier D., technical specification rev. 16-JAN-2024) is described in the list of ingredients as ""Colorant: Egg Yellow "" instead of ""Colorant: curcumin, annatto norbixin (or E100, E160b(ii)"").
 In the finished product ""Mignon Shortcrust Pastry Tarts"" (code: TM6), the Beta-Carotene color (E160a(i), supplier E., technical specification rev. 07-APR-2025) is described in the list of ingredients as ""beta-carotene"" instead of ""colorant: carotenes (or E160a(i)"").
 Both labels refer to the technical specification for the finished product ""Margarine Shortcrust Pastry Tarts and Boats"" (rev. 01-NOV-2024).
 4.14.5 – Major: Unidentified raw materials/semi-finished products present in storage and in the production department:
 
 Tray containing pistachios in grains in storage room
 Semi-finished strawberry shortcrust pastry dough in storage room, raw fat (margarine?) in storage room
 Cocoa powder contained in a bucket that previously contained wildflower honey
 Finished product to be packaged (chocolate-covered boats)
 
 4.17.2 – Major: No documentation certifying food contact compliance is available for the two-color shortcrust pastry tartlet shaping machine (SY-810 Multifunctional Encruting machine” (producer S.S.M. Co. Ltd, made in China).
 
 In accordance with the IFS Standard regulations, the identification of a KO or Major non-conformity based on objective evidence during an IFS Integrity On-site Check has the same impact on the current IFS certificate as it would in a regular IFS audit. Consequently, within the framework of IFS Food v8 requirements, it has been decided to withdraw the IFS certificate.",06.11.2025,6,Locked: 20.02.2026,
79429,e19d8d77,OLMO MAZCUÑAN S.L.,"POLÍGONO 30, PARCELA 263, CARRETERA SAN CLEMENTE S/N",VILLANUEVA DE LA JARA,16230,Espagne,,,IFS Food,13.02.2026,"In the audit carried out by OCA GLOBAL on 10,11-02-2026, a MAJOR nonconformity was raised against requirement 4.5.2 with the following description: 
 The company purchases the product “shiimeji marrón” already packed in its final packaging (plastic tray sealed with film) from two suppliers: Fujixx Ningxxx Yongx Traxxx (China) and Laumoxxx (national supplier).
 The product is received fully packaged, with no handling of the product being carried out. In both cases, the supplier’s original tray is maintained and, in the case of supplier Fujixx Ningxxx Yongx Traxxx, the original sealing film is also maintained. The company’s activity is therefore limited to labelling and marketing under its own trade name.
 The following non-compliances with Regulation (EU) No. 10/2011 on plastic materials and articles intended to come into contact with food have been evidenced:
 • Supplier Fujixx Ningxxx Yongx Traxxx (China), where the original tray and film from the supplier are maintained:
 No Declaration of Conformity is available for the film. In addition, the Declaration of Conformity provided for the tray (15/01/2026) does not specify the manufacturing material.
 • Supplier Laumoxxx (Spain), where the supplier’s original tray is maintained and the film is removed and replaced with the company’s own film:
 Although an analytical report issued by the laboratory “China Quality Test Alliance” (11/01/2023) is provided, the Declaration of Conformity for the tray in accordance with Regulation (EU) No. 10/2011 is not available.",31.03.2025,5,Locked: 13.02.2026,
81326,9f5e17c6,"GRUPO DISFRUTA EXPORT, S.L.","Ctra. Iryda Km 7,5",Campohermoso - Níjar (Almería),4110,Espagne,,,IFS Food,13.02.2026,"On 11,12-02-2026, an announced audit was conducted, and the auditor detected 1 KO Nonconformity and 2 Major Nonconformities for the following requirements:
 
 • KO rating for requirement 3.2.2: During the plant visit, the following hygiene breaches were detected:
 - Evidence of smoking inside the facilities (tobacco odor and a cigarette butt inside the trash can near the production line).
 - Evidence of eating in the production area (candy remains in the trash can on the production line and an open juice container in the shipping office).
 - A worker on the production line wearing gloves without food-grade markings, a worker at the end of the production line wearing a watch, and a worker wearing wristbands in the receiving area.
 
 • Major rating for requirement 2.3.9.4: According to HACCP (Rev.09; dated 25/02/2025), pesticide control during the raw material receiving phase is a Control Point (CP). Control measures include monitoring safety intervals upon each receipt and conducting weekly farm visits. During the audit, there was no evidence of these farm visits or a system in place to verify compliance with safety intervals for the following producers/crops: supplier 1103 courgette (Frequent deliveries between 12/06/2025 and 02/11/2026), supplier 579 courgette (Frequent deliveries between 12/19/2025 and 02/11/2026), supplier 1317 courgette (Frequent deliveries between 01/02/2026 and 02/11/2026)
 
 • Major rating for requirement 5.5.1: Regarding quantity control, there is no evidence of the implementation of nominal quantity controls for packaged products, as established in Royal Decree 1801/2008 of November 3, which sets out regulations concerning nominal quantities for packaged products. Verified: Frequent shipments of 1 kg mesh bags of courgette between September 2025 and February 2026.",09.04.2025,5,Locked: 13.02.2026,
83803,876d366d,Cooperativa Agrícola Mista de Tomé Açu CAMTA,"ROD PA 140, KM 02 - Nº 210 - Zona Rural",Tomé Açu / PA,68.682-000,Brésil,,,IFS Progress Food,10.02.2026,"Reason for Withdrawal:
 During the new initial assessment carried out from February 3 to 4, 2026, the following major non-conformities were identified:
 
 • 2.3.9.1 NC – It was evidenced that the monitoring of CCPs 1F and 3F should include a larger sampling frequency throughout the process, not only one at the beginning and one at the end of the process. The sampling performed is not representative for CCP monitoring. For CCP 2B, monitoring of the time × temperature combination is not performed.
 
 • 2.3.11.1 NC – No validation of the HACCP plan was presented, nor any study based on the updated Codex Alimentarius requirements.
 
 • 3.4.1 NC – During the visit to the industrial area, it was evidenced that there is a sanitary barrier at only one entrance to the facility. It was verified that in the fruit receiving area there are two doors through which products and people circulate directly into the production area without a sanitary barrier. It was also evidenced that dirty fruit crates from the receiving area enter the clean area of the facility without any hygiene treatment.
 
 • 4.9.2.1 NC – During the on-site inspection in the production area, it was verified that the walls presented defects in all production sectors, with the presence of condensation, mold, and dirt.",25.02.2025,"5, 8",Locked: 10.02.2026,
84195,81f9c74a,Tasco Gıda ve Danışmanlık San. Tic. Ltd. Şti. Akhisar Site .,Mecidiye Mah. Atatürk Cad. No: 134 Akhisar,Manisa,45200,Turquie,,,IFS Food,02.02.2026,"Tasco Gıda ve Dan. San. Tic. Ltd. Şti. (COID: 84195) company’s IFS Food v8 certification process audit conducted on 17–18–19 December 2025 is currently in the certification stage; however, since we have not yet received the payment for this stage, we are unable to finalize the certification procedures.
 
 In this context, your certificate/letter of confirmation has been temporarily suspended until the payment is completed.",02.02.2026,5,"Locked: 02.02.2026, Unlocked: 05.02.2026",
84698,bb5ca0b6,SIAS SA,Rue du Champ Macret,Roye,80700,France,,,IFS Food,17.02.2026,"2.3.9.1-KO (D)
 Monitoring of CCP No. 5 is based on checking the core temperature of gyozas at the exit of the cooking tunnel. Monitoring is carried out every 15 minutes. During this audit, the operator responsible for this CCP was interviewed and explained that if the core temperature is non-compliant, the anomaly is immediately reported to the line supervisor to stop production, and that all products exiting the oven are discarded as soon as the anomaly is detected. However, the operator stated that non-compliant temperatures observed are not recorded, and that production only resumes once compliant core temperatures are reached again.
 A case from the previous day (production dated 11 February 2026) was mentioned. The line supervisor confirmed a boiler issue that generated non-compliant temperatures, leading to line stoppage and destruction of the products in the tunnel. Both the person in charge of temperature monitoring and the line supervisor confirmed that non-compliant temperatures are not recorded because the products are destroyed. In the related production file, temperature measurements were recorded every 15 minutes and all recorded temperatures were compliant. However, there was indeed a production stoppage of at least 20 minutes at the cooking tunnel.
 The production file therefore does not reflect the actual situation: non-compliant temperatures were not documented, stoppage times were not specified, and although products were discarded as soon as the anomaly was detected, the planned corrective actions namely blocking products manufactured since the last compliant check were not implemented.
 
 
 4.1.3-KO(D)
 A traceability test was conducted on the product: Cooked vegetable rice private label in 500 g bags; item code: RSS500PC1142; Recipe R1142; client specifications and product specifications validated on 27/06/2025.
 
 Several anomalies were identified during this audit, preventing assurance that the recipe for Cooked Vegetable Rice in 500 g bags (item code: RSS500PC1142; Recipe R1142) is being followed.
 1) In the production record of September 8, 2025, the quantity of dry rice used does not match the manufacturing order (1,840 kg planned vs. 2,490 kg used), while the quantities of the other ingredients (vegetable marking mix, oil, and sauce) were not modified. As the process is continuous, the company explains that rice flow rates are fixed and that additional rice was added to consume the full vegetable marking mix. However, the recording completed in the mixing area, showing the flow rates of the vegetable marking mix and rice, is not available. Normally, it includes the hourly checks of mix and rice flow rates. Without this information, it is not possible to verify that the proportions were respected.
 2) The line operator interviewed during the visit on February 11, 2026 (same product in production) indicated that rice flow rate control (kg/h) is no longer performed, as the flow is fixed and non-adjustable. Therefore, it is not possible to verify the quantity of rice used in relation to the quantity of vegetable marking mix, while the quantities of dry rice used can vary depending on the production day.
 3) Instructions regarding the flow rates for the automatic dosing of oil, rice, and sauce were slightly modified between the production on September 8, 2025, and the current instructions. The reasons for these modifications are not justified, and the impact on the original recipe has not been assessed.
 4) During product development, a final recipe adjustment was made at the client’s request to reduce the cabbage content in the finished product. This resulted in a final version of the recipe with modifications for three ingredients in the vegetable marking mix: sunflower oil (1% → 1.3%), tapioca flour (2% → 1.5%), and cabbage (19% → 18.2%). The final version of the recipe indicated in the client’s specifications was not implemented in production. Production still follows the previous version.
 5) Vegetables are thawed by immersion in hot water and weighed after draining. The weight of the vegetables after thawing should be checked and quantities adjusted in the cooker if necessary, as weight instructions relate to thawed vegetables. During the visit on February 11, the operator’s weighings showed discrepancies between the planned quantities and the actual quantities weighed. The operator weighs and records all bins but never adjusts the quantities, despite discrepancies exceeding the internal tolerance of 1 kg. Internal instructions are not followed. Note that the quantity of frozen vegetables used is nevertheless in accordance with the labeled values.",21.02.2025,7,Locked: 17.02.2026,
86581,718f2c07,Società Semplice Agricola Filiera Fusero Società Semplice Agricola,"Via Cuneo, 41/A",Savigliano,12038,Italie,,,IFS Food,18.02.2026,"Following Integrity on site check in date 13/02/2026 and after preliminary technical review and decision, the certificate is suspended for the following reasons:
 
 § 2.1.2.1 Major Nonconformity
 On the day of the IOC, the following records required by the HACCP Plan and the Quality Management System were not up to date: ## Statistical weight control on final products: last records made on 04-FEB-2026(the weight check of productions made subsequently, e.g. panna cotta batch26035, was not recorded). ## Temperature control of products being processed (egg product temperature 85°C PrpOP, product temperature during filling >60°C PrpOP) last available records dated on 03-FEB-2026 (ref. zabaglione panna cotta) ## Labeling checks were not recorded for products with neutral packaging or private label (e.g., Retailer A. brand cocoa and hazelnut panna cotta – Spain market, batch 25328, BB 22/02/2026).
 Records concerning statistical weight check and temperature checks are made on Excel file, which can be amended without that corrections are tracked.
 
 § 4.19.3 Major Nonconformity
 Although the allergen management policy (ref. P12 rev. 0 dated 04-APR-2023) requires the potential allergens egg, nuts and peanut to be indicated on the label of the finished product (when these allergens are not present in the recipe as ingredients), the label of the product sampled in the traceability test, ""Cocoa and hazelnut panna cotta, Retailer A. brand – Spain market,"" does not include the potential allergens ""egg, other nuts and peanut.""
 Furthermore: ## The label of the aforementioned Retailer brand product does not include highlight the ingredient ""hazelnut"" in bold character (as required by Regulation 1169/2011, Article 21, Paragraph b). ## The reasons for reporting the potential presence of allergens from internal cross-contamination (i.e., lack of cleaning validation) are not sufficient.
 
 § 5.4.1 Major Nonconformity
 The scale used to check the statistical weight of the finished product (serial number 3142) was not subjected to the metric verification within the established deadlines (within 3 years since the commissioning date of 02-FEB-2023).The scale, as reported in the ""Calibration Log"" (Form R12 dated 26-JUN-2024), was due for the metric verification by 01-FEB-2026, but this verification has not yet been performed",04.09.2025,7,Locked: 18.02.2026,
88259,2025ac95,CAFES CIVIT S.A.,C/ H PARC 330,Tortosa,43897,Espagne,,,IFS Food,06.02.2026,"During the audit carried out on 04th and 05th of February 2026, the auditor raised a Major NC in the requirement 4.3.2: During the audit, it was verified that there are labels with incorrect information related to the actual packaging date, e.g.: COFFEE BEANS CUSTOMER BRAND 1.5 KG L: 260825. Information indicated on the label: Packaging date 26/08/2025. Actual packaging dates: 03-06-08-10/10/25",23.04.2025,10,Locked: 06.02.2026,
88282,8a4aeeb9,Pmsweet SA,Rue du Progrès 5,Dison,4821,Belgique,,,IFS Food,09.02.2026,"Major NC on req 5.4.1
 The weight checks of finished products of foams are carried out by sampling on a remote scale followed in legal metrology: balance EMB-06-EMB.
 * Major NC:
 The measurement scale of the EMB-06-EMB is e=1g while the foam labels indicate a net weight of 85g accompanied by the metrological 'e'.
 For weights between 50g and 200g, the measurement scale required by the regulation is e=0.5g.
 A Major NC is assigned because the balance EMB-06-EMB is not suitable for legal checks of 85g formats; this is a breach of a regulatory requirement.
 
 Major NC on req 5.10.2
 Production on 02/08/2026 of 'chocolate mousse' 85g with NAT’S brand (article code A02809) lot 40226:
 The Excel file of the weight control results for the finished product indicated an average for this batch of 83.98g for a QN indicated as 85g on the pack.
 Although the conclusion 'the lot is not compliant' is indicated by the Excel spreadsheet, the non-compliance has not been reported by the operator and additional checks (2nd sampling) have not been carried out as requested in the SMQ FORM 024 procedure.
 To date, part of the batch has already been shipped to customers.
 Among the remaining pallets in stock, a control was carried out during the audit on one pallet (640 UV) and the average weight of the weighed UV was 86g.
 A Major NC is assigned because although the average weight of the entire batch may eventually be compliant, the operator’s failure to report the NC indicates a failure in awareness regarding the need to inform when a finding of legal non-compliance is made.",07.05.2025,"6, 7",Locked: 09.02.2026,
88532,514d3bd7,Thermotraffic B.V.,Karimatastraat 8,Rotterdam,3199LN,Pays-Bas,Thermotraffic B.V.,3165 AM,IFS Logistics,05.02.2026,"During on site audit 2,3 at Head office (coid 88541) 2 KO have been issued : 1 KO against IFS requirement 5.1.1 (internal audit)_ The internal audit programme does not function as an IFS Standard-based management system audit. The performed audits are mainly focused on prerequisite programme (PRP) checks, and do not ensure systematic evaluation of all IFS Logistics requirements. Audit frequency is defined as once per year per process without a documented risk assessment demonstrating increased audit frequency for activities critical to product safety and quality. Furthermore, despite significant deviations raised during external inspections (e.g. NVWA findings related to hazard analysis and PRP programme gaps), the audit frequency and depth have not been increased accordingly. Key system elements such as management commitment, food safety culture objectives, outsourced services, VACCP/TACCP, corrective action effectiveness, compliance issues, and customer/service agreement controls are not consistently covered. 2 KO against IFS requirement 5.9.2 (corrective action) The company did not ensure an effective corrective action system for deviations and non-conformities. Findings raised by the competent authority (NVWA) were documented as “geringe overtreding”, including missing control measures and HACCP documentation references, absence of flowcharts, incomplete process descriptions, and incomplete coverage of all processes in the management review (IC activities missing). These deviations were not followed by formally documented corrective actions with defined responsibilities, deadlines, implementation evidence and effectiveness
 These 2 issues have an impact on all certified sites linked to this HQ. The same applies to Coid 88532, Coid 88533; Coid 88534, Coid 88535, Coid 88539",16.04.2025,"1.1, 1.10, 1.2, 1.4, 1.5, 1.6, 1.9",Locked: 05.02.2026,
88533,b0c9bd20,Thermotraffic B.V.,Egtenrayseweg 35 5928 PH Venlo Netherlands,Venlo,5928,Pays-Bas,Thermotraffic B.V.,3165 AM,IFS Logistics,05.02.2026,"During on site audit 2,3 February 2026 at Head office (coid 88541) 2 KO have been issued : 1 KO against IFS requirement 5.1.1 (internal audit)_ The internal audit programme does not function as an IFS Standard-based management system audit. The performed audits are mainly focused on prerequisite programme (PRP) checks, and do not ensure systematic evaluation of all IFS Logistics requirements. Audit frequency is defined as once per year per process without a documented risk assessment demonstrating increased audit frequency for activities critical to product safety and quality. Furthermore, despite significant deviations raised during external inspections (e.g. NVWA findings related to hazard analysis and PRP programme gaps), the audit frequency and depth have not been increased accordingly. Key system elements such as management commitment, food safety culture objectives, outsourced services, VACCP/TACCP, corrective action effectiveness, compliance issues, and customer/service agreement controls are not consistently covered. 2 KO against IFS requirement 5.9.2 (corrective action) The company did not ensure an effective corrective action system for deviations and non-conformities. Findings raised by the competent authority (NVWA) were documented as “geringe overtreding”, including missing control measures and HACCP documentation references, absence of flowcharts, incomplete process descriptions, and incomplete coverage of all processes in the management review (IC activities missing). These deviations were not followed by formally documented corrective actions with defined responsibilities, deadlines, implementation evidence and effectiveness
 These 2 issues have an impact on all certified sites linked to this HQ. The same applies to Coid 88532, Coid 88533; Coid 88534, Coid 88535, Coid 88539",25.05.2025,"1.1, 1.2, 1.5, 1.6, 1.9, 4.12",Locked: 05.02.2026,01.04.2026 - 01.04.2026
88534,0d03831f,Thermotraffic B.V.,"Newtonweg 13, 5928 PN Venlo, Nederland",Venlo,5928,Pays-Bas,Thermotraffic B.V.,3165 AM,IFS Logistics,05.02.2026,"During on site audit 2,3 February 2026 at Head office (coid 88541) 2 KO have been issued : 1 KO against IFS requirement 5.1.1 (internal audit)_ The internal audit programme does not function as an IFS Standard-based management system audit. The performed audits are mainly focused on prerequisite programme (PRP) checks, and do not ensure systematic evaluation of all IFS Logistics requirements. Audit frequency is defined as once per year per process without a documented risk assessment demonstrating increased audit frequency for activities critical to product safety and quality. Furthermore, despite significant deviations raised during external inspections (e.g. NVWA findings related to hazard analysis and PRP programme gaps), the audit frequency and depth have not been increased accordingly. Key system elements such as management commitment, food safety culture objectives, outsourced services, VACCP/TACCP, corrective action effectiveness, compliance issues, and customer/service agreement controls are not consistently covered. 2 KO against IFS requirement 5.9.2 (corrective action) The company did not ensure an effective corrective action system for deviations and non-conformities. Findings raised by the competent authority (NVWA) were documented as “geringe overtreding”, including missing control measures and HACCP documentation references, absence of flowcharts, incomplete process descriptions, and incomplete coverage of all processes in the management review (IC activities missing). These deviations were not followed by formally documented corrective actions with defined responsibilities, deadlines, implementation evidence and effectiveness
 These 2 issues have an impact on all certified sites linked to this HQ. The same applies to Coid 88532, Coid 88533; Coid 88534, Coid 88535, Coid 88539",25.05.2025,"1.1, 1.2, 1.4, 1.5, 1.6, 1.7, 4.12",Locked: 05.02.2026,27.03.2026 - 27.03.2026
88535,eded2e3f,Thermotraffic B.V.,Ringweg 5,Roermond,6045 JL,Pays-Bas,Thermotraffic B.V.,3165 AM,IFS Logistics,05.02.2026,"During on site audit 2,3 February 2026 at Head office (coid 88541) 2 KO have been issued : 1 KO against IFS requirement 5.1.1 (internal audit)_ The internal audit programme does not function as an IFS Standard-based management system audit. The performed audits are mainly focused on prerequisite programme (PRP) checks, and do not ensure systematic evaluation of all IFS Logistics requirements. Audit frequency is defined as once per year per process without a documented risk assessment demonstrating increased audit frequency for activities critical to product safety and quality. Furthermore, despite significant deviations raised during external inspections (e.g. NVWA findings related to hazard analysis and PRP programme gaps), the audit frequency and depth have not been increased accordingly. Key system elements such as management commitment, food safety culture objectives, outsourced services, VACCP/TACCP, corrective action effectiveness, compliance issues, and customer/service agreement controls are not consistently covered. 2 KO against IFS requirement 5.9.2 (corrective action) The company did not ensure an effective corrective action system for deviations and non-conformities. Findings raised by the competent authority (NVWA) were documented as “geringe overtreding”, including missing control measures and HACCP documentation references, absence of flowcharts, incomplete process descriptions, and incomplete coverage of all processes in the management review (IC activities missing). These deviations were not followed by formally documented corrective actions with defined responsibilities, deadlines, implementation evidence and effectiveness
 These 2 issues have an impact on all certified sites linked to this HQ. The same applies to Coid 88532, Coid 88533; Coid 88534, Coid 88535, Coid 88539",22.04.2025,"1.1, 1.4, 1.5, 1.6, 4.12",Locked: 05.02.2026,26.02.2026 - 27.02.2026
88539,20d5ee9d,Thermotraffic B.V.,Karimatastraat 7,Rotterdam,3199 LN,Pays-Bas,Thermotraffic B.V.,3165 AM,IFS Logistics,05.02.2026,"During on site audit 2,3 February 2026 at Head office (coid 88541) 2 KO have been issued : 1 KO against IFS requirement 5.1.1 (internal audit)_ The internal audit programme does not function as an IFS Standard-based management system audit. The performed audits are mainly focused on prerequisite programme (PRP) checks, and do not ensure systematic evaluation of all IFS Logistics requirements. Audit frequency is defined as once per year per process without a documented risk assessment demonstrating increased audit frequency for activities critical to product safety and quality. Furthermore, despite significant deviations raised during external inspections (e.g. NVWA findings related to hazard analysis and PRP programme gaps), the audit frequency and depth have not been increased accordingly. Key system elements such as management commitment, food safety culture objectives, outsourced services, VACCP/TACCP, corrective action effectiveness, compliance issues, and customer/service agreement controls are not consistently covered. 2 KO against IFS requirement 5.9.2 (corrective action) The company did not ensure an effective corrective action system for deviations and non-conformities. Findings raised by the competent authority (NVWA) were documented as “geringe overtreding”, including missing control measures and HACCP documentation references, absence of flowcharts, incomplete process descriptions, and incomplete coverage of all processes in the management review (IC activities missing). These deviations were not followed by formally documented corrective actions with defined responsibilities, deadlines, implementation evidence and effectiveness
 These 2 issues have an impact on all certified sites linked to this HQ. The same applies to Coid 88532, Coid 88533; Coid 88534, Coid 88535, Coid 88539",03.04.2025,"1.1, 1.11, 1.2, 1.4, 1.5, 1.6, 1.9",Locked: 05.02.2026,
88541,aa0b8459,Thermotraffic B.V.,Abel Tasmanstraat 1,Rotterdam-Albrandswaard,3165 AM,Pays-Bas,Thermotraffic B.V.,3165 AM,IFS Logistics,05.02.2026,"During on site audit 2,3 at Head office (coid 88541) 2 KO have been issued : 1 KO against IFS requirement 5.1.1 (internal audit)_ The internal audit programme does not function as an IFS Standard-based management system audit. The performed audits are mainly focused on prerequisite programme (PRP) checks, and do not ensure systematic evaluation of all IFS Logistics requirements. Audit frequency is defined as once per year per process without a documented risk assessment demonstrating increased audit frequency for activities critical to product safety and quality. Furthermore, despite significant deviations raised during external inspections (e.g. NVWA findings related to hazard analysis and PRP programme gaps), the audit frequency and depth have not been increased accordingly. Key system elements such as management commitment, food safety culture objectives, outsourced services, VACCP/TACCP, corrective action effectiveness, compliance issues, and customer/service agreement controls are not consistently covered. 2 KO against IFS requirement 5.9.2 (corrective action) The company did not ensure an effective corrective action system for deviations and non-conformities. Findings raised by the competent authority (NVWA) were documented as “geringe overtreding”, including missing control measures and HACCP documentation references, absence of flowcharts, incomplete process descriptions, and incomplete coverage of all processes in the management review (IC activities missing). These deviations were not followed by formally documented corrective actions with defined responsibilities, deadlines, implementation evidence and effectiveness
 These 2 issues have an impact on all certified sites linked to this HQ. The same applies to Coid 88532, Coid 88533; Coid 88534, Coid 88535, Coid 88539",20.03.2025,"1.1, 1.11, 1.2, 1.4, 1.5, 1.6, 1.9",Locked: 05.02.2026,
88580,41e1f64f,ARC Integrity s.r.o.,U Zámku 218,Dobřejovice,25101,Tchéquie,,,IFS Food,02.02.2026,"Non-payment of invoice No. 2554006330 for the IFS Food audit – see IFS Food Standard v.8, chapter 4.3.1.",03.11.2025,3,Locked: 02.02.2026,
89011,1abfa87e,SOCIETE AGROPALM SARL,ZI EL HAMMA GABES,EL HAMMA,6020,Tunisie,,,IFS Food,06.02.2026,"MAJOR non-compliance with requirement 4.13.4:
 During the workshop visit, two birds were observed in the pitting room, which is a production area posing a direct risk to the product (uncovered products in this area).
 This situation demonstrates a failure of the pest control system and a high risk of physical, microbiological, and biological contamination of the products. The protection of this production area against pests is not effective, and the confirmed presence of birds in the processing area constitutes an immediate danger to food safety, justifying classification as a MAJOR non-compliance.",19.06.2025,5,Locked: 06.02.2026,
89155,41c77909,Boomex Produktions- u. Handelsges. Chem. techn. Artikel mbH,Jahnstraße 49,Alsfeld,36304,Allemagne,BOOMEX Produktions- und Handelsges. chem. tech. Artikel mbH,45356,IFS HPC,10.02.2026,"Company has fire on 30.12.2025, after long discussions and evaluations we have decided to have an on-site visit to decide for the status of certificate.
 However, that visit was not possible and company confirmed that main building and all equipment have been burnt. We have decided to withdraw the certificate.",08.08.2025,2,Locked: 10.02.2026,
89807,e83ab841,CULTIPALTA (MERCABARNA 134) S.L.,"C/ LONGITUDINAL 5, Nº 134 (MERCABARNA)",BARCELONA (BARCELONA),8040,Espagne,CULTIVAR (sede central) S.A.U.,8040,IFS Wholesale / Cash & Carry,12.02.2026,"During the IFS Food v.8 audit performed from 10.02.2026 to 11.02.2026 has been detected a Major non conformity. Requirement: 4.9.10.2: The ethylene used for ripening avocados and mangoes (FT, rev. 2, 08/04/2019, MAPA registration no.: 25938; SDS, rev. 6, 28/03/2023) is suitable for food and for use in fruit ripening ,as indicated in the technical data sheet, but it has been found that it is not authorised by MAPA, at the date of the audit, for the ripening of these fruits, it is only authorised for citrus fruits and bananas (without a safety period). Furthermore, the company has not registered the dosing equipment for this product in the relevant chambers, in accordance with Royal Decree 1702/2011. Their IFS WHOLASE V2 PLUS certificate has been suspended because the non-conformity detected is linked to requirement 4.2.2. of the Wholesale Plus v.2 standard.",06.03.2025,1.5,Locked: 12.02.2026,
91444,1ae8dee3,VETRO Spółka z o.o. Spółka z o.o.,Energetyczna 6/4,gdańsk,80-001,Pologne,,,IFS Logistics,19.02.2026,Certificate is held due to the lack of payment,17.02.2026,"1.10, 1.11, 1.6, 1.9",Locked: 19.02.2026,
91445,3b06c749,VETRO Spółka z o.o. Spółka z o.o.,Przemysłowa 18,gdańsk,80-001,Pologne,,,IFS Logistics,19.02.2026,Certificate is held due to the lack of payment.,10.02.2026,"1.10, 1.11, 1.6, 1.9","Locked: 19.02.2026, Unlocked: 23.02.2026",
91466,e61aa615,LASSAL COOKING S.L.U.,"C/ Islas Baleares, nº 14",Paterna (Valencia),46988,Espagne,,,IFS Food,12.02.2026,"During the announced audit for the maintenance of certification according to the IFS Food V 8 standard, two Major Nonconformities were detected on the first day of the audit, 10/02/2026, as detailed below:
 
 Major nonconformity (requirement 4.14.2)
 It was verified that the storage of the finished product during the visit on 10/02/2026, was non-compliant in two situations detected with incorrect cold chain control, classified as a Major Nonconformity under requirement 4.14.2:
 
 a) A pallet of pasteurized finished product ""Russian salad"" packaged with batch 40H at 10.6ºC, was found at the loading dock between 10-13ºC from 9:10 a.m. to 11:00 a.m., awaiting storage in a refrigerated room, when the product labelling indicates its storage temperature should be between 0-4ºC.
 
 b) It was also verified that the secondary packaging room adjacent to the loading dock does not have temperature control. Pasteurized finished product ""lentils with chorizo"" batch 41H, was found stored at 7.7ºC, despite the product label indicates a storage temperature of 0-4ºC.
 
 
 Major Non-Conformity (Requirement 4.14.5)
 During the plant visit on 10/02/2026, plastic bags of raw materials without product nor batch identification were found in the freezer room. Therefore, their traceability cannot be guaranteed, and this is classified as a Major Non-Conformity under requirement 4.14.5, as detailed below: one bag of leek, one bag of mushrooms, one bag of red quinoa, and three bags of cut green pepper.",04.04.2025,"1, 5, 6, 7, 8",Locked: 12.02.2026,
91474,feb14a2f,Carbis Convenience World ApS,Kløvervej 71,Haderslev,6100,Danemark,,,IFS Food,23.02.2026,"during audit at another CB the following KOs/Majors were detected:
 1.2.1 During the audit, no awareness or competence regarding meeting the standard requirements was observed.
 
 2.3.9.1 *On the second day of the audit, products that had been produced and were taken to the cold room for cooling. No CCP records were kept for these products. Cooling is CCP for process.
 
 *When the Cooking - CCP records were examined, the cooking temperature was written as a minimum of 90°C on the form, while the HACCP plan describes a minimum of 75°C.
 The relevant CCP does not specify which pathogen risk it is being monitored against, and it was also determined that no validation was performed in this regard. (see additional deviation within validation)
 
 *It was observed that the CCP records were always written with the same time and temperature. All records were checked both during the site visit and during the traceability test. The record consistently shows that it was cooled to 65°C within 3 hours.
 
 4.2.1.3 *The specification review period for raw materials and packaging materials has been said as once a year, but there is no evidence that this review has taken place and information in the procedures. No seen any evidence for that and it is repeated in the audit.
 
 4.12.1 *In the Burger/SW production area, a rusty utility knife (not a single piece) and prone to breakage was found in an equipment cabinet. 
 *Many knives were found in various locations within the equipment cabinet and surrounding area in the Burger/SW production area and were not stored properly.
 *An uncontrolled knife was found in the goods receiving area. It was stated that there is no control or monitoring system for all knives used in the facility; they are only visually inspected. Many knives were found in different locations.
 *In the Burger/SW production area, a spatula used for mixing/transferring sauces was found in two cabinets and one next to the production line. The spatula showed deformation and breakage on its edges. No precautions were taken, and it was in use. 
 *A stapler was found in the goods receiving area. No open products were found.
 *Ready meal products - daal, risotto, lentil group products - are transported from cold room to packaging, with the tops of the products open during transport. No precautions were taken against the need for metal detectors and other physical risks during packaging, and no risk assessment and validation report related to this was observed.
 
 5.11.3 No seen documented corrective action that found during the last internal audits. dd 13.2.2026/4NCs, and dd 29.7.2025 / 4NCs -
 *Seen complaints parts, no seen RCA and action did not acceptable level. (because, during the site tour, potential issues observed).
 *In addition, see 5.11.4 deviation - not closed out correctly some deviations and repeated again.
 
 MAYOR Scoring non-conformity
 
 4.8.2 *In the ready meal production area, after the product is cooked, it is emptied into the filling hopper and filled into containers in the same area. At the end of the process, equipment washing is done in the same area, and water splashes everywhere during cleaning. No physical separation/precaution is taken.
 
 **On the second day of the audit, the finished and tanned products were taken to the cold room for cooling, and it was observed that a trolley was placed under the evaporator. Water droplets were observed at the bottom of the evaporator, and it was seen that they had dripped into the product. The trolley was removed from under the evaporator, and the product with the dripped water was removed.
 
 4.9.8.3 *Condensation was observed on the ceiling in the sauce and pickle-of-onion production areas, but not directly on the open product. *On the first day of the field inspection, condensation was observed on the old ventilation systems in the burger production area. During the field tour on the second day, water droplets were observed in the form of ice.
 
 Additionally, significant condensation was observed on the ceiling during the production of the daal product. Open product was located underneath.
 During the field inspection on the second day, the ventilation system installation in the production area was completed.
 In the dishwashing area, condensation was observed on the ceiling in the area where clean equipment is stored, with the formation of water droplets.
 
 4.10.2 *During the onsite tour; the cleaning process in the preparation area was observed. The chemical used during cleaning had a strong odor, and it was observed that ingredients and equipment were still in packaging in the area during cleaning. It was observed that the products were not removed/equipment was not specifically covered before cleaning. The chlorine odor was intense, and ventilation was inadequate. 
 *In the storage area on the lower floor, cobwebs and dirt were observed around the windows in the area where cardboard boxes and N2+CO2 cylinders were stored. The area cleaning was insufficient. 
 *The floor and window sills of the dry raw material storage area were dirty. 
 *In the corridor where the elevator is located on the floor where raw materials are taken to the production floor, fly screens were observed to be installed on the ceiling, but they were open to the outside and their surfaces were dirty. This was a far corridor from the production area.
 *It was observed that the lamp covers (hard plastic) inside the facility were generally dirty. 
 *Label residue was observed on the surface of the red crates where raw materials are placed in the production area; there was no contact with the product. 
 *In the Burger/SW production area, black stains were observed on the rubber surfaces near the windows and on the corners/around the pipes of the walls. 
 *In the Burger/SW production area, equipment parts belonging to the product packaging line were found on top of the equipment cabinet; the equipment parts were open and dirty.
 *In the sauce production area, knives used were found in a basket and were dirty. They were openly displayed.
 
 4.14.1 **Analysis certificates for raw materials and packaging materials could not be found for the criteria checked during acceptance. Additionally, it was determined that an input quality control plan for raw materials and packaging materials, which should be checked during acceptance, has not been created within the company. No documented risk based plan.
 
 **During goods acceptance, the product entry date, supplier, quantity, lot information, and organic certification control are defined and checked. There are no control parameters for product safety.
 
 **While the temperature of the first product checked during input control is written on the form, it was observed that other products were marked and recorded.
 
 4.19.2 *The external lab analysis report for allergen verification after product change could not be seen. Verification is performed with a protein test kit after each change (after cleaning) and production planning is done according to the allergen content, no complaints have been received. The products contain different allergens according to their content.
 *Inside the deep freezer, fish (raw material) were found that were excluded from the product category. The products were in boxes, but a proper physical identification and separation within the warehouse was not observed.
 *The production of ""fish,"" which is included in the excluded product group, takes place in the same area as the production of sauces and pickles in the kitchen. The fish are first fried, then cooled, and then sent to the packaging area. The products included in the category do not list ""fish"" as an allergen. However, it was stated that the same equipment is used for the production of fish and other products in the same kitchen, but production takes place at different times. Furthermore, no hazard assessment or validation report regarding contamination risk was observed. Allergen control was not performed on the final product.
 
 5.6.1 *Not conducted any test within legislation requirement (Stafilokokal enterotoksinler) and chemical and physical parameters including melamine test. From the previous year, some microbiological tests have been done but not correctly closed out this deviation. 
 
 *The plan is not shown the all product (groups) and mandatory analyses based on clear risk assessment. 
 No identified parameters for final product in the plan - E.g., Stafilokokal enterotoksinler
 Salmonella, B. cereus and Chemical and Physical parameters
 
 *No seen any plan for raw material, packaging materials, semi finished products.
 
 5.6.2 *No prepared and documented Environmental Monitoring plan. 
 *No seen any result within Listeria parameter.
 *No seen any result or report for personal hand, clothe, not identified specifically direct and indirect contact surfaces, air, drains and other points. No applied risk bases approach.
 ATP tests are made for verification of cleaning.
 
 5.6.3 *It has been determined that the final products are not sent for analysis as a set of 5. Only 1 product is sent and tested.",26.03.2025,7,Locked: 23.02.2026,
91577,abbdffdf,ÖZTÜRK FINDIK GIDA SAN.LTD.ŞTİ ÖZTÜRK FINDIK GIDA SAN.LTD.ŞTİ,2.OSB Mevkii/3.Cadde/Sokak No:28 Bulancak,GİRESUN,28300,Turquie,,,IFS Food,13.02.2026,Failed Audits,03.04.2025,5,Locked: 13.02.2026,
92282,85c33b17,FRUITS 1870 .,ROUTE D'ORMES ZA LA RACCROCHE,LE CHENE,10700,France,,,IFS Food,18.02.2026,"MAJOR 1
 Item : 5.3.1
 1/ In the context of the ""new 4 kg potato packaging format"", there has been no analysis of the change and its impact on the HACCP study, and in particular no qualification of the pasteurisation and vacuum packing parameters. The CDEN 006 ""trial"" registration document dated 9/12/2024 intended for this purpose has not been completed.
 NB For the production of 19/12/2025 seen during the traceability test, pasteurisation at 98°C for 50 minutes corresponds to a VP of 3000 UP compared to a minimum of 400 UP.
 2/ Furthermore, since 31/10/2025, the failure of the pasteurisation tunnel's cooling unit has led to difficulties in cooling the products to a temperature below 20°C at the pasteuriser outlet, as planned.
 On 19/12/2025, upon exiting the pasteurisation tunnel, the 4 kg bags of potatoes are placed in metal Techni film bags and then placed in the finished product storage area to be dried before being packed into cartons.
 No verification of the temperature kinetics of the products showing the rapid cooling necessary to control the risk of microbial contamination.
 NB A microbiological analysis is carried out for the batch and is compliant.
 
 KO 
 Item : 1.2.1 
 Several shortcomings show that the mechanisms put in place by management to ensure that staff are aware of their responsibilities and their impact on food safety are not effective:
 1/ The objective of improving hygiene, order, cleanliness and compliance with good hygiene practices is measured by the scores awarded in each hygiene audit. With an average score of 6.1 for the whole of 2025, the target of 7/10 has not been achieved. The communication of results by display does not allow for improvement over time and shows that the importance of compliance with GHP is not understood by staff.
 2/ During the audit, discussions with production staff show that the targets set out in the November 2025 quality memo are not understood (complaints, non-compliance and hygiene audit targets).
 3/ The recurring deviations presented in this report bear witness to this, with a total of 28 deviations, including 10 recurring ones.",18.06.2025,5,Locked: 18.02.2026,
92539,7a9d507b,ORANGE WAVE S.A.E,"KILO 25, SADAT KAFR DAWOUD REGIONAL ROAD",SADAT SITY,32897,Égypte,,,IFS Food,01.02.2026,"Major non-conformities were identified during a further technical review of the audit report and deviations raised during the audit, leading to certificate withdrawal.",09.07.2025,8,Locked: 01.02.2026,