Original_Index,Supplier,Lock_Reason,Extracted,Status,Corrected_Requirement
0,Bio-Zentrale Naturprodukte GmbH,"3.2.10 Major:
 Work clothing is cleaned by employees in the company. The cleaned clothing is stored in open shelves and grey boxes, including on the cover. On the shelf in the men's changing room were 2 compartments with towels and on the shelf were work gloves and a towel next to cleaned work clothes. In the women's changing room, a worn coat was placed on the shelf next to freshly washed laundry. Hygienic storage is not possible.
 
 The following requirements are not ensured:
 - sufficient seg",3.2.10,OK,
1,CAPOL GmbH,"5.5.2
 End products are weighed piece by piece on calibrated scales. Automatic filling
 systems are used or filling is carried out manually by employees. In some cases,
 weight corrections must also be carried out by employees on filling systems.
 There is no inspection plan and no associated documented quantity control per
 batch. The individual weights filled are not documented by the scales.
 Compliance with the correct nominal filling quantity can therefore not be verified
 due to a lack of ",5.5.2,OK,
2,Fude + Serrahn Milchprodukte GmbH & Co. KG,"During IFS on site integrity check audit (29 04 2025) 2 deviations have been issue :
 1) KO rating for the requirement 4.12.1: The company has not implemented any procedures to prevent contamination with unwanted substances (paper, paint and ink) during the processing of reworked butter.
 2) KO rating for the requirement 4.18.1: During the traceability check carried out during the site inspection, it was found that the system does not include all records relevant for the company","4.18.1, 4.12.1",MULTIPLE,
3,Coli S.p.A.,Site denies auditor’s access during the unannounced audit scheduled for 29-30/04/2025.,,MISSING,
4,Patisserie Jack Heesen B.V.,"During the IOC audit completed on site on 24-April-2025 the following Major NCs and KO were identified:
  
 5.11.3 - KO - During the onsite check the following deviations were seen that were scored previous audit a D.
 3.2.1 At two places (Maintenance chart and in desk production line production area) packaging containing food supplements and candy were found. Due to no seen use and or any traces in the near vicinity of open products no higher deviation. During the onsite check ice-creams were s","4.13.4, 4.10.1, 3.2.1, 4.10.2, 5.11.3",MULTIPLE,
5,Meisters Wurst- und Fleischwaren Bautzen GmbH,Business operations have been discontinued.,,MISSING,
6,"Vitakraft pet care GmbH & Co. KG, Betriebstätte Bierden","KO against Req. 4.18.1
 During an IFS Integrity on-site check a KO non-conformity had been raised due to the following reason. In the area where the sauce was made, there was a pallet with wheat flour T812, Vitakraft 25 kg with a best-before date of 08.10.2025 (manufacturer's label on the bag). The internal batch number is 202604 D14, material number 100805. The batch label for the batch used according to SAP was hanging on the wall. Material 100805, production date 21.04.2025, goods receipt dat",4.18.1,OK,
7,FRANCIA MOZZARELLA GmbH,"3.2.2 The hygiene requirements for entering production were not met by ONE employee. 
 4.2.1.3 There are no sufficiently detailed specifications for rework.
 4.18.1 Containers with alleged rework were not labelled. The identification of product batches and their relation to batches of raw materials was not possible.","4.2.1.3, 3.2.2, 4.18.1",MULTIPLE,
8,ADM WILD Nauen GmbH,"1.2.1 As required, management must ensure that
 employees are aware of their responsibilities regarding
 food safety and product quality and that
 mechanisms are in place to monitor the effectiveness of their actions at
 . These mechanisms are identified and documented.
 The significant deficiencies identified during the site visit*:
 -for example numerous personnel hygiene facilities were not in
 sufficiently functional condition or personnel hygiene
 requirements were not observed in individua","4.18.1, 1.2.1, 2.3.6.1",MULTIPLE,
9,Buckl Geflügel GmbH & Co. KG,"Authority order: Prohibition of the slaughter of poultry due to animal welfare violations by employees. Production was stopped.
 The certificate can be reinstated if the competent authority issues the approval again.",,MISSING,
10,LÁCTEOS CAPRINOS S.A.,"During the re-certification audit, a major non-conformity has been detected in requirement 5.4.1: Against the indications of article 13 of RD 1801/2008, the scale used for the control of 100g. products does not comply with the acceptance criteria.
 Furthermore, against to what is indicated in the ICT 155/2020 order, the scale used for the control of 15 kg bags, which is used for commercial transactions with a USA customer, does not have a biennial metrological verification.",5.4.1,OK,
11,Mecklenburger Backstuben GmbH,"During IFS Food v 8 audit on 07-08.05.2025 the following Major NC against the cl. 4.13.2:
 During the site inspection as part of the audit on 8 May 2025 at around 09:00, the use of sticky traps for rodent control was detected, which did not comply with local legal requirements.
 A total of 4 sticky traps with several dead mice of different ages were found in the production room next door. The use of sticky traps for rodent control is a breach of the Animal Welfare Act (TierSchG) v. 20.12.2022 I ",4.13.2,OK,
12,"VICASOL, S.C.A. - Centro 2 S.C.A","On 22,23,24-04-2025 was performed an unannounced audit, and the auditor rated 1 KO No Conformity in this audit for the following requirement:
 
 • KO rating for requirement 3.2.2:
 During the visit to the plant, non-compliances with hygiene standards were detected:
 - evidence of smoking inside the facilities (toilets in the handling area) on 22 and 23 April, strong smell of tobacco and presence of ash.
 - presence of cigarette butts and two drink cans in the packaging material storing area loca",3.2.2,OK,
14,VION Vilshofen GmbH,Vion Vilshofen no longer exists.,,MISSING,
15,Italcanditi B.V.,"During the audit completed on site on 12-13-14/05/2025 the following Major NC was identified:
 4.5.1 Major NC:
 The company uses polypropylene (PP) buckets supplied by Jockey Plast (DoC 14.5.25) for hot filling at temperatures between 77 °C and 88 °C.
 Although the Declaration of Compliance (DoC) allows hot filling of acidic products between 70 °C and 100 °C, it specifies that the product must cool to 50 °C within 1 hour.
 In practice:
 10 kg buckets reach 60 °C only after 12 hours
 2 kg buckets",4.5.1,OK,
17,ROYAL SAVEURS S.A.S.,"Following the declaration received on 06/05/2025 of a major fire during the night of April 21 to 22, 2025, Bureau Veritas France cannot guarantee the integrity of the certification without further action.",,MISSING,
18,CEDROB FOODS S.A.,Fire at part of the plant /warehouse. Production has been stopped.,,MISSING,
21,Bergland Food GmbH,"KO in 1.2.1
 Based on the samples reviewed during the audit, the food safety and product quality management system is not fully implemented, maintained and reviewed. Employees could not demonstrate in all areas that they are aware of their responsibilities.
 The following examples:
 1) Receipt of frozen commercial goods: The unloading of the delivering truck was carried out on the first day of the audit without incoming goods inspection / checking the incoming goods temperature (CP 1). The respo","1.2.1, 5.11.3, 4.12.2",MULTIPLE,
23,CHIOS GARDENS JUICE INDUSTRY SA,The production activity of this company has been stopped.,,MISSING,
24,Casearia Bresciana Ca.Bre - Società Cooperativa Agricola Sca,"Following the certification visit on 12,13,14/05/2025, and following a preliminary technical review, the certificate is suspended due to Major non-conformity
 In detail § 4.13.1
 The inspection of the preparation and production departments revealed an ongoing infestation situation.
 Example: Hard cheese production area with presence of flying insects (flies and Diptera), in particular in the disused area of ​​Leonessa cheese production; flying insects in the Grana Padano hard cheese production a",4.13.1,OK,
25,Becker Süßwaren GmbH,"4.18.1 KO Non-Conformity:
 The identification of the product batch Popcorn Sweet 100g ""zwart"" BB 21.07.2025 / batch L1034 and its relation to the batch of packaging material with the designation tubular bag 100g Popcorn zoet moment zwarte with food contact is not possible, as the necessary batch designation of the film used was not entered in the production log. Therefore, the traceability of the packaging material is not verifiable.",4.18.1,OK,
26,TAT - POL Sp. z o.o.,No payment for the audit done,,MISSING,
27,GRANJA AVICOLA EL ANGEL SL S.L.,"KO 4.18.1: The correct traceability of the packaging material in contact with the product of the plastic lids being used at the time of the audit cannot be evidenced:
 -The system employed by the company to record the batches of packaging material in use is done by reading the labels on the material as it enters the production line, with this information being loaded into computer software:
 When the available batches of plastic caps were checked ‘in situ’ on the production line on 14/05/2025, s",4.18.1,OK,
28,LANGUS SEAFOOD S.L,"During the audit performed on 12th May 2025 to 14th May 2025, it was detected a Major non-conformity under the requirement 4.3.2.
 
 Major non-conformity 4.3.2.
 
 The company has incorporated in the scope a new product, REFRIGERATED RAW LANGOSTINO packaged in MAP. This product is only made for a reference for customer C. 
 A complete revision of the process has been carried out including treatment processes as well as on-site controls until the finished product is obtained. 
 This product is re",4.3.2,OK,
29,LA SORGENTE SRL,"During Integrity on site Check detected one NC Major at req 4.10.2: The warehouse of non-perishable raw materials and primary and secondary packaging material appears, with particular reference to the area between the shelves and the walls, to be in a very poor state of cleanliness and order, with the presence of material (dirt) not removed which in some cases appears to be very similar to feces of animals larger than mice. The material in particular appears to be a mix of feces and blue packagi",4.10.2,OK,
30,King Cuisine B.V.,"Major on 4.9.9.2: No corrective action after water was tested ('tappunt glas-menger') at 2 E.Coli/100 ml (Toleranceos < 1/100ml). Note: do deviations of E.Coli in product were seen.
 
 Note: Level NC was overruled by certification committee after audit.",4.9.9.2,OK,
31,CENTRO SERVIZI ITALIA S.R.L.,Failure to pay invoices relating to audit activities already carried out.,,MISSING,
33,MODERN CIKOLATA GIDA SANAYI A.S.,payment not made to the CB for audit performed,,MISSING,
34,Multimes Group LTD,"As of today (14.05.2025), Certima BV withdraw the certificate number IFS – 01078 of client MULTIMES GROUP EOOD
 13, Oborishte Str., 5140 Lyaskovets, Bulgaria
 COID: 52336
 
 Reason: During the announced certification audit conducted on 12-13.05.2025 issued KO and Major
 
 КО on requirement 5.1.1:
 The planned audit for 2025 on 24-25.04.25 (see Order 88/14.04.25) was not performed. Verification and internal audit program for planning verification activities for each year are required by the compa","5.1.1, 2.1.2.1",MULTIPLE,
36,"Kirchner, Fischer & Co. GmbH","Major Nonconformity 4.5.2:
 As part of traceability check, random checks were carried out on the raw materials used to ensure that packaging containing plastic that comes into direct contact with food was compliant. These checks revealed that no declarations of conformity were available for the packaging, either for direct imports or for purchases from within the EU (examples: Import: Item 680020 Rooibos Superior Long Cut, Import: Item 680010 Honeybush Corse Cut kbA/Organic, Import: Item 803253 ","4.5.2, 4.10.2",MULTIPLE,
37,ECO BASICS BIO S.L.,"During the audit carried out in 7 May 2025 a major NC was detected on: 
 
 Major - 5.4.1
 The scales used in the following production lines: Vol 1, Vol 2, Multi 1, Multi 2, Multi 3, Flours, Superfoods, Doypack, Liq 1 and Liq 2, for weighing the product destined for the final consumer have not been metrologically verified as indicated in Order ICT/155/2020.",5.4.1,OK,
38,ITALIATARTUFI S.R.L.,"Following the certification visit on 29.30/04/2025, and following a preliminary technical review, the certificate is suspended due to major Non conformity
 In detail § 5.5.1
 The correct level check during the filling of oil-based condiment bottles does not appear to be systematically applied by the company.
 The audit witnessed the filling of 270 ml glass bottles product ""White truffle flavored food condiment"" using measuring container bottles (250 ml at 65 mm from the brim of the mouth)
 Vario",5.5.1,OK,
39,CAPT ET FILS DEPUIS 1850 SARL,"2.3.9.1 (KO): During the on-site inspection of the Arbusigny site, it was noted that the frequency of checks on the metal detector, CCP 3, packaging line for whole Reblochon cheese, was not being complied with. Checks are in fact scheduled at start-up, on return from each break (2 per team) and at the end of production.
 For 11 April 2025, the check was carried out at the start at 5.46 a.m. and at the end of production at 12.56 p.m. The check on returning from the break at 9.22 a.m. was not carr","4.17.2, 4.8.4",MULTIPLE,
40,Global Co-packing .,"Major on 5.5.1: The products already produced were not put on hold by the company and re-tested where it was known that not all packaging were conform legal limit. 
 Also, the system for weight control for minimal weight requires only 1 sample per 30 minutes were in practice 5 samples are taken (like e-weighing permit). As the system only requires one sample the operator corrected the dosing system, but no actions taken towards product already produced. Therefore, the sampling system is not clea",5.5.1,OK,
41,PAULISTA IMPEX SRL,"During the renewal audit on 24-25.04.2025, it has been raised a KO (D) under requirement 4.12.1:During the on site inspection , was seen issues regarding possible physical contamination as follows: damaged conveyors belts in direct contact with dough-pretzels machine, same baking trays used for breadstick with exfoliated Teflon coating. Furthermore, the company has installed metal detector on the line for breadstick and pretzel (mobile system) from the last audit ; this metal detector was calibr",4.12.1,OK,
42,P&M Rental Sp. z o.o.,No payment for the audit done,,MISSING,
43,INDUSTRIAS CÁRNICAS BLANCAFORT S.A.,"During the audit carried out on 28th, 29th and 30th of April, the auditor raised a Major NC in the requirement 4.3.2: A label is observed with two incompatible sales denominations: COOKED HAM and COOKED HAM COLD CUT. The denomination COOKED HAM cannot be used when starches are used as ingredients.
 There is no approved label available for the product named in the formulation MSE-161 EURO MK 90.",4.3.2,OK,
44,NINFEO SOC. COOP. AGRICOLA,The suspension was decided due to the failure to pay invoices relating to activities already carried out by Certiquality S.r.l.,,MISSING,
45,"ACEITES ALBERT, S.A.","On the basis of the analysis carried out on the extraordinary information communicated to IFS with ID 92E7A90F, OCA Instituto de Certificación determines that it is necessary to extend the investigation. Therefore it is decided to suspend the current certificate.",,MISSING,
46,VCR-SODALMU .,"On 6,7,8-05-2025 was performed an announced audit, and the auditor rated 2 Major No Conformity in this audit for the following requirements:
 
 • Major NC rating for requirement 4.3.2:
 In relation to labelling, the following non-compliance with current legislation published by the Government of Morocco is observed (Décret n°2-12-389 du 11 joumada II 1434 (04-22-2013) fixant les conditions et les modalités d’étiquetage des produits Alimentaires (published in BO n°6152 of 05/16/2013), Arrêté conj","4.19.2, 4.3.2",MULTIPLE,
49,"LITERA MEAT, S.L.","During the unannounced Integrity On-site Check, the following major non-conformity has been detected in requirement 5.5.1.: The quantity checks carried out on the day of the on-site integrity check on the 'cabin plans' lines were not effective. These lines were packing ""frozen pork neck bones"" with a net weight of 10 kg and ""frozen pork knuckles"" with a net weight of 10 kg. In both lines, several boxes were observed under the weight when the employee was weighing and labelling. The operators in ",5.5.1,OK,
50,Caseificio Europeo Società Agricola Cooperativa Soc Coop,"On 13/05/2025, an audit was scheduled and performed by IFS as part of the INTEGRITY ON SITE CHECK program.
 The auditor did not have access to the production site because the people present declared that they could not take the audit
 According to the IFS Food standard § 5.1.2, the certification body proceeds to suspend the certificate",5.1.2,OK,
51,Embotelladora Metropolitana S.A. (Planta Santiago),"During the unannounced On-Site Integrity Check conducted on 24th April 2025, the following nonconformities regarding the requirements of the IFS Food Standard Version 8, were identified: 
 KO NON-CONFORMITIES 
 1. Requirement 2.3.9.1 – HACCP / CCPs 
 · CCP1: Use of records (SOP07-R8, SOP07- R9) not included in the HACCP plan. 
 · CCP3: Visual inspection (light screen) is not effective in detecting foreign bodies in non-translucent products. 
 · CCP4 and CCP5: Operators monitor but do not record ","4.18.1, 4.9.1.1, 4.16.5, 4.2.1.1, 4.10.2, 5.1.2",MULTIPLE,
52,MADONNA INDUSTRIAL BAKERY S.R.L.,Cessation of activity at the plant located in Via Gandhi 36B – Modena (MO) and consequent transfer to a new site.,,MISSING,
53,JAMONES EUTIQUIO S.L.U.,"Mayor against requirement 4.13.2. It is observed during the audit that the company has serious deficiencies in the implementation of its pest control plan:
 During the plant inspection, it has been observed that the floor of the “Mantecado work area” is in a poor state to carry out operations with food products. The floor was found with the presence of worms, some of them alive, under the ham perches located in the back area of the work area. Some beetles have been observed as well.
 On the othe",4.13.2,OK,
57,INOCENCIO BELTRAN Y CIA S.L.,"""During its recertification audit, KO no. 2 (point 2.3.9.1) was scored with a 'D'. The company was unable to demonstrate proper monitoring of its PCC.Presence of unauthorized plant protection products or levels exceeding the permitted MRLs (Maximum Residue Limits). It is not possible to verify whether the dosage of the product used was correct.""",,POTENTIAL_MISS,
58,INOCENCIO BELTRAN Y CIA S.L.,"""During its recertification audit, KO no. 2 (point 2.3.9.1) was scored with a 'D'. The company was unable to demonstrate proper monitoring of its PCC. Presence of unauthorized plant protection products or levels exceeding the permitted MRLs (Maximum Residue Limits).It is not possible to verify whether the dosage of the product used was correct.",,POTENTIAL_MISS,
59,NATA MINERALE Sp. z o.o.,"Major NC for 5.3.2:
 Records of CCP monitoring at the pasteurization stage are kept by computer (continuous recording). Auxiliary manual records regarding pasteurization according to the HACCP document of 24.05.2025 should be kept by controlling the temperature on the display (3 x pasteurized product tank) and controlling the pasteurization time by measuring with a stopwatch once a month). Additional manual records of pasteurization time control have not been documented since 04.2024, and there ",5.3.2,OK,
60,SKC Consulting Kft,"During an IFS integrity audit (29 04 2025) , these deviations were found.
 KO IFS requirement 4.18.1: The company did not keep records of how many pieces of shrimp skewers and salmon fillets with green spices were treated or that these products were treated at all. Full traceability of the treated products (type and quantity) was not ensured.
 KO IFS requirement 2.3.9.1 There is no monitoring for weekends and public holidays when there is no production (temperature control of cold stores is defi","1.1.2, 4.18.1",MULTIPLE,
61,"NEBOT LUCAS, SL B12379459","IFS STANDAR REFERENCE: 5.4.1 LEVEL: MAJOR
 The company conducts commercial transactions with suppliers and customers using the SC model platform scale with serial number 6202. In addition, it performs weight checks on end-of-line, net-labelled products using scales at the end of the packaging line. An ENAC calibration certificate is provided for two of the platform scales and an internal verification certificate is provided for the quality control scales.
 * ENAC calibration certificate number 0",5.4.1,OK,
62,Przedsiębiorstwo Wielobranżowe Komplex Młyn Sp.z o.o.,"During the announced IFS recertification audit conducted on 25-26.04.2025, 1 KO non-conformity (4.12.1) and 2 MAJOR non-conformities (4.10.2; 4.13.2) were identified. The company signed the action plan presented by the auditor on 25.04.2025 and decided to discontinue the audit (by signing the discontinuation declaration). On 29.04.2025 the Certification Body sent the Company the action plan received from the auditor. Komplex Młyn has 4 weeks to send the complete action plan.","4.12.1, 4.10.2, 4.13.2",MULTIPLE,
63,Bodega Comercial Vinícola del Sur S.L.,"The company added citric acid diluted in water at a dosage of 1g/L after the end of fermentation of the vinegar, as an acidity regulator, but citric acid it is not declared on the label as an ingredient according to EC Regulation 1169/2011.",,MISSING,
66,Vegeland Società Agricola S.r.l. Pty Ktd,"The payment for the last IFS Food audit on April 7-8, 2025, was not done.",,MISSING,
67,CONTIMAX S.A. oddział w Dąbrowie Chełmińskiej .,"NC – 2.3.9.4
 
 During the audit, an improper method of monitoring the control point - thawing of raw fish was found.
 
 The thawing temperatures were verified:
 1) Chamber B, trolley no. 1 - 1.1 °C; 4.5 °C; 3.2 °C; 0.1 °C; 8.8 °C
 2) Chamber B, trolley no. 2 - 8.8 °C; 8.8 °C; 9.1 °C
 3) Chamber 115/05 - -0.6 °C; 4.6 °C; 6.2 °C; 1.8 °C; 2.8 °C
 
 According to Regulation 853/4, ""Chapter VII ""Fresh fishery products, thawed unprocessed fishery products, and cooked and chilled products from crustace",2.3.9.4,OK,
69,TRIOPACK GmbH,Discontinuance of business,,MISSING,
70,GO-fresh GmbH,"2.3.6.1 Major:
 In the HACCP concept, the risk of excessive sulphite concentration is analyzed for fruit instead of vegetables and assessed at 1 x 3 = 3. Fruit has not been processed at this location since 2025. In this context, ""Testing the concentration/formulation pH < 4"" is specified for fruit. The pH value cannot be used to determine the sulphite concentration. The control of the immersion bath with ascorbic acid and sodium bisulfite, defined as an oPRP, is not currently mastered, and the t","2.3.6.1, 4.3.2",MULTIPLE,
72,Zanobeet S.L.,"A Major NC was raised during the IFS Integrity On-site Check on April 24, 2025.
 Description of the Major NC:
 Clause 4.13.2:
 “During the IOC it has been observed that the pest control plan is not correctly implemented:
 - Presence of reptile excrement (geckos) in the packaging area.
 -Presence of many rodent droppings in the machine used for sorting pumpkin. Not in use on the day of the IOC.
 - Presence of a lot of snails in the beetroot washing machine, floor of this area and walls of the pac",4.13.2,OK,
73,HORTICULTORES EL TORCAL S.C.A.,"KO against requirement 1.2.1:
 During audit tour it has been observed the usage of packaging material (primary packaging material) printed with retailer’s brand (MARXX TXX) and legal identification of the retailer as broker (NEXX MARXXX) used in product not destined to the retailer identified in that packaging material. The material was being used in the product “Espárrago Verde” Size 6/10 Cat I, batch 001702) destined to several customer’s of the national market. The instructions and authorizat","4.5.2, 1.2.1, 3.2.7, 3.2.2, 3.4.2, 4.10.2, 5.11.3",MULTIPLE,
74,GOLSKI LT JSC,Certificate is held due to the lack of payment,,MISSING,
76,SAREROM SRL,"During the renewal IFS Food audit on the 12.05.2025, a Major has been raised under req.4.13.1: Site premises an equipment do not allow prevention of pest entry and infestation: during the on site tour, seen pigeons up to the packaging of on site area where final products are open, together with pigeon droppings on some final products pallets and on the floor inside of final storage area.
 
 Furthermore the site has decided to interrupt the audit.",4.13.1,OK,
77,Wellbena Sp. z o.o.,No payment done,,MISSING,
78,CHIAROLLA S.r.l.,"During the audit completed on site on 06/05/2025 the following Major NCs and KO were identified:
 3.2.2 KO: The HACCP/Quality Manager C.A. does not wear the clothing and headgear required by internal procedures during the tour of the production premises.. Also, presence of employee with false eyelashes detected in production premises, although company procedure POG1 Internal personnel rules ed. 0 rev. 1 of 2024/03/04 reports this prohibition. The employee is not directly involved in production.
","4.14.3, 4.13.5, 4.12.3, 2.3.5.1, 3.2.2, 4.9.2.3, 4.9.3.1, 4.9.6.2, 4.16.5, 4.12.1, 4.13.1, 4.10.2, 5.11.3, 4.9.2.2",MULTIPLE,
80,Sirignano s.r.l.,outstanding payments,,MISSING,
81,SCHWAN SUGAR-FREE D.O.O.,The company decided to stop the certification and terminated the contract with our Certification Body.,,MISSING,
82,Oerlemans Foods Waalwijk B.V. .,"During the audit completed on site on 20-21/05/2025 the following Major NCs and KO were identified:
 
 1.1.1 Major NC During the audit tour a substantial lack of Food Safety and Quality culture was seen with some of the employees. So were seen employees with private phones, incorrect verification on cleaning, not allowed lubricants and ""home"" knives. The food safety Culture plan as assessed during document review was present but in a rudimentary format. So were no goals determent for 2024 and no",1.1.1,OK,
83,COOPERATIVE LAITIERE DE YENNE PORTE DE SAVOIE SCA,"Major NC on 4.8.2 : Yenne site :
 The production flow during the raclette smoking stage in remote building No. 2 was not designed to prevent the risks of microbiological, chemical, and physical contamination of this semi-finished product, resulting in a loss of control over a process that could affect food safety.
 
 Indeed, the smokehouse was located in a building separate from the main site, which serves as a storage area for detergents, cardboard, packaging, and wooden pallets. This area conn",4.8.2,OK,
84,"CANPIPORK, S.L.","KO Non-Conformity Req. 4.12.1
 It is evident that the procedures to prevent contamination by foreign bodies from the facilities are not properly implemented, as several non-compliances were observed in the cutting room and cold storage rooms, such as: In the cutting room, it is evident: Leak in the evaporator with constant dripping of water at the entry point of the carcasses to the cutting line, several hard plastic housings of lights above the cutting line half detached, with loss of integrity","4.9.4.1, 4.12.1",MULTIPLE,
86,NS ESTATE SIA,"The audit of NS Estate SIA was conducted on 12-13-14-15-16 May 2025. The auditor found 2 KOs and 2 Major on the last day of the audit. During the review of the action plan and the audit report is reviewed by the TR total 2 KOs and 5 Major NCs are raised. 
 
 1.2.1 KO N° 1: The senior management shall ensure that employees are aware of their responsibilities related to food safety and product quality and that mechanisms are implemented to monitor the effectiveness of their operation. Such mechani","1.2.1, 4.12.3, 4.3.2, 5.11.4, 3.2.9, 5.6.1, 5.3.2, 4.13.2, 5.6.2, 5.11.3, 5.1.2",MULTIPLE,
89,SAGI S.R.L.,The certificate has been suspended because the company has not provided the requested clarifications regarding a change in the scope of certification for which Certiquality has received notification from the market.,,POTENTIAL_MISS,
90,"ALFONSO GARCIA LÓPEZ, (PESCAMAR) S.A.","During the IOC audit completed on site on 19/05/2025 the following Major NC was identified:
 
 4.13.2 Major 
 During the visit to the plant, the presence of numerous rodent droppings was observed in several areas where there is open product.
 - Reception area for raw material, tuna, cephalopods, mussels, etc. This area communicates directly with the production area itself.
 This area also communicates with the company's yard where the waste (Sandach) and the treatment plant are located.
 Accordi",4.13.2,OK,
92,BELMOCA NV,"Major 5.5.1 : The implemented quantity control method for 1 product did not meet the legal requirements and customer specification, namely during the on-site tour, the check weight had a TU2 of 49 g. On the same production line, a different check weight was assigned to a different program with a TU2 limit of 50 g. According to the operator, there were problems configuring one of the control weight with the correct program. It was found that the label on the manufactured product stated a weight o",5.5.1,OK,
94,GUILLOT COBREDA SA,"During the IFS audit conducted from May 13 to 15, 2025, a major non-conformity was raised against requirement 5.5.1.:
 - The multi-scale balance No. 10829577 has a minimum scale of 2 g (for a capacity of 6 kg) even though it is used to weigh trays weighing less than 2 kg (whole chickens in plastic wrap). It should have a scale of 1 g. This scale, used as a legal measuring instrument, is therefore not suitable, as it is not accurate enough to guarantee the accuracy of average weights.
 
 - None o",5.5.1,OK,
95,ROCA 1927 S.L.U.,"Mayor non-conformity 4.3.2.
 During the visit to the plant, several labels were checked in the dispatch process and in the final product chamber and there was evidence of non-compliance in relation to the temperature at which the product should be kept, based on Regulation (EC) No 853/4 of the European Parliament and of the Council of 29 April 4, which lays down specific hygiene rules for food of animal origin.
  • The labels placed on the viscera in chamber no. 20 indicate to keep between 0-4 º",4.3.2,OK,
96,Chocolaterie Boulanger BV,"During the audit completed on site on 15-16/05/2025 the following Major NCs and KO were identified:
 4.17.4 Major: A greenish corrosion substance, identified as copper carbonate, was observed forming on chocolate residues around a brass alloy screw at the white chocolate line (Solich), brass alloy screw located above or near the chocolate tank, in contact with chocolate residues.
 
 5.11.1 KO: During the external IFS audit on 14–15.05.2025, a high number of deviations were observed across key fo","5.11.4, 4.10.2, 5.2.1, 5.11.1, 4.14.5, 4.17.4, 5.11.3",MULTIPLE,
97,Bracigliano Salumi di Claudio Calvanese & C. s.r.l.,"During the IFS Integrity on-site check, carried out on 15/05/2025 by an auditor appointed by IFS, the following were found: 3 non-conformities classified as major and 1 KO.",,POTENTIAL_MISS,
103,SOL PASTA & MORE SHPK,outstanding payments,,MISSING,
104,Patisserie Jack Heesen B.V.,"During the IOC audit completed on site on 24-April-2025 the following Major NCs and KO were identified:
  
 5.11.3 - KO - During the onsite check the following deviations were seen that were scored previous audit a D.
 3.2.1 At two places (Maintenance chart and in desk production line production area) packaging containing food supplements and candy were found. Due to no seen use and or any traces in the near vicinity of open products no higher deviation. During the onsite check ice-creams were s","4.13.4, 4.10.1, 3.2.1, 4.10.2, 5.11.3",MULTIPLE,
105,Wback GmbH,"Requirement Chapter: 4.10.2 – Major
 Observation regarding the cleaning condition during the audit
 The cleaning condition at the time of the audit was unsatisfactory.
 Currently, a 14-day cleaning cycle is carried out on weekends by an external service provider. The last cleaning day was May 17, 2025; the audit began on May 21, 2025.
 In addition, each shift carries out a daily cleaning, which is documented in the cleaning protocol FB58/Rev2 dated November 17, 2017.
 Deviations:
 • Dough residu","4.10.2, 4.12.2",MULTIPLE,
106,TRENKER JOHANN SAS,the company decided to renounce,,MISSING,
107,DAVA Foods Denmark A/S,"During the audit completed on site on 19-22/05/2025 the following Major NC was identified:
 Major deviation - clause 4.3.2
 The labelling of White Pro Strawberry does not include the mandatory warning required by Regulation (EC) No 1333/2008 for the use of the color additive E124 (Ponceau 4R), which states:
 “May have an adverse effect on activity and attention in children.”
 The first production of White Pro Strawberry containing E124 was 28.02.2024. The current and valid version of label for W",4.3.2,OK,
109,Johann Nauen GmbH,"Major in 4.2.1.1
 According to the recipe, article 003618 Tomato ketchup consists of the components tomato puree, spirit vinegar, sugar, modified corn starch, table salt and water. 
 There is a list of ingredients on the sales containers, which also lists spices in the last position, but spices are also listed in the specification for this tomato ketchup, which was last tested and approved on 03.01.2024. However, according to the recipe and the audited production documents, no spices are used in",4.2.1.1,OK,
110,ALEJANDRO MIGUEL S.L.,"A KO was raised during the IFS Integrity On-site Check on May 19, 2025. 
 Description of the KO:
 Clause 4.18.1:
 “A traceability system is not always maintained to enable the identification of product lots and their relation to relevant food safety information as BBD or expiry date. The traceability system doesn't always incorporate all relevant records as BBD. E.g., during the on-site inspection it's noted that:
 -‘cabecero de lomo’ lot 250084 received on 20 January 2025 (according to delivery",4.18.1,OK,
111,MONTS ET TERROIRS La Bathie MONTS ET TERROIRS La Bathie,"Major NC on requirement 4.5.2: 
 The site uses brown cardboard boxes for packing Tommes de Savoie cheeses (boxes of 1 or 4 Tommes) from 2 different suppliers Sxx and Exx. The cheeses are placed on wooden bases suitable for food contact (certificate dated 15/05/2023) and covered on the upper surface only with muslin paper that is also suitable for food contact (certificate dated 06/01/2025). However, the site does not have a food certificate for the brown cardboard boxes, even though the cheese h",4.5.2,OK,
113,J. Viñas S.A.,"In the Integrity on site check unannounced audit performed on May 22nd, 2025, 1 Major and 1 D KO Scoring non-conformity was identified on requirement 4.3.2. and 4.18.1:
 
 “4.18.1 D scoring in a KO requirement: A traceability system is not maintained that enables the identification of product lots and their relation to batches of raw materials. During the on-site inspection is checked that in the finished product raw sausage “Butifarra Vedella” with expiration 25-MAY-2025 (own brand) it carries ","4.18.1, 4.3.2",MULTIPLE,
114,ETA Jean Gielen asbl,"Major-4.13.7-Deviation:
 The effectiveness of the measures is monitored by an external service provider, who analyses trends on a quarterly basis. However, the following points were noted:
 
 - Inconsistency between the last report and on-site observations: The Q1 2025 report does not indicate any major signs of infestation. Yet, during the audit, rodent droppings were observed in several areas, including the raw materials storage shop (owned by a customer). Signs of major infestation were obser",4.13.7,OK,
115,Rüther Gewürze GmbH,Discontinuation of production,,MISSING,
117,ALIMENTOS CONGELADOS CARRASCAL S.A.,Cessation of activity,,MISSING,
118,DULCES EL AVION S.A.,"Major non-conformity 4.3.2:
  With regard to the information contained in the labelling of the finished product, the following is evident:
  - The presence of plastic film on flowpacks of product references which include the sales denomination ‘Frutas de La Rioja bañadas con chocolate’ of the own brand ‘EL AVIÓN’. During the course of the audit, general certificates of origin of the fruit were requested from the two suppliers of candied fruit (CO---- LA--- and FR--- MO---), showing that the orig",4.3.2,OK,
119,So Fast So Good Société par actions simplifiée,"During the audit, a major non conformity was raised on item 5.5.1 : During the field audit, the production of Emmental Boursin sandwiches was observed. The packaged sandwiches were weighed on the ‘ASSEMBLAGE’ scale (SN identification 07210499), which is not a legal-for-trade scale (no green sticker). According to the site, sandwiches are sold ‘by the piece’ (the site has a file in which it defines which references must be weighed under ‘legal metrology’, i.e. with weighing on a legal metrology s",5.5.1,OK,
120,P&M Rental Sp. z o.o.,No payment for the audit done,,MISSING,
121,Belberry bv,"Major - 2.3.9.2
 The HACCP study indicates that during hot fill, the absolute minimum temperature is 72°. In the instructions for the operators is indicated that the minimum temperature is 75°, and they must measure the first and the last jar of each batch (90 or 180 kilo). We checked the registrations of 2025 and there were no deviations. During the audit, we assisted at the production and filling of pineapple jam. At the end of the production, the line has been stopped a few minutes before con",2.3.9.2,OK,
122,AGRO-LARROSA S.L,"During the audit completed on site on 28-29/05/2025 the following Major NS was identified:
 5.4.2 Major NC: It is verified that the scale used by the site to check the effective content of the packaging (code 81.06 serial number 510531) has been calibrated but has not been submitted to an official metrological control as stipulated in the Spanish regulations (Order ICf/755/2020), which means that this is a failure to comply with a legal requirement.",5.4.2,OK,
124,"CARNICAS CHAMBERI, S.L.","During the last recertification audit, it has been detected the following Major NC: 
 
 4.12.2 MAJOR NC Procedures to prevent foreign bodies contamination are not properly implemented. During the audit, the following observations were made: 
 -In the ham chamber, a trolley with hams awaiting reprocessing was observed; they were dirty with grease from the equipment, in direct contact with the floor and in direct contact with a trolley wheel that was in a poor state of cleanliness. 
 -In the proce","5.11.4, 5.4.1, 4.12.2",MULTIPLE,
127,BODEGAS MANZANOS S.L.U.,"A major non-conformity has been detected in requirement 4.3.2: In the ingredient information of the QR code of the product B.U rosé lot L0A3250228, the stabilizer (K polyaspartate) has not been included in accordance with the provisions of Regulation (EU) 2021/2117. The company states that it is not a fixed ingredient in all bottlings, but in this case it was dosed (according to bottling order and control records).",4.3.2,OK,
129,BO DE DEBÒ SL,"During the audit performed on 26th May 2025 to 28th May 202, it was detected a Major non-conformity under the requirement 4.3.2.
 
 Major non-conformity 4.3.2.
 during the visit to the plant, it was found that the product was being packaged and labelled under customer brand name Bxx Prxx; Texxx i Taxxx; espinacs a la catalana amb cigrons. The labelling is checked and it is only in Catalan. It has a QR code which can be used with a mobile device to download the information in English, Spanish and",4.3.2,OK,
130,ESKIMOS S.A. w Restrukturyzacji,No payment for the audit done.,,MISSING,
131,GRANJAS ECOLOGICAS SLU S.L.U.,"During the unannounced Integrity On-site ChecK has been detected 2 KOs: 2.3.9.1 Specific monitoring procedures in terms of method is no implemented for the CCP cooling after pasteurisation, indeed this CCP it’s not under control. E. g. during the on-site inspection it's noted that in the cooling chamber there is a chart with product already pasteurized (macaroni and chicken wings). On the top of the chart, the sample used to record the parameters time / temperature is crossed from the probe, but",4.18.1,OK,
132,Zanobeet S.L.,"A Major NC was raised during the IFS Integrity On-site Check on April 24, 2025.
 Description of the Major NC:
 Clause 4.13.2:
 “During the IOC it has been observed that the pest control plan is not correctly implemented:
 - Presence of reptile excrement (geckos) in the packaging area.
 -Presence of many rodent droppings in the machine used for sorting pumpkin. Not in use on the day of the IOC.
 - Presence of a lot of snails in the beetroot washing machine, floor of this area and walls of the pac",4.13.2,OK,
135,SOCIETA' AGRICOLA DE DEA MARKUS & WEISS KURT SS,The company decided to renounce,,MISSING,
136,Dutch Convenience Meat B.V.,"Integrity on-site check on 22-05-2025. The following KO and major have been observed:
 2.3.9.1 KO: Pasteurisation of sous vide spareribs is defined as CCP, with limits > 2 hrs > 75 °C core temperature. 
 Pasteurisation is done in a cooking cabin. The program is set on the temperature sensor in the core of a product. 
 The temperature of this sensor is monitored and recorded in Danfoss system. 
 The correct performance of the pasteurisation process (CCP) is checked 
 the day after pasteurisation ",2.3.9.4,OK,
139,BRF SA,"4.9.4.1 – MAJOR: 
  
 There was evidence of a hole in the ceiling next to the pipe (support structure) under the raw material conveyor in the IQF room. 
 Presence of a rusted ceiling at the start of the conveyor belt in the breast packing room. 
 Opening in the ceiling (trap door) near the breast silo (manual weighing) in the breast packing room. 
 Evidence of dripping from the ceiling onto the floor, near the conveyor belt where the boxes enter the continuous freezing tunnel 01. 
 Drip on the f",4.9.4.1,OK,
140,Bonomi S.p.a.,"Following the certification visit on 03,04,05/06/2025, and following a preliminary technical review, the certificate is suspended due to Major non-conformity
 In detail § 4.10.2
 During the on-site inspection (Savoiardi biscuit ""ladyfinger"" production department, lines 2 and 3), a situation of significant accumulation of sugar and flour residues was noted, in areas with and without exposed product.
 Below are some details: Aerial parts such as electrical cable ducts, electrical panels, pipes (wh",4.10.2,OK,
141,MACQUET SA,"Major - 4.5.3
 Non-Conformity – Halal Lamb Meatballs for Client Cxxx
 During the traceability exercise carried out on lot 52110367 (produced on May 21, 2025, and delivered on May 22, 2025), as well as during the audit conducted on June 3, 2025, concerning products in stock, the following deviation was identified: the product labeling is non-compliant with Regulation (EU) No. 1169/2011 on the provision of food information to consumers. Note: The client was initially informed about the composition",4.5.3,OK,
142,Lotus Bakeries België N.V.,"Major NC in 1.2.6. 
 An official warning was given by FASFC during an inspection of the site on 19/06/2024 with a mandatory action to correct the NC’s by 19/06/2024 (the same day). This incident was reported to the CB dd 28/3/2025.
 
 Given the observations made during the inspection and the proposed corrective action, the inspector closed the official warning immediately on 19/06/24 without follow-up visit. For that reason, it had been overlooked by the company to report the mandatory action an",1.2.6,OK,
143,LEROY EUROSALMON SAS,Client closed the site,,MISSING,
144,La Marchesa Soc. Coop. Agricola,"During On 28-May-2025 an Integrity On-site check the IFS IP assessor issue 2 Major NC related to 
 Requirement 2.3.9.4: Control measures, other than those defined for CCPs, shall be monitored, recorded and controlled by measurable or observable criteria.
 Evidence: batch 25148, expiry date 18/06/2025 was in the packaging step on line n° X and could not subsequently be subjected to control with the mobile metal detector as the packaging has a metal seal.
 Requirement 5.3.1The criteria for process","5.3.1, 2.3.9.4",MULTIPLE,
145,PAPES SAFOR S.L.,"Major NC issued after receiving the ENAC report (Receipt date: June 2, 2025) related to the follow-up audit conducted during the IFS Food v8 scheme renewal audit on May 19 and 20.
 Major Non-Conformity 4.5.3
 
 During the plant visit on May 20, 2025, the packaging on line 1, originating from the frying line, was observed to contain 120g GREFUSA brand ham-flavored wavy potatoes without any weight indication on the packaging. The deviation was not detected in the labeling controls (packaging secti","5.10.3, 4.5.3",MULTIPLE,
148,PASTELERIA MANDUL. S.L.,"During IOC audit conducted on 3rd of JUNE 2025 compny decided to stop the audit after 1 Major and KO were raised, only after 1.30 hours audit had started. 
 As we cannot guarantee that Majors/KOs and deviations could have been raised, certificate has been withdrawn.
 2.3.9.1. KO
 During the visit on site, among other facilities, the two product packaging rooms were visited:
 - Baby room: they were packing chock muffins under retailer brand.
 - Cake room: they were packing Starry pie under own br",2.3.6.1,OK,
149,Manufacturas Taberner S.A.,"On the IFS Food V8 audit conducted on May 29&19 one KO was raised against req 2.3.9.1 and one major NC against 4.19.2 with the following description: 
  
 2.3.9.1 - KO 
  
 The company has defined three CCP’s (HACCP risk assessment dated 25.06.2024 and P10-F3 CCP management table, issue 20, dated 12.12.2024) 
  
 CCP2 was defined in CCP2 in sieving step for prepared mixture of spices, additives and ingredients, consisting of in that all final products must be sieved trough 2mm sieve with a daily",4.19.2,OK,
150,Marblo NV,"KO - 2.3.9.1: During the audit of the hot kitchen, where the cooking of the various products takes place, it was found that: of the moussaka produced, there were already 4 carts in rapid cooling, with each cart going into its own individual oven, only two records had been noted of the measured core temperature of the product. No measurements had been made of the remaining two carts. Cooking is a CCP where >70°C core temperature should be achieved as CCP monitoring of the cooking process. Visual ",,MISSING,
151,PAPAS ARGENTE S.A.U.,"In the audit carried out on June 3 & 4, 2025, 2 Major NCs were detected against the following requirements:
 NCM1 - requirement 1.2.6
 During the review of customer complaints, the company records a report from customer Cxxxxxxxx in 2024 with registration 24043 affected batch 2803, due to acrylamide values of 2920 µg/kg when the legal limit for chips is 750 µg/kg. A record of the complaint with an analysis of the cause (excess temperature during frying) is shown and the company reviews the docum","1.2.6, 5.11.1, 4.9.6.2, 4.10.5, 2.1.2.1, 2.3.6.1",MULTIPLE,
152,GONAS UAB,Certificate is locked due to the lack of payment,,MISSING,
154,Pure & Fit Sp z o.o. Sp. K.,The company is in liquidation.,,MISSING,
155,Fruitland Sp. z o.o.,Client informed on 26.05.2025 that he doesn't want to continue IFS certification.,,MISSING,
156,Bocatti SPA,The payment for the IFS Food audit was not done.,,MISSING,
159,Safiro Nutrition Sp. z o.o.,No payment done for the audit.,,MISSING,
160,Vivid Foods Lda,"During the IFS Food audit carried out between June 02 and 04,2025, the following non-conformities were identified:
 Req. 2.3.9.1 (Deviation D in KO): The metal detectors are not tested for the operation of the rejector. The rejector on line 9 was not aligned for the product in question (tenderloins in vacuum) and did not reject the product tested during the audit tests. Alignments were done and the system start working.
 Req. 4.14.2 (Major): During the site visit (and SAGE system) it was evidenc","4.14.2, 4.16.2, 4.10.2, 5.11.3, 4.17.4",MULTIPLE,
164,FORMAGGERIA TOSCANA SRL,"During the renewal audit finished on 30.05.2025, the following NCs has been raised:
 Major NC under 1.1.1: during the production inspection, staff behaviors were detected that demonstrated an insufficient food safety culture (evidences: staff not wearing disposable protective clothing when entering and exiting the high-care area; staff crossing the high-care area from the refreshment area without having followed the hand sanitization procedures following food consumption; external door of the hi","1.1.1, 4.3.2",MULTIPLE,
165,"Agricola Santa Eulalia, S.L .","A Major non-conformity was raised during the audit on June 2-4, 2025.
 Description of the Major NC:
 Clause 4.5.3.:
 “A one-time labeling mistake was observed on the site inspection when wrapped broccoli 10 x 500 g was packed on cardboard box, batch L2301. The address and R.G.S.E.A.A. used on 500 g unit label was from another packinghouse of the corporate group: 21.016028/MU instead of 21.038563/MU. Without identification, ""packed for"" generating confusion about the exact place where the product",4.5.3,OK,
167,Fortin Mühlenwerke GmbH & Co. KG,"5.5.2 
 As part of the audit, it was found that individual batches of pre-packages were produced and placed on the market on the ICA 3 line that did not reach the nominal filling quantity on average. This mainly concerns the filling batch 00151- 1130101 of the article 29086086207 dated 12 March 2025. 146,645 small packs of oat flakes were filled with a nominal filling quantity of 500g. The average value achieved is 498.69 and is therefore 1.31g below the nominal quantity. This represents a legal",5.5.2,OK,
168,Ahlener Schinken-Center GmbH & Co. KG.,The site was closed on 31/05/2025,,MISSING,
169,Eierhof Hennes GmbH,"KO vs. 4.1.3: The implementation of the KAT standard is part of the customer specifications. The currently valid version of the KAT standard for dyeing plants (2025.01, point 6.2.2) requires quarterly analyses of the process hygiene criteria of Regulation 2073/2005, Annex I, Chapter II, 2.3.1 on Enterobacteriaceae. There are quarterly tests for Enterobacteriaceae, but not with the sample size of 5 required by the regulation; only one sample is analysed. 
 This is a repeat deviation from 2024 wit","5.11.3, 4.1.3, 2.3.4.1, 5.11.4, 5.6.1, 4.11.2, 5.6.2",MULTIPLE,
170,Patisserie Jack Heesen B.V.,"During the audit completed on site on 12-13/05/2025 the following Major NCs and KO were identified:
 4.13.4 During the audit (12–13 June 2025), active signs of pest presence were observed in multiple areas:
 Additional moth activity in the raw material storage area and weighing area
 Two types of ants observed:
 • At the personnel entrance (joint of wall and door)
 • Near the butter chamber wall, including on closed product pails
 • Cobwebs found persistently above production lines, in corners, ","4.13.4, 5.11.3",MULTIPLE,
171,FRUIDOR RUNGIS SAS,"KO on item 4.18.1:
 During the audit, it was noted that the traceability labels on the pallets taken out for order preparation were removed. Thus, it was possible to observe several references with different batches without distinction in the preparation area (examples BR 55204 L2 and BR55204L1). The teams were then asked which batch was used to prepare the 13 packages for the ScapXXXX customer. The information was not available.
 After research, the manager (new arrival) informed us that the cu",4.18.1,OK,
172,LaBan Foods .,"Paragraph 5.5.1 Major; Weight (minimum weight): 
 The Butter blend product was packaged on 4 June 2025. It was filled on the roll line. The label states 1000g (minimum weight). The specification states a minimum of 1000 grams. One box was reweighed (10 packages). The weights below include tare weight. The tare weight is 8 grams. Four of the ten packages met the minimum weight: The weights were 1017, 1019, 1027 and 1023 grams. Six of the ten packages did not meet the minimum weight. The weights i",5.5.1,OK,
173,Maítre B.V. .,"NC 5.1.1: Three of the planned annual internal audits are not demonstrably executed within 15 months since last internal audit, seen for ""bedrijfsburo"" last audit date 06-03-2023, certificates last audit date 27-02-2023 and QA last audit date 23-02-2023",5.1.1,OK,
174,Vinobag SA,"Major-5.7.1
 It has been found that products that do not comply with regulations have been released under the cover of an authorisation from the customer, who is the trademark owner.
 On 7 March 2025, based on an analysis carried out by an external laboratory, the site found that the IGP Hérault red wine had an alcohol content of 14.27%, whereas the Bag in Box label indicated 13.5%. The customer is immediately contacted by email to inform them of this non-compliance and obtain their authorisatio",5.7.1,OK,
175,Sojarei Vollwertkost GmbH,"KO 5.11.3:
 Following the internal audit (performed on four days in the period from 10 October 2024 to 25 March 2025), for the 15 deviations no corrective actions were documented.",5.11.3,OK,
176,CAULA ALIMENTS S.L.,"Major for requirement 4.19.3 
  
 A final product analysis shows a caseinate content of 1.9 mg/kg. The label does not indicate the presence of milk or milk-derived traces. There is also no validation for the absence of milk or milk derivatives.",4.19.3,OK,
177,Della Peruta Vincenzo S.p.A.,Customer decided to stop the production and perform only trading activities,,MISSING,
178,OP NATURA DAUNA SOC. COOP. AGR. A R.L. .,"3 Major NCs and 2 KOs were raised during the audit on June 9-10, 2025.
 Description of the KOs:
 Clause 4.1.3:
 “Customer agreements are not respected. For the customer Cxxxd CPQ, the manufacturers to be processed must be on a list approved by the customer and listed on the label, and must be GlobalGAP certified. During the on-site audit, for example:
 1 . On 10-06-2025: The packaging of Asparagus for the client Cxxxd CPQ presented on the label the reference to producer A10 (GlobalGap farm GGN 4","4.1.3, 4.3.2, 4.18.1, 5.4.1, 4.5.3",MULTIPLE,
179,Zerbinati s.r.l,"4 KOs & 2 Major NCs were raised during the IFS Integrity On-site Check on June 16, 2025.
 Description of the KOs:
 Clause 4.18.1:
 “In the traceability test carried out on Valeriana 120 g customer branded C, lot B69230700 expiry date 10.06.2025, it emerged that the link between finished product and raw material supplier is traced by the operator on a sheet attached to the pallet, which is kept with the traceability sheets. The following discrepancies emerged:
 - On all 7 sheets attached to the p","4.1.3, 4.9.9.2, 4.19.2, 4.18.1, 5.11.3",MULTIPLE,
181,Seafood Parlevliet Tholen B.V.,"During the announced audit with last day 17-06-2025 a Major non-conformity was noted at clause 4.9.9.1: Water analysis results are exceeding requirements: results of 15-5-2025: (1) process water in smokery: TPC 22°C = 700 cfu/ml, Coliforms = 9 cfu/100ml (legislative requirement Coliforms not detectable in 100ml) and (2) water hygiene sluice TPC 22 °C = 310 cfu/ml.",4.9.9.1,OK,
182,O.P. ESPERIDIO S.c.a.r.l.,The contract with Certiquality has been formally terminated at the company’s request.,,POTENTIAL_MISS,
183,NATURPUGLIA s.r.l.,The suspension was decided due to the failure to pay invoices relating to activities already carried out by Certiquality S.r.l.,,MISSING,
184,"Winters, the Chocolate Company B.V.","Two Major Non-conformities have been raised during the IFS Food v8 re-certification audit from 16/06/2025 to 17/06/2025 at Winters, the Chocolate Company B.V. - COID 57290:
 
 Major Non-conformity (requirement 4.5.3): 
 Packaging of end products is performed either in downstairs or upstairs packaging department. 
 For upstairs packaging department no documented label checks are currently implemented: 
 1) seen as part of factory tour no documented label checks available for products currently in","4.5.3, 5.5.1",MULTIPLE,
185,Valero Forn Tradicional S.L.,"A Major non-conformity was raised during the audit on June 12-13, 2025.
 Description of the Major NC:
 Clause 4.8.2.:
 “A number of issues were detected in the process flow from goods in to dispatch which posed contamination risks during the processing of the products. Issues included Two dead, and one live moth were found on or close to processing equipment.
 Many oven trays had lost part of their Teflon coating.
 The belt on line 6 had threads coming away. The blue belt on the chapatera line w",4.8.2,OK,
187,ASOFRUBE S.L.,"A KO was raised during the audit on June 9-10, 2025.
 Description of the KO:
 Clause 3.2.2:
 “During the staff lunch break, while visiting the auxiliary materials warehouse adjacent to the cherry handling area, it was observed that the loading/unloading door of the warehouse was open. Upon approaching the area, the following breaches of personal hygiene requirements were detected:
 1. -Staff members were outside wearing their work uniforms (light purple trousers and shirts).
 2. -Some staff were",3.2.2,OK,
188,VALENCIANA DEL FRIO S.A.,"During the renewal audit that took place on 11-12.06.2025, it was raised a KO under req.4.18.1: 
 The system used to record the traceability of the packaging material is not adequate as it has been found some records where the lot of the packaging was wrong (corresponding to last campaign) and was not corresponding to the packaging received during this campaign. E.g. production record of product lot Q20.4.1.506 dated 12-05-2025. Also, the traceability for the packaging provided by the client is ",4.18.1,OK,
189,BIOLIVA MED COMPANY SARL,2024 invoice has not been paid,,MISSING,
190,IL BORGO SRL,"During IOC on 20-MAY-2025 detected a Major NC on req 4.10.2 and, after discussion with IP IFS, decided to lock certificate. Here text of Major NC:
 Although the product has a low microbiological risk, on the day of the IOC, the state of implementation of the cleaning and disinfection activities was not adequate; the following issues were identified:
 a) Dough department: a non-operational production line is
 present in the department, the equipment is covered with a plastic sheet, but it’s not a",4.10.2,OK,
192,Polus Sütő Kft.,"During the IOC audit completed on site on 11/06/2025 the following Major NCs and KO were identified:
 
  4.9.1.1 MAJOR During the IOC the following non-compliance were observed regarding infrastructure. The risk of product contamination could not be excluded, therefore, the food safety could not be assured without doubts:
 - There were mouldy ceilings and walls observed throughout the whole factory, especially: (1) at raw material warehouse around the cold storage and frozen storage rooms; (2) i","3.2.2, 4.9.1.1, 4.17.2",MULTIPLE,
193,AGRO BLEND GROUP SHPK,outstanding payments,,MISSING,
194,"ALBASOL FRUIT, S.L. B09876855","4.1.3 KO In the case of client H, it indicates that the watermelon's Brix must be between 12 and 13 degrees. 
 DV: ""No documented evidence of the measured BRIX levels is recorded in form G 0503-1 'Quality Control of Packaged Product'. Examples from the previous production campaign, since the previous certification audit, were requested, but it was not possible to provide evidence demonstrating compliance.""
 4.5.1
 MAJOR During the audit, documentation is requested for the following packaging: 50","4.3.4, 4.9.5.4, 4.1.3, 4.15.7, 4.11.1, 4.9.9.1, 4.9.6.1, 4.4.3, 4.18.1, 4.1.2, 5.3.4, 2.3.6.1, 4.4.1, 4.5.1, 4.21.2, 4.11.4, 5.11.3",MULTIPLE,
199,"BODEGAS LANGA HNOS., SL B50069616","During the announced recertification audit, carried out to the operator BODEGAS LANGA HERMANOS SL, COID 89016 on 11 and 12 June 2025, a major non-conformity with code 5.5.2 has been opened:
 For still wine, they carry out destructive quantity control. Production orders only indicate OK for the fill level, with no records of the checks carried out, such as, for example: production order ER-25-00137 of 09/05/2025 for bottling 2022 red wine under the PI L-250509 brand). It cannot be verified that q",5.5.2,OK,
201,BIOLIVA MED COMPANY SARL,2024 invoice has not been paid,,MISSING,
202,Fude + Serrahn Milchprodukte GmbH & Co. KG,"During the re-certification audit completed on site on 16-17-18-19/06/2025 the following Major NCs and KO were identified:
 
 DEV:
 The concept for pest prevention and control is not effectively established.
 
 Evidence:
 In the outdoor storage area, where primary packaging and dry raw materials are also stored, traces of rodent droppings were found. In the inner area in front of a defective roller door, a number of stacked pallets of milk powder were stored. When the pallets were relocated and ",,POTENTIAL_MISS,
203,AVENA Cerealien GmbH,"Major fire at the Mühlenstraße 1 c site, 19357 Karstädt. Production is currently not possible. Investigations into the condition of the buildings and facilities and the extent to which parts of production can be resumed are still ongoing.",,MISSING,
204,Burg Azijn BV,"During the on-site audit on June 23rd and 24th, 2025, a major non-conformance (NC) was raised to requirement 4.2.1.5: relate dto herb vinegar, apple vinegar (clear and cloudy) and natural vinegar, the Nutri-Score logo is placed on the label.
 This is not in line with the requirements for Nutri-Score: food products that are not covered by the mandatory nutritional declaration, as listed in Appendix V of EU 1169/2011, are not covered by the Nutri-Score.",4.2.1.5,OK,
205,LES GRANDS CHAIS DE FRANCE - SITE DE PETERSBACH SAS,"MAJOR non-conformity on requirement 4.3.2:
 The site manufactures a private-label Limoncello liqueur (25% vol, 50 cl) for a client based in France. During the review of the product's labeling, several regulatory non-compliances were identified, which were not communicated to the client. This constitutes a breach in the label validation and review process.
 
 The following issues were noted:
 
 1. Misleading claim: The statement “traditional Italian recipe” implies a traditional composition, wher",4.3.2,OK,
206,Pflaum Feinkost GmbH,"1.2.1 KO
 In accordance with the standard, management must ensure that employees are aware of their responsibilities with regard to food safety and product quality and that mechanisms are in place to monitor the effectiveness of their actions. These mechanisms are identified and documented. This is not implemented to a sufficient extent; for example, an internal audit conducted by an external auditor on 20-21 August 2024 identified a total of 65 deviations (31x of which were D deviations and 8x ","4.14.2, 4.18.1, 1.2.1, 2.3.9.4",MULTIPLE,
207,Vandemoortele Bakery Products France- Le Fossat SAS,"Major NC on 4.13.2: During the audit, it was noted that the measures put in place to control pests were not sufficiently effective: 1/ Successive trend analyses show that rodents are being caught inside the premises. 33 since the beginning of the year, for example at the entrance to the CIP room, at the kneading area on line D (12/05), in maintenance, in cardboard storage, in packaging storage 1 (11/06). Even though sealing work is regularly carried out, particularly following the infrastructure",4.13.2,OK,
208,Fromagerie Perreault-site d'Azé,"REQUIREMENT 2.3.9.4
 During the audit, the X-ray PRPo was not under control on the cheese-cutting packaging line:
 1. At the auditor's request, the 3 tests (stainless steel, glass and rubber) were carried out and none of the lures were detected by the X-ray.
 2. The program used to parameterize the RX was not that of the product in production, but that of another product packaged the day before. As a result, the RX was not functional throughout the day's production.
 3. The RX monitoring documen",2.3.9.4,OK,
209,Edwin Grasmehr GmbH,"During the unannounced IFS Integrity On-site Check on 27.06.2025, 1 non-conformity (1 Major) was identified in relation to the standard requirements of the IFS Food Standard.
 Affected requirement: 4.8.2 Major: In the ground floor packaging, above the Webomatic machine, there is an evaporator directly above the shelf on which the finished sausages are placed before they are put into the packaging. Dripping water was clearly visible on this evaporator during the audit. The evaporator was unclean.",4.8.2,OK,
210,Mineralbrunnen Teinach GmbH,"KO 4.12.1:
 On the first day of the audit, 0.7-liter medium mineral water bottles were produced on line 4.
 After the empty bottles are cleaned, they are inspected as the only measure for checking the bbottom (contamination). 
 
 During the audit, several glass shards were found in the inspector in various areas. There is no procedure for dealing
 with broken glass in sensitive areas. It was not possible to determine when the glass broke, and there was also no approval after glass cleaning. The ",4.12.1,OK,
211,"MANUFACTURAS CEYLAN, S.L.","Mayor NC 4.12.2:
 Company has established several preventive measures to avoid the possible risk of physical contamination coming from foreign bodies in final products such as the installation of sieves, filters, magnets and metal detectors. 
 But during the plant visit, a plastic hose was observed at the exit point of the mixing equipment P3 zone A, just above the bucket containing already-sieved final product ready to be packed. The hose had missed pieces of plastic, which could potentially fa",4.12.2,OK,
212,LOYEZ WOESSEN .,"KO on 4.18.1: 
 During the audit on June 25, 2025, it was noted that recycled butter (production day of June 19, 2025, batch 7027698) was reincorporated into Silo 2 but was recorded as being reincorporated into Silo 1, therefore into different products. This represents a recording error and loss of traceability. The silo registration document, which incorporates the recycling, is the only written record available to track the traceability of these recycling operations. 
 There is also no traceab",4.18.1,OK,
213,LES DUCS DE GASCOGNE SA .,"Major NC on 4.3.2 : During the traceability test, it has been found that the recipe for the specialty made from foie gras with Espelette pepper batch 1210110GDDM01.10.2028 chosen for the test (private label product) did not contain alcohol (port, armagnac, wines), in accordance with the recipe validated with the client on 23.07.2024. However the label affixed which has been validated with the client on 02.09.2024 mentioned the presence of these ingredients. The label of the finished product is t",4.3.2,OK,
215,Kőröstej Kőröstetétleni üzeme Kft.,"During the audit completed on site on 2,3,4 July 2025 the following KO and NC mayor were identified:
 
 KO 3.3.2: Several workers have been worn clothes dedicated to clean zone production area in the yard.
 - In the cardboard packing area of the sliced and grated cheese products the employees wore one-usable green coats during the audit which is dedicated to the high hygiene control slicing and grating area. The two areas are separated by each other so in the cardboard packing area it is not req","4.8.2, 4.14.3, 3.3.2, 4.14.5, 5.11.3",MULTIPLE,
216,AGRÍCOLA D'ALBATÀRREC I SECCIÓ DE CRÈDIT S.C.C.L.,"During the IFS Food v.8 audit performed from 25 to 27 of June 2025, was detected two Major Non Conformities. 
 Requirement 2.3.9.4. Description: Although there is a register for post-harvest treatments online (Reg. 50 ‘Register of post-harvest phytosanitary treatments’ Edc. 2 date: 22/06/2020), the treatments carried out during 2025 have not been recorded, making it impossible to verify the product used, the doses, the quantities applied or the batches of the products used. 
 Requirement 4.12.3.","4.12.3, 2.3.9.4",MULTIPLE,
217,SFB Fleisch- und Kühlcentrale GmbH & Co. KG,"Major in 4.8.2:
 An unsatisfactory cleaning status was found in the establishment. The machines/ equipment in contact with open foodstuffs were dirty. Moving machine parts/ defective plastic parts above open product showed unacceptable damage/ soiling and possibilities of contamination with foreign bodies for open meat. The hygienic environmental conditions of the invert/ invert process were unacceptable. The records of the self-inspection concept did not reflect the actual conditions in Product",4.8.2,OK,
218,ZIV Ltd.,"As of today (03.07.2025) Certima BV withdraw the certificate number IFS- 01308 of client ZIV Ltd., 8, Kamchia Str., 9600 Balchik, Bulgaria, COID:27260
 
 Reason: Company ZIV ltd Balchik had an IFS Integrity onsite check on 27th June 2025. 
 During the onsite check 2 Major nonconformities were observed and raised by IFS IP auditor.
 
 Major on 4.12.2:
 In the scope of foreign body management, the following deviations were found:
 - Cracked paint on the ceiling in the kitchen area at line no. 3 - ","4.13.2, 4.12.2",MULTIPLE,
219,FORTIS d.o.o.,Fire in chamber with goods. Detailed information will follow. (07.07.2025),,MISSING,
220,Bodegas Esteban Martin S.L.,"KO has been raised in clause 2.3.9.1 during re-certification audit on 23.06.25:
 According to the risk analysis carried out, the company has identified wine microfiltration and rinsing (bottle washing) as a CCP in the case of bottling wine in glass bottles. 
 A visit was made to the production area to see the bag-in-box wine bottling process during the first day of the audit; only the microfiltration CCP (CCP1) applies. 
 Wine has already started to be bottled and a record of the controls perfor",,POTENTIAL_MISS,
221,"JUAN LLORENTE, S.L.","During the recertification audit, the following major nonconformity was detected in requirement 5.10.3.
 
 During the visit to site 3, in warehouse 1 there were 2 boxes strapped with film, one from lot 4937 Map 2223 returned from Aro Ibe Serr and the other from lot 2055 Map 4023, with the presence of “piojillo”, which has not been registered and is not being managed.
 At site 2, in the large drying shed there was a pallet with 5 boxes, 10 pieces of boneless ham from lots 4527, 4526. Vacuum-packe",5.10.3,OK,
222,Brient SAS,"KO on 3.2.2
 During the field audit of the sensitive deli slicing area and the sensitive salad area, a number of discrepancies were noted in the understanding and application of defined hygiene rules:
 - Wearing masks under the nose instead of over the nose, observed on 4 employees and one maintenance contractor during an intervention.
 - Plastic disposable sleeves not worn by 4 employees
 - Top of uniform not completely closed for 2 employees
 - Failure to remove disposable PPE gloves, sleeves ","1.2.4, 3.2.2",MULTIPLE,
223,Brient SAS,Head office audit with KO on 3.2.2 and Major NC on 1.2.4.,"1.2.4, 3.2.2",MULTIPLE,
224,Florette Hortícola Canarias S.L.U,"IFS Integrity Audit with 2 majors
 4.9.1.1 The premises in the reception area, cutting area, white room of salad bags are not designed, constructed and maintained to ensure food safety as the floor is cracked, rough, broken or missing the top layer in several places. This fact was detected in previous Certification Body audit.
 
 4.10.2 Some points with an inadequate state of cleanliness were observed:
 - Mold growth on the ceiling located over plastic coils partially used (not fully protected).","4.9.1.1, 4.10.2",MULTIPLE,
227,Dufina nv,"A major non conformity was raised on requirement 4.14.3 : t 4.14.3: During the assessment of the production areas, frost was observed at the bottom of the large freezer (""diepvries opslag"") in a palox containing raw meat intended for the production of smoked bacon. This meat will not be cooked during the rest of the process. The meat in the ""Dolav"" was not properly protected. As a result, the meat was in contact with the frost.
 Similarly, frost detached from an area of the freezer ceiling and f",4.14.3,OK,
228,DMDS SA,"During the production visit, it was noted that :
 • CCP 5 ‘Metal detector’ has not been the subject of records of passage tests since 13 June 2025.
 • CCP1 ‘pH of dried products’ has not been the subject of records of the final weight loss after drying since 26 June 2025.
 These two failures to comply with the records specified in the HACCP study make it impossible to effectively demonstrate the control associated with these 2 CCPs.",,MISSING,
229,"BREYBEAU NV, site Gavere - Breydel .","KO 1.2.1: During the audit it became clear that the integration of the employees of the site of Tradelio in Oudenaarde which moved partly to the site of Breydel, were not yet integrated in the company. Lack of communication and lack of presence of the senior management on the work-floor caused a serious breach in the Food safety culture within the company. It became clear that several employees were somewhat lost within the company and not aware of any risks within the company and the need to re","4.9.4.1, 1.2.1",MULTIPLE,
230,SuiCo EOOD,"Major on 4.19.2 
 The company manufactures some products with “Gluten free” claims. During the IOC “Gluten free” Macaroni was packed. The following bad practices were observed during the IOC: 
 - The “Gluten free” claimed Macaroni was loaded into a hopper of the packaging machine. Right above the hopper of the packaging machine a mixer was situated (the unloading pipe of the mixer was right above the hopper of the packing machine. The mixer (used for mixing gluten containing muesli) was not full","4.19.2, 4.12.1, 5.5.2, 4.3.2",MULTIPLE,
231,Prodotti Alimentari Fioravanti & C. S.r.l. Srl,"During the Integrity On-site Check of 09/07/2025, 4 non-conformities were identified against the following IFS-Food v8 requirements as follows:
 • 2.3.9.1* KO N° 2, NC Level: KO -D
 • 3.2.2* KO N° 3, NC Level: KO -D
 • 5.5.2, NC Level: NC Major
 • 5.11.3* KO N° 5, NC Level: KO -D","5.11.3, 3.2.2, 5.5.2",MULTIPLE,
232,La Noix Gaillarde SN EURL,"Major NC on 2.1.2.1 : An internal audit was subcontracted on 13/01/2025 to an external auditor. The 1st audit report presented to the auditor made no mention of the major NC and the KO assigned by the external auditor in the internal audit summary paragraph. 
 Following the insistence of the auditor for the current certification audit, the initial audit report sent by the external auditor was presented and did indeed include a major NC and a KO. The report had therefore been modified.",2.1.2.1,OK,
233,KALOGERAKI BROS SA,"During the IFS audit (01-03/07/2025) 4 MAJOR Non conformities were recorded .
 1) 3.4.1 . The lockers were not repaired and cleaned after the finding of last audit(2024) including the walls in that area. This re-occurring finding is downgraded from ""D"" to ""Major""
 2) 4.17.4. The equipment for mixing the ingredients of dairy dessert -edesma -(two receiving tanks for dry ingredients, connected with the batch stirring tanks) are located in a covered but external area (open to the outside environmen","4.14.3, 5.11.4, 5.5.1, 4.10.5, 3.4.1, 4.9.4.1, 1.3.1, 4.17.4",MULTIPLE,
234,Cárnicas Mirotz SL,"A KO was raised during the audit on June 30, 2025.
 Description of the KO:
 Clause 4.18.1:
 “During the visit to the facilities we found that in the final product chamber there were several boxes without identifying the type of product, lot or expiration date. An attempt was made to perform a mass balance, since the company claimed that the lot corresponded to the last order placed, but it was not possible to find the production order, so it was not even possible to trace anything or see quantit",4.18.1,OK,
236,LUCIEN GEORGELIN .,"MAJOR non-conformity on requirement 4.17.4:
 During the on-site visit, it was observed on the candy process, at the level of the candy paste rolling machine (machine for rolling the candy paste), significant wear of the paint on the metal plate in contact with the product at the end of the cylinders at the line inlet. Due to friction with the candy paste, the paint has been partly removed (polished) and the metal has been exposed. The candy paste observed on the machine was colored orange and th",4.17.4,OK,
237,INDUSTRIAS LACTEAS SAN VICENTE S.L.,"During the IOC audit completed on site on 20-June-2025 the following Major NCs and KO were identified:
 
  4.8.3 MAJOR The company operates a clean room since February 2025, where the cheese is cut in wedges (with / without pre-cutting in portions). Cutting, packing and labelling had not been segregated until that date. There is a risk assessment for this requirement, dated on 01 FEB 2024, where the company concluded that the clean room was necessary for the activity to guarantee absence of micr","4.13.2, 4.8.3",MULTIPLE,
239,NTRA SRA DEL ROSARIO S.C.L (BODEGAS CAMPOS REALES) coop (SITE PROVENCIO),"During the recertification audit, a major non-conformity has been detected in requirement 5.4.1:
 
 It is observed that the scale used for products packaged in BiB does not comply with the tolerance established in RD1801/2008. The step of the class III scale used is 10g, when it should be a maximum of 3 grams.",5.4.1,OK,
241,Malufra Sarl,Outstanding payments,,MISSING,
242,SPANIC EUROGROUP S.L.,"During the recertification audit, a major nonconformity is detected in requirement 5.3.2: When making samosas, the weight of the strips of dough used to make the samosa is checked (but not recorded). For loose samosas, weight control and recording are only carried out if they are packaged in bulk in a box with a plastic bag.
 There is insufficient recorded documentation to verify that the product contains 70% filling in other formats. For example, in the traceability product, there is no record ",5.3.2,OK,
244,I.CA. Srl,"During the audit completed on site on 1-2 July 2025 – 01 the following KO and NC mayor were identified:
 
 NC major 2.3.6.1 Hazard analysis Ed.2 Rev. 6 Annex 3 of 12.06.2025 the production process for lasagne alla parmigiana does not include the cooking and manual filling of the braising pan for the production of tomato sauce, Furthermore, the process for pre-cooked fried products does not include the manual loading of flour for battering, and the risk of allergens is not clearly formalised for ","4.3.4, 4.19.3, 4.3.6, 4.9.8.2, 5.11.4, 4.14.3, 4.9.8.3, 2.3.6.1, 4.9.3.3",MULTIPLE,
246,"MIDSONA IBERIA, S.L.U.","Major Non Conformity Req. 4.9.3.1
 In relation to the condition of the floors, the following is evident:
 - The floor coverings of the finished product and semi-finished product blast chillers in Hall 2 do not meet the hygienic requirements for production. They are completely deteriorated (including the presence of grit in the finished product chiller due to excessive deterioration), which prevents proper cleaning and disinfection. Surfaces are not impermeable or resistant to wear and tear.
 - P",4.9.3.1,OK,
247,Energique bv,"As of today (02.07.2025) Certima BV withdraw the certificate number IFS-01118 of client
 
 Energique B.V.
 Wetterkant 10, 8401GC Gorredijk, Netherlands
 COID: 62626
 
 Reason: During the audit conducted in period 23-25.06.2025, the auditor raised multiple Major and KO non-conformities.
 
 1.2.1 KO: Based on the site tour observations and the samples of documents and records reviewed during the audit it can be concluded the company’s management does not guarantee that employees know and implement","1.2.1, 1.2.2, 5.10.1, 4.18.1, 4.12.1",MULTIPLE,
249,JOSE MORALES S.L.,"On 21.06.25 a fire destroyed the entire production plant. 
 There was no product left in stock; only part of the office area was saved. 
 The causes of the fire are still unknown. It started at night during the weekend (plant not operational).",,MISSING,
251,"BODEGAS CENTRO ESPAÑOLAS, S.A.","During the recertification audit, a major non-conformity has been detected in requirement 4.3.2:
 
 1. Contrary to Regulation (EU) 2021/2117, the list of ingredients in the QR code of the wines reviewed during the audit; ""R.C. verdejo blanco 2024"" ""All_ verdejo blanco 2024"", ""R.C. tinto tempranillo 2024"", does not include all the ingredients that are added, but, only grapes and sulphur dioxide (SO₂).
 Production records were checked, where it is recorded that stabilisers are added, e.g. for the ",4.3.2,OK,
252,ALGI SA,"Major 4.17.4: Presence of icing in freezer number 2 around the evaporator on the wall. Some products were kept under the evaporator and were not covered (cordon bleu and filled pasta), later it was seen that some ice particles were also present in the uncovered boxes. However, the cordon bleu and filled pasta will undergo another cooking step.
 
 KO 4.18.1: During the audit, it was found in several samples that traceability could not be guaranteed until delivery to the customer.","4.18.1, 4.17.4",MULTIPLE,
254,CALABRIA FOOD srl,Suspension due to interruption of production activities for maintenance work at the certified site,,MISSING,
257,SEGURA JAMONES DE SERON SL,"During the audit performed on 1st July 2025 to 3rd July 2025, it was detected a Major non-conformity under the requirement 4.3.2.
 
 Major non-conformity 4.3.2.
 Having checked the labelling of the final product selected for the traceability exercise, sliced ham Gran Reserva own brand Segura with batch 76828522 and best-before date 01-09-2025, it was found that the following ingredients are declared in the list of ingredients: pork ham, sea salt, salt, preservatives (E-252, E-250), antioxidant (",4.3.2,OK,
259,Terzo Cerchio s.r.l .,"A KO was raised during the audit on June 24-27, 2025. 
 Description of the KO:
 Clause 5.1.1:
 “The following findings emerged from the verification of the last three internal audits (March 2025, October and November 2024):
 - for the three audits there is no evidence of communication of the audit results (checklist, minutes, etc.) to the Quality Manager by the internal auditor); for those of March and October a paper copy was found by the internal auditor; it was not possible to obtain evidence","5.1.1, 4.13.4, 5.6.5, 4.10.6, 5.6.8",MULTIPLE,
260,TORRONS VICENS (CRTA TARREGA) SL,4.12.1 - KO - The use of wooden paddles for kneading (stage after cooking and before molding) of the hazelnut turrón d'Agramunt and almond turrón d'Agramunt is observed; these paddles are deteriorated in the central part due to direct and repetitive contact with the metal kneading bowl. Remains of splinters can be observed in the product that is being elaborated due to the use of the wooden paddles in bad condition.,4.12.1,OK,
261,Vergeer Holland B.V. B.V.,"Paragraph 5.11.3 KO; Corrective and preventive measures.
 Actions are followed up using a central action list. Based on a random sample of six actions, four deviations were identified:
 - The actions from the internal QESH audit of 24 December 2024 (e.g. Kleentec line 66, 80 tasks out of 102 outstanding, reason unclear) were not included in the action list and cannot be demonstrated to have been carried out.
 - Internal audit at the Bodegraven site on 31 March 2025; action 0677 temperature for l",5.11.3,OK,
262,MARISCOS MALLIÑO S.L,"During IOC a NC was raised, 
 2.3.9.1. KO According to the HACCP of the company dated: 7 MAY 2025 V 11, the levels of chlorine in the settling tank (first chlorination) have been defined as CCP. 
 The critical limit established is: 0.5 - 2.5 ppm to minimize the presence of Salmonella and E. coli.
 According to the HACCP plan, the chlorine levels are checked on a daily basis before production starts.
 
 During the IOC, chlorine monitoring records were requested for 25 JUN 2025 prior to the start ",,POTENTIAL_MISS,
263,CHMeat Sp. z o.o.,Documents are locked due to the lack of payment.,,MISSING,
264,"SPÓŁDZIELNIA PRODUCENTÓW DROBIU ""EKO-GRIL"" cooperative",Documents are held due to the lack of payment.,,MISSING,
266,GOLDEN TROPICS GROUP S.L.,"Dear all,
 
 We inform you that during the IFS Food v.8 audit performed from 07 to 08 July 2025 was detected a KO and 2 Major non conformities.
 
 KO non conformity- Requirement 4.1.3: The entry for Hass avocados dated 25-11-24 was reviewed. Supplier: Bxxx Axxx, S.L. (Product not GlobalG.A.P certified). Origin: Morocco. Entry with delivery note 99251124. It was verified that several pallets were prepared for several orders, several packages and for several customers. This was verified, for examp","4.2.1.5, 4.1.3, 4.3.2",MULTIPLE,
270,Lipóti Tóth és Társai Zrt,"4.13.2 Major
 
 During the site inspection, the presence of both live and dead moths was observed at several independent locations, including:
 • on the flour sifter and on the wall in its immediate surroundings,
 • in the area in front of the proofer on line 4 – on the surfaces of proofing baskets, technological equipment, and in the accumulated, uncleared flour layer beneath the stairs,
 • inside the dough mixing bowl.
 Based on these observations, it can be concluded that the current pest con","5.11.3, 4.13.2",MULTIPLE,
272,EMBİ GIDA A.Ş,"KO 4.18.1:
 During the audit, traceability forms filled in the minced meat preparation area were seen. The beef batch number written on this form was 27.06.2025. However, it was seen that the batch number of the beef that the staff later brought inside was 05.07.2025. The batch changes were not recorded on the form. The traceability forms in the cheese preparation room stated that cheese with batch number 18.11.2025 was used, however, during the audit, it was seen that the staff used cheese with","4.18.1, 5.3.2",MULTIPLE,
274,GRAND HOPITAL .,"Item : 4.3.2 
 Several regulatory labeling defects have been observed:
 1. During the traceability test, on the pallets of apricots for the customer DIL prepared on 29/06/25, departure 30/06/2025, the variety LIDO was noted whereas several pallets were made with apricots of the variety DELICE COAT. However, according to the marketing standard for apricots (UNECE STANDARD FFV-02), for Class 1, variety labelling is compulsory (""Variety name for Extra Class and Class I. A brand name may not be used",4.3.2,OK,
277,Cherry World S.L.,"In the IFS Food announced recertification audit performed on 02.07.2025 - 03.07.2025, 1 Major Scoring non-conformity was identified on requirement 5.4.2:
 
 “Scale used to weight control is not calibrated and metrologically verified as regulations establish for equipment involved in commercial transactions.”",5.4.2,OK,
278,Bioturca Tarım Ürünleri San. ve Tic. A.Ş incorporated company,"The IFS Food certificate of the company has been withdrawn due to a change of site location, and there is no production activity in the certified site address anymore. AGFOCERT has voluntarily been informed by the site.",,MISSING,
279,ASLI MAGAZACILIK VE UNLU MAMULLER URETIM A.S.,"During the IOC unannounced audit conducted on 23.06.2025, 4 Major NCs has been raised under: 
 -2.3.8.1 validation of metal detector
 -4.3.2: labelling not compliant in terms of list of ingredients
 -4.12.2 Potential foreign material contamination from infrastructure
 -5.5.2 weight control registration not in compliance with Legislation.
 Therfore the CB has decided to suspend the current certificate.","5.5.2, 4.3.2, 2.3.8.1, 4.12.2",MULTIPLE,
280,Lenger Seafoods B.V.,The customer has terminated the certification agreement with DNV.,,MISSING,
281,DELPEYRAT SAS,The site is closed.,,MISSING,
282,Wiesbauer-Dunahús Kft.,"- 4.1.2 MAJOR: The company has a contract with the parent company (IFS certified COID:1277) for the production and packaging of the Happy Frankfurter product. The parent company provided Wiesbauer Dunahús with the product specification and also provided the packaging material required for packaging. On the first day of the audit, the Happy Frankfurter 210 g (Lot: 58890) product was packaged. During packaging, the CCP control, metal detection, was carried out, the product was manufactured accordi","4.3.2, 4.4.7, 4.1.2",MULTIPLE,
283,Salumificio del Castello S.r.l.,"During the recertification audit completed on site on 14-15/07/2025 the following Major NCs were identified:
  
 2.3.6.1 Major The ATM packaging phase was not assessed in the HACCP plan. This is a critical phase for product safety and quality.
 4.2.1.5 Major Regarding the claim of reduced salt content (48%), no studies have been conducted to demonstrate the conformity of the claim.","4.2.1.5, 2.3.6.1",MULTIPLE,
284,Fallini Formaggi SRL,"During current unannounced on site audit (14-15/07/2025), auditor releases a D at KO requirement 2.3.9.1:
 During site tour on packaging department, checking 10g bag line at 10:39 a.m. ( in which is going packaging of “VIP Premium Quality 10g” product - batch L5195 BBF 14/07/2026) and its CCP metal detector function record sheet of the day, the record sheet reports checks up to 1:37 p.m., with the relevant compliance and signature of the operator. However, these inspections were not actually per",,POTENTIAL_MISS,
285,Wiesbauer Gourmet Gastro GmbH,"2.3.9.1 KO
 CCP monitoring for the sous vide process in the production kitchen area (= small-volume production for bulk consumers/catering customers) is not under sufficient control; compliance with the defined CCP criteria cannot be conclusively demonstrated:
 According to internal specifications (=CCP3 definition; version25/status 27/06/2025), sous vide finished goods/products produced in the company must reach a product-specific defined minimum heating temperature as part of CCP monitoring (e",,POTENTIAL_MISS,
286,Agral SA,"Major NC 4.14.3
 Instances were seen where raw materials, packaging materials and semi-finished products (rework) are not always stored to minimise contamination risks or any other negative impact.
 In the cooled storage area for raw materials at the far end of the unloading area: 
 - Two pallets containing 25 kg cardboard cases of butter (raw material) were seen with on each pallet, one case of butter missing one side of the cardboard, showing a torn inner plastic liner with the butter exposed ",4.14.3,OK,
287,PAROT SAS,"During th audit, a KO was raised on requirement 2.3.9.1: 
 CCP C1 (inspection of washed empty glass bottles), which is used to control the risk of cleaning/disinfection product residues, is managed by an electronic eye (HEUFT inspector) that is routinely tested using a 1L or 0.25cl test bottle, depending on the format, which must be filled with a 10ml dose of water prepared by the internal laboratory in plastic tubes (according to document CSL 001 enr 05-02 dated 01/25/21 “inspection of washed b",,POTENTIAL_MISS,
288,Thurländer Salate und Feinkost GmbH .,"Requirement 4.10.2 (major): The washing of the plastic tubs used in production is not working properly. On the first day of the audit, July 21, 2025, and on July 22, 2025, it was observed several times that the plastic tubs were still contaminated with product residues such as vegetable scraps and salad ingredients (cheese, pasta) after cleaning. A follow-up cleaning instructed by the company (dirty plastic tubs should be run through the washing system again) did not lead to successful cleaning,",4.10.2,OK,
289,Capuzzo S.r.l.,"Following the IOC (Integrity on site check) audit by IFS on 07/16/2025, the communications between the company and IFS, the preliminary technical review, the certificate is blocked due to the following major non-conformities
  
 § 4.2.1.1
 Regarding the technical specifications of the following products sold B2B, the following was observed:
 Technical specification ""D19"" Organic Apple Power (rev. 17, dated 24-OCT-2023) does not comply with legal requirements, as the recipe includes the use of th","4.8.2, 4.2.1.1",MULTIPLE,
290,AGROTRANSFORMADOS S.A.,"A Major NC was raised during the IFS Integrity On-site Check on July 17, 2025.
 Description of the Major NC:
 Clause 4.10.2:
 “The product changeover protocol is not robust enough. During the on-site integrity check, chickpeas were observed on the conveyor belt while the company was producing cooked beans.
 Dirtiness and mould growth were observed in the cooling room of raw material. High presence of mould in a wooden pallet with an ingredient (flavour) in this cold room.”",4.10.2,OK,
291,Fleischtrocknerei Churwalden AG,"Failed IFS Integrity On-site Check on July 14, 2025, with two KO deviations and one major deviation:
 
 KO deviation – Section 4.12.1 CCP Metal detector
 During a live functional test of the metal detector, rejected products were returned to the good stock without the required re-inspection.
 Major deviation – Section 5.5.1 Finished product weight control
 Missing finished product checks for a specific product, without proof of legal compliance (complaint in connection with EU/Swiss finished pro","5.11.3, 4.12.1, 5.5.1",MULTIPLE,
292,Werk Muster KG,some text,,MISSING,
293,"Horno de San Juan, S.L.","In the IFS Food announced recertification audit performed on 15.07.2025 - 16.07.2025, 1 Major Scoring non-conformity was identified on requirement 4.3.2:
 
 “It was detected that the label of the reference ‘Cocoa sponge cake’ code 98009105, does not indicate the amount of cocoa included in the recipe, contrary to what is indicated in article 22 of the European Regulation 1169/2011 on consumer information.”",4.3.2,OK,
294,HORTA SALNES S.L,"During the audit completed on site on 15-16/07/2025 the following Major NCs and KO were identified:
 5.5.1 Major NC
 During plant tour on 15 July 2025, it was found that the batch of peppers MST/21504 packaged in 400g. bags corresponding to delivery note AV5/0001233 of the same date and destined for retailer,Lxxx, had not been subjected to a statistical weight control in accordance with current legislation (Royal Decree 1801/2008, of 3 November, which establishes rules on nominal quantities for ",5.5.1,OK,
296,TITOK PRODUCTION SAS,General site closure,,MISSING,
297,"CEREZAS Y ALMENDRAS EL CASTILLO, S.L.","During the recertification audit, the following major nonconformities have been detected:
 
 4.13.4: The pest company reports show bait consumption in the different devices and months without showing any actions beyond bait change.
 
 5.4.1.: The metrological verification certificate (RD 244/2016) where the weighing control of Giropes BR 16 frozen cherry boxes is performed is not available.
 
 5.5.1.: Weight control of frozen cherry boxes is not available. For fresh cherry boxes the number of sa","4.13.4, 5.4.1, 5.5.1",MULTIPLE,
298,Ostsee Fisch GmbH & Co. Produktions- und Vertriebs KG,"5.1.1 KO Non-compliance:
 In the last IFS audit on 10 July 2024, as well as in the current audit, a number of deviations were identified. Some of the deviations identified in the current audit relate to the same non-conformities as in the last IFS audit and are classified as systemic.
 On 3 December 2024, an internal audit was conducted on all requirements of the IFS standard and all points were rated A, so no action plan was drawn up. Due to the fact that none of the existing deviations were id",5.1.1,OK,
299,MANIPULADOS NICOLA S.L.,"On 15-July-2025 an Integrity On-site check was carried out. 5 non-conformities were identified against the following IFS-Food v8 requirements.
 2.3.9.1 KO The monitoring of the CPP is not respected. In case that the supplier is notcertified by a GFSI standard is required a review of the pesticides croptreatments. The supplier M.A.L had not GFSI certified and it is not available thereview of the crop treatments. Neither was available pesticide test for thissupplier.
 3.2.2. KO During production b","3.2.2, 5.3.1, 4.9.9.1, 4.12.2",MULTIPLE,
300,Chimay Fromages SC,"D-4.18.1-KO
 The company follows the traceability of the primary packaging implemented at the packaging by pasting labels comprising the batch numbers of the packages onto the tracking record of the packaging. It is planned that these labels will be made available to the staff in charge of the packaging when a new packaging batch is made available in stock.
 
 KO Non-compliance 
 
 During the packing step on 08/07/25 of the reference Poteaupré cheese, the labels containing the batch numbers of s",4.18.1,OK,
301,"GRACOMSA ALIMENTARIA, S.A.","uring the re-certification audit, a major non-conformity is detected in requirement 4.9.4.1:
 
 The roof of the P1-P2 building over line P2 (specifically over the product recovery basin of this line) is not in a good state of maintenance. There are detachable parts (traces of paint) and rusted and stained parts. It is in a very deteriorated condition. The recovery basin has a cover and every time it is manually unloaded, the floodgate is opened and closed. However, it cannot be guaranteed that s",4.9.4.1,OK,
302,FOODISSIMO S.A.,The client has informed us that they will not continue with the IFS certification,,MISSING,
303,OLIVAIDA S.L.,"•KO rating for requirement 2.3.9.1:
 During the audit it is evident that the CCPs (sealing and pasteurisation) are not under control. During the visit to the plant on 15-07-2025 it was observed that in the production of 5 kg cans of olives:
 - SEALING: 
 * Pressure gauge/manual pump pressure is less than 1 bar (CCL:1 bar, 10 seconds).
 * There is no evidence of justification for the monitoring system in place. Destructive examination of the container (closure disassembly examination) has not bee","4.3.4, 4.3.2, 4.14.2, 4.17.2",MULTIPLE,
304,Maxima Seafood B.V.,NC 4.8.3 Ice is made by the company. The output of the ice making equipment is stored in an area/bunker. There is an opening in the bunker at about 1 meter high where underneath a tub is situated which catches the ice. The bunker is not well designed: ice on the edges of the bunker does not fall automatically in the tub. Seen employee in the bunker with dirty boots scraping the ice from the edges of the bunker to the opening. There is a risk of microbiological contamination of the ice. The ice i,4.8.3,OK,
305,Q-FOOD NV,"During the extra ordinary visit on 24/07/2025, the following was noted:
 * Frozen boneless ovine leg",,MISSING,
306,Delizia 2000 S.r.l.,"During the audit completed on site on 17-18/07/2025 the following KO were identified:
 
 2.3.9.1 KO In document Cap. 16 Identification CCP oPRP rev. 01 dated 2019-08-01 it was defined as monitoring of the pasteurisation heat treatment CCP the verification of the F71 factor with critical limit F71>100; during the audit data logger recordings were viewed with a value lower than the defined critical limit but no action appears to have been taken (Data logger dated 2025-07-05 ‘Lampascioni’ in sunflo","4.4.2, 4.4.1, 4.9.3.1, 4.12.9, 5.11.3",MULTIPLE,
307,INITIA FOOD SAS,"A new ERP software is currently being deployed, along with a change in management and an internal structural reorganization.",,MISSING,
308,Ortofrutta Caligari Srl,"A KO was raised during the audit on July 16, 2025.
 Description of the KO:
 Clause 4.18.1: “For the production of a product packaged in a tray, identified semi-finished products are used and placed in the drying cell; the semi-finished products are identified with sheets indicating the batch of entry. The semi-finished products to be used for the production of packaged products are recorded in the planning phase on the day before processing in the Mod01 ""outgoing goods register"", based on the st",4.18.1,OK,
309,"BOREAL ARTIK, S.L. S.L.","During the recertification audit, the following major nonconformities/KOs were detected:
 
 KO 4.18.1:
 During the audit, it was found that the traceability system implemented in the company, through ERP and documentary tools, does not allow to efficiently guarantee the relationship between raw materials, batches, intermediate products and final products sent to customers. In the traceability exercises carried out during the audit, the following incidents were observed:
 - Discrepancies were ide","4.18.1, 5.10.1, 2.3.11.1, 4.10.2, 4.3.2",MULTIPLE,
310,Pitteloud Fruits S.L.,"A Major non-conformity was raised during the audit on July 10-11, 2025. 
 Description of the Major NC:
 Clause 5.5.1:
 “Although the number of weight controls were adequate to the batch size, the statistical treatment of the data was not in accordance with the regulation ""RD 1801/2008"" when (e) was labeled. The maximum tolerated error of defect for each package, the standard deviation, acceptance and rejection criteria (TU1-TU2) were not defined for each weight control.""",5.5.1,OK,
312,"Overseas Food Distribution, LLC.","Following the follow-up audit carried out by the accreditation body (ENAC), after the office audit on 24-25 and 26 March, where it was detected in the file Overseas Food Distribution, LLC. - COID 85558 that the deviation raised to requirement 3.4.2. does not conclude that the non-compliance identified (Consumption of food and beverages within the plant) implies a KO to requirement 3.2.2. which implies non-certification.
 
 On 14.05.2025 an allegation against this deviation was presented to ENAC,","3.2.2, 3.4.2",MULTIPLE,
315,ALMENDRAS DEL OESTE S.L.,IFS Certificate suspended due to important damages in the facilities due to a fire.,,MISSING,
316,GLOCELIA S.L.,"During the recertification audit, the following major non conformity has been detected: 4.13.1 During the inspection of the bakery area, mosquitoes were observed in different parts of the room, where the dough and fermented products are processed and handled. In detail: (1) large number of mosquitoes in the area near the utensil washer (side and back); (2) presence of mosquitoes on the walls near the dough mixer and at the end of the room (near the door that connects to the baking and packaging ",4.13.1,OK,
318,Innopack B.V.,"As of today (22.07.2025) Certima BV withdraw the certificate number IFS-01235 of client 
 
 Innopack B.V.
 Tasveld 36, 3911 TN Rhenen, Netherlands
 COID: 86972
 
 Reason: In email provided on 21.07.2025 company representative Timon Riemens confirmed that company has indeed stopped production as of 20th July 2025.",,MISSING,
319,ROYAL FRUIT S.r.l. .,"NSF has been made aware the company that due to a company reorganization, the IFS certificate should be withdrawn.",,MISSING,
320,MAREALTO S.R.L,The customer has closed the site/stopped certification of the site,,MISSING,
324,Raaskal Foodcreators B.V.,"As of today (24.07.2025) Certima BV suspends the certificate number IFS – 01409 of client
 
 Raaskal Foodcreators B.V
 Industriestraat 57, 2671 CT Naaldwijk, Netherlands
 COID: 88552
 
 Reason: The audit of Raaskal Foodcreators B.V. was held in the period 31.03.-2.04.2025. They had to pay their invoice till 28.03.2025 before performance of the audit but this did not happen. After many reminders from Certima side they paid 50% from their invoice on 16.06.2025 and the remaining amount should be pa",,MISSING,
325,HC CLOVER PRODUCTOS Y SERVICIOS S.L.,"3.2.2 - Non-conformity KO: 
 There is a Standard Operating Procedure: clothing standards, personnel flow and good manufacturing practices in the production area; edition 11 dated 11.04.2025; it indicates that the operator has two lockers; one for personal clothing and accessories and the other for clean protective clothing. During the on-site visit to the men's changing room in the warehouse area, the presence of boxes above lockers 2 and 5 and the presence of clothes and hangers outside the loc",3.2.2,OK,
327,Landkäserei Reißler GmbH,Utilisation of this location ended. Production is back in Nordendorf.,,MISSING,
329,Albert van Zoonen B.V.,"A Major Non-conformity has been raised during the IFS Food v8 unannounced re-certification audit from 12/08/2025 to 14/08/2025 at Albert van Zoonen B.V. COID 316:
 
 Requirement 4.14.5
 Identification of raw materials and finished product was not adequate (D from last audit). Seen during production round that there was in the chiller crates with cuttered product to be reworked, also seen un bagged crates of cream cheese without identification. Furthermore seen in the freezer, crates of spring ro",4.14.5,OK,
330,Heinrich Brüning GmbH,"Major NC: On March 18, 2025, the company initiated a recall due to an official order from the Lower Austrian Provincial Government, Agriculture and Forestry Group, Veterinary Affairs and Forestry Department. The email from the authority was received at 5:35 p.m. The reason for the withdrawal was, in the opinion of the authority, a detected rancidity in walnut kernels. According to the authority, this constitutes an unsafe product.
 On March 19, 2025, the acceptance of the withdrawal was communic",,MISSING,
331,Bressor SA - Site de Servas SA,"Major NC on req 4.5.2
 The documentation available to justify the conformity of the PP cups (Article B4672400) used for the packing of autoclaved cheeses only includes the declarations of conformity of the plastic raw materials and the colouring agent used by the supplier, but no declaration of conformity issued by the supplier itself of the final object.
 There is also no global migration test available to ensure that this packaging does not influence the finished product that undergoes heat tr",4.5.2,OK,
332,Vodnanska drubez a.s.,"In Integrity On-site Check, several non-conformities were identified against the following IFS-Food v8 requirement(s).
 1.2.6 Major: 
 There was recall initiated by Veterinary Inspection on 27-FEB-2025. It was related to the product: Sweet chili baked chicken wings, LOT no. 1025021400, production date 14-FEB-2025. The reason for recall was positive result for listeria monocytogenes for the above-mentioned product (1 sample positive from 5 tested). CB was not informed about this recall. 
 4.9.4.1","4.9.4.1, 1.2.6",MULTIPLE,
333,"Greenyard Prepared Belgium nv, site Bree .","KO - 2.3.9.1 : Broken glass is seen as a CCP. Control measures are check on glass during shift change and at start up. In the rinser for Hall A a shard was seen aprox 5 by 5 mm that was grey colored. Last registered glass breakage in this part was 30-jun-2025. This indicates that this CCP is not under control.
 Near the rinser of the for the salsa sauce (hall A) also some glass was seen on the floor.",,MISSING,
334,LORIFRUIT SCA,"Audit dates: July 29-30, 2025 : 2 NC major have been detected
 IFS requirement 4.10.6 Surfaces in contact with food are cleaned using DXXX (alkaline foaming disinfectant detergent). The recommended concentration on the technical data sheet is 1% with an action time of 15 minutes. However, DXXX is used without validation at a concentration of 2% and an action time of 5 minutes. 
 IFS requirement 4.17.1 During the audit, the following was noted: For both air compressors, there was no documented ev","4.10.6, 4.17.1",MULTIPLE,
335,Maso Uzenny Polička a.s.,"LRQA has been notified on 28th July 2025 of 2 KO Non-conformities raised by IFS in connection with the Integrity On-site Check at the site Maso Uzenny Polička a.s. - COID 13476 on 24th July 2025:
 
 Requirement 3.2.2 (KO): 
 Personnel hygiene rules were not followed in several cases:
 1. One employee (shift leader at raw meat packing) was wearing neck chain.
 2. Protective clothing and number of working shoes were placed in the part of changing room dedicated for street clothes (changing room fo","3.2.2, 4.12.1",MULTIPLE,
336,Cesare Regnoli & Figlio S.r.l.,The factory suffered a fire that destroyed the production area.,,MISSING,
337,PESCANOVA ESPAÑA (CATARROJA) S.L.U.,"According to the Integrity on-site Check carried out on June 30, 2025, the company PESCANOVA ESPAÑA (CATARROJA) (COID: 21852), has obtained a Major Non-Conformities in the following requirement:
  
 Major Non-Conformity 3.1.1.
 Despite it was observed that the employees performing work that affects product safety have received specific training on the topics, during the audit it was observed that in 2 cases where the process parameters were out of control, the employees doing the monitoring were",3.1.1,OK,
339,TUKAŞ GIDA SANAYİ VE TİCARET A.Ş,"On 06/08/2025 a communication was received from IFS, company was audited by another CB and three non conformities were raised. Decision is taken to block the certificate.
 2.3.9.1 KO: It was observed that the critical control point on the mayonnaise line was not within control.
 The filter on the mayonnaise line, a KKN (Certified Filter), was checked during the inspection. The filter was found to be broken.
 It was observed that personnel were not aware of the monitoring and inspection frequency","4.18.1, 4.13.1",MULTIPLE,
340,Thiers Fleisch- und Wurstwaren GmbH,"Major in 4.3.2: The company has been manufacturing the product “Scharfe Jungs” for a long time. Until now, the product was sold loose for stocking on the service counter. Since this year, the product has been manufactured in a ready-made package for retail sale. It is a smoked product similar to a pepper sausage. The labels (front and back of the packaging) only feature the fancy name “Scharfe Jungs.”
 According to Article 17(4) of the LMIV, the name of a food product may not be replaced by a fa",4.3.2,OK,
341,PT servis konzervárna spol. s r.o.,"2.3.9.1 KO
 
 Records of CCP monitoring for products at the time of Integrity on-site Check were not respecting required frequency:
 1. For product Šunková pěna 100g (Ham foam) alupack, production started at 05:40, but the first can quality test was performed at 06:00 (It shall be performed during the start of production)
 2. For product Vepřové ve vlastní šťávě 300g (Pork in gravy) metal can, there was missing record of CCP monitoring can quality at 10:15 (checked at 10:33) and previous record ","4.3.2, 4.14.2, 4.17.4, 5.11.3",MULTIPLE,
342,"MISSION FOODS IBERIA, S.A.U – FUENLABRADA SITE S.L.","Major non-conformity 4.3.2: it was verified during the plant visit and during the documentary review that the labelling of the product T Trigo 20 A 10X10 Cxxxxxxxxxx did not include water in the list of ingredients. This product contains between 27% and 31% water. However, this ingredient is included in the product specification sheet. In the situation described above, the procedure does not ensure that the labelling complies with Regulation 1169 of 2011 concerning the information provided to th",4.3.2,OK,
343,Liffey Meats Ltd,"4.8.2:
 The process flow, from receipt of goods to dispatch, that is implemented, maintained, reviewed don’t ensure that the microbiological, chemical and physical contamination risks of semi-finished and consequently finished products are avoided. 
 There a risk of contamination through the following parts: 
 - In the mincing line n.1 currently mincing meat the external part of the meat grinder outlet is completely rusty, and some drops of water are falling down from it to the below pool contai",4.8.2,OK,
344,Samson Cherqui CIACAM SAS,"During the technical review of the 12 August, concerning the audit of the 29 and 30/07/2025, a major non-conformity was raised on item 4.17.2 : (Downgrade from last audit): 
 During the audit, evidence of compliance with legal requirements could not be provided for the following equipment:
 - Metal bins with blue coating (in direct contact with the goods). This same equipment had already been identified during the previous audit as a deviation, hence the downgrade
 - Apron of the Westrup densime",4.17.2,OK,
349,BOUBASUD sprl,"KO om 5.11.3
 ""The corrective actions defined during the previous IFS audit and developed within the company are not sufficiently effective to prevent their recurrence. As a result, a large number of deviations following the IFS 2024 audit could not be closed during the current audit (3.2.2, 4.3.2, 4.9.4.1, 4.10.1, 4.12.1, 5.1.1, 5.1.3, 5.3.2 and 5.3.5).""
 
 and 5 Major NC's on 1.2.2, 2.3.6.1, 2.3.9.4, 4.3.2 and 4.5.2","4.5.2, 1.2.2, 4.3.2, 5.1.1, 3.2.2, 5.1.3, 4.10.1, 2.3.9.4, 5.3.2, 4.12.1, 5.3.5, 2.3.6.1, 4.9.4.1, 5.11.3",MULTIPLE,
350,Backhäusle GmbH,"Major Nonconformity 4.13.2:
 During the site visit on the first day of the audit, various insects were observed in the production area. There was a dead wasp in the gluten-free room, a live hornet near the crate washer, several houseflies, and small fruit flies in the dough production area. Some of the fruit flies were also found on the raw material (yeast) and the dough currently being processed (for Tiger Pretzels).
 Pest monitoring revealed no significant insect infestations. During the site ","5.1.1, 1.3.1, 5.11.3, 4.5.3, 4.13.2",MULTIPLE,
351,GOOD MEAT NV,"Major 4.9.4.1 : On day 1 of the audit, there were some condensation droplets on the ceiling of the portioning room. However, on day 2, significant condensation was present on the ceilings in many rooms. It turned out that two fans were not working, which was unnoticed during the line release for startup. 
 
 Following our findings, the external cooling and ventilation company immediately arrived on-site to repair the fans. Pending the adjustment of the ventilation throughout the entire productio",4.9.4.1,OK,
352,Nuovo Pastificio Vietri S.p.A.,next on site audit not planned due to insolvency,,MISSING,
353,Functional Food Grono GmbH,Closure of the GRONO production plant due to the severe crisis in the sector and the lack of competitiveness of the installed equipment.,,MISSING,
354,DESOSSATS JORDI I MARC S.L.,"During the IFS Integrity on-site audit conducted on July 23, 2025, 5 non-conformities were detected:
 
 Nº 1 - 1.2.1 KO:
 During the visit to the facilities, it was observed that several operators collect product from the floor and place it on pallets with the final product (ham rid and small pieces of ham). The product is during hours in contact with the floor.
 During the visit, three operators were interviewed, all three of whom indicated that at the end of the day, the waste on the floor is ","1.2.1, 4.10.2, 4.2.1.1, 2.1.2.1, 4.12.2",MULTIPLE,
357,Europastry (Planta Paterna) S.A.,"LRQA has been notified of 2 Major Non-conformities raised by IFS in connection with the Integrity On-site Check at the site Europastry (Planta Paterna) S.A. - COID 65237 on 28th July 2025:
 
 Requirement 4.10.2 (Major NC) 
 During the visit on-site, it was evidenced that the cleaning plan is not fully implemented. Among other aspects, it was observed:
 - Dirt accumulated under the pallets in the raw materials warehouse. According to the cleaning plan 15 MAY 2025, cleaning of floors in this area ","4.14.3, 4.10.2",MULTIPLE,
359,Mar Cabo - Produtos Congelados Lda,"The company Mar Cabo - Produtos Congelados Lda - COID 71826 received a authority visit (DGAV) on July 03, 2025, the report was released and sent to WQS last week. 
 24 Non-conformities were raised which the following below show that there are products at risk and/or legal requirements are not met (for example): 
  
 e) The walls and ceiling of the access corridor to chambers CAM 01, CAM 02, and CAM 03 had several dark spots consistent with the presence of mold; 
 f) In chamber CAM 03, water drip",,POTENTIAL_MISS,
360,Sauerlandfrische Dornseifer GmbH & Co. KG,"2.3.6.1 – Major
 The hazard analysis for ""Skin-wrapped meals, snacks, and soup bowls"" lacks the cooling process for sauces and mashed potatoes. The cooling process poses microbiological hazards if cooled too slowly; these risks have not been assessed. During the audit, a sauce for Königsberger Klopse (a German meat-ball) was found in the cold storage facility. The production date was August 11, and the sauce had a temperature of 14°C.
 Note: The sauce was immediately disposed of. The final produ","4.18.1, 4.9.4.1, 2.3.6.1, 4.3.2",MULTIPLE,
361,Chocolat Ammann AG,"The production site in Heimberg has closed today. Acquisition by Maestrani Schweizer Schokoladen AG, Flawil",,MISSING,
362,Cafrost GmbH,"3.2.2 - KO
 With regard to compliance with personal hygiene requirements, a large number of deficiencies were identi-fied during the audit:
 - A workshop employee goes directly from the workshop to production without disinfecting their hands, as is actually required. (The disinfectant dispenser required for this would not have been available on site on the first day of the audit).
 - There are a large number of cigarette butts and empty paper coffee cups outside the emergency exit doors of the p","3.2.2, 4.18.1, 4.12.1, 4.13.1",MULTIPLE,
364,VIGNOBLES ROUSSEAU SCE,Suspension of certification requested by customer,,POTENTIAL_MISS,
370,Brandt & Levie B.V.,"As of today, 01-08-2025 Certima BV withdraws the certificate number IFS-01243 of client Brandt & Levie B.V. (COID: 85058). 
 Reason:
 During the unannounced audit conducted 29.07.2025 – 31.07-2025 auditor raised a major:
 Major on 4.3.2: 
 Deviation on final product labelling:
 - Observed a dried cured salami sausage with written statement/claim Wagyu beef of which only the 20% Wagyu Beef meat part was of Wagyu. The animal protein (muscle) parts of this product were of conventional beef species ",4.3.2,OK,
371,BANILA UkusNo.1 doo,"after Integrity on site check performed on 11 August 2025, detected Major NC at requirements 4.10.2, 4.20.2, 5.3.2 and KO at requirements 4.2.1.3 and 4.18.1.
 
 4.2.1.3 Specifications are not documented for all raw materials. E.g. missing for Oregano. On the software system, there are 127 raw materials used, however folder refers only 41 documents in the system. 
 4.10.2 Cleaning activities are not being carried out properly. Long-term dirtiness and ineffective cleaning are observed in productio","4.20.2, 4.18.1, 5.3.2, 4.2.1.3, 4.10.2",MULTIPLE,
372,ONE NATURE FRUITS S.L.,"Major NC has been detected int he requirement 4.13.1
 
 The pest control plan is ineffective.
 
 Rodents:
 According to the inspection report dated July 15, 2025: rodent consumption was detected indoors (bait no. 18). The corrective action indicated ""replacement of bait due to consumption."" No further actions were indicated. The certificate report indicates that ""placebo block"" is used for rodents. The situation assessment dated July 15, 2025 indicates that, regarding structural and construction",4.13.1,OK,
373,Ango Levante S.L.,"After an IFS IOC done on the 29th July 2025, 2 KOs and 1 Major NCs have been raised under the following requirements:
 2.3.9.1 KO failure of CCP checking
 4.12.2 Major: risk of contamination under the products
 4.18.1 KO: packaging traceability not fully guarantee.
 For that reason, the CB has decided to withdrawal the certificate.","4.18.1, 4.12.2",MULTIPLE,
375,Max Frischgeflügel und Spezialitäten GmbH,Opening of insolvency proceedings and non-entry into the existing contractual relationship acc.to Section 103 of the German Insolvency Code (InsO).,,MISSING,
377,Vimida OÜ,Certificate is held due to the lack of payment.,,MISSING,
378,Test T1,xxxxxxxxxxxxxxxxxxx,,MISSING,
379,Rübezahl Schokoladen GmbH,"5.1.1. - KO
 Not all relevant areas are covered by the internal audit programme. 
 For example, no internal audit was carried out in chocolate production; only a CCP audit was carried out on the production lines.
 In production, only site inspections are carried out (known as ‘hygiene rounds’ within the company).
 
 5.7.1 – Major
 1. On the third day of the audit, a functional test of the X-ray detector was demonstrated at 8:00 a.m. in the presence of the auditor. The stainless steel (VA) test p","5.7.1, 5.1.1",MULTIPLE,
380,Fleischwaren Berger GesmbH & Co KG,"4.5.3 Major:
 For a number of meat products made from broken goods (trimmings and miscuts, slices that are too small or broken), the lists of ingredients do not comply with the requirements of the LMIV (Article 18). 
 Worst-case ingredient lists are provided, which approximately correspond to the ingredients of the products used: Poultry ham trimmings (1973): The package (best before date: 11. Sep. 2025) actually contains chicken ham. The ingredient list includes turkey meat in addition to chick","4.18.1, 4.5.3",MULTIPLE,
381,AGRAFRESH BV,"MAJOR 4.9.4.1: 
 In high risk zone, washed vegetables are stored in plastic container (on hold) to be send later to the packaging line.
 During the visit in high risk zone it was seen that water droplets are falling from the ceiling on the cleaned vegetables which were stored under.",4.9.4.1,OK,
382,Freshrex Group OU,"KO 3.2.2 Personnel hygiene rules were not followed in several cases: 
 • Two employees noted in production (open product handling) wearing neck chain, one wearing earrings. 
 • One employee with beard no covered in the same area. 
 • Several employees had not all hairs covered at the same area. 
 • Two employees not in production (open product handling) used cap which did not covered all their hairs. Hair net was not used. 
 Major 3.4.1 Working clothes were stored together with personnel clothin","4.14.3, 5.10.1, 3.2.2, 4.19.2, 4.10.2, 4.18.1, 3.4.1, 5.11.3",MULTIPLE,
383,AGROALIMENTARIA DEL SUR S.A.,"During the Integrity On-site Check performed AGROALIMENTARIA DEL SUR S.A. - COID 10238 on 01 September 2025, was detected a Major Non-Conformity in the requirement 4.13.2.
 
 Description NC raised in the requirement 4.13.2: 
 
 The company has implemented a pest control and monitoring plan, managed by an external company, that includes crawling insects and rodents. Flying insects are controlled internally. The external company visits the facilities every month. The packaging warehouse area is in",4.13.2,OK,
384,"A+Z Rišňovský, Halász, s.r.o.","Auditor arrived to the site for the unannounced re-certification audit on 26th August 2025, although it became apparent in the opening meeting that the company communicated the audit dates as blocked periods, they gave consent to start the unannounced audit. On the second audit day, 27th August 2025, the company requested to stop the audit. For this reason, the audit has been considered cancelled according to IFS Food Doctrine section 1-4.2.1 and the certificate withdrawn. A new full IFS Food au",,POTENTIAL_MISS,
385,CHAVEGRAND S.E.,"Following an epidemiological investigation, the health authorities (DDPP, DGAL/MUS) established that the company SE Chavegrand could be implicated in cases of listeriosis in France and Europe.
 
 As a result, on August 9, 2025, a large number of product batches placed on the market were recalled as a precautionary measure. This recall follows a previous recall on June 13, 2025, linked to the detection of Listeria monocytogenes in a pasteurised soft cheese.
 
 We have taken note of the certified ",,POTENTIAL_MISS,
386,Friall s.r.o.,"3.2.2 KO
 The rules for personal hygiene and behaviour are not fully applied, during the site tour observed:
 1. employee eating in the lockers which was having on working protective clothes
 2. there are not clearly described rules of wearing/not wearing working protective clothes in clean and non-clean area; also during the site assessment observed shift-leader from clean area in non-clean area with wearing working protective clothes without any protection
 3. rules for employees having lunch ","3.2.2, 4.9.3.1, 4.9.6.1, 4.9.1.1, 4.17.5, 4.9.2.1, 5.11.3",MULTIPLE,
387,Peter Kölln GmbH & Co. KGaA,"Due to a fire on the company premises, production is currently stopped.",,MISSING,
388,Pekan Leipä Oy,"During the audit completed on site on 20-22/08/2025 the following Major NC was identified:
 2.3.11.1 Major NC: Validation of metal detector SN 2024-2387-C1not sufficient for test piece NFE in use 1.75mm; indeed, functionality test performed 3x3 times during audit showed that the rejection of packages was not done sufficiently in all tests - at normal product flow speed. Note: the validation was done for NFe piece 2mm. MD is not a CCP.",2.3.11.1,OK,
390,Gebr. Bertrams GmbH & Co. KG,"• KO rating for the requirement 1.2.1: Due to the quantity and type of deviations found at the time of the Integrity on-site Check, it was determined that the management responsibility with regard to HACCP & QM, among other things, is not sufficient to effectively implement the IFS standard. As this is an essential requirement of the standard and a rating of B would not be plausible, a KO rating is justified from the IFS perspective.
 
 • KO rating for the requirement 4.18.1: The data and photos","4.18.1, 1.2.1, 5.1.1",MULTIPLE,
391,PROCUBITOS EUROPE S.L.,"During the audit performed on 2nd September 2025 to 3rd September2025, it was detected a Major non-conformity under the requirement 4.17.4.
 
 Major non-conformity 4.17.4.
 During the visit to the warehouse where line 4 (mojito plant) is located, the ice forming process is verified. NCMayor: Protection for volumetric filling equipment is in poor condition. This is a blue plastic structure that can come loose and is located just above the ice bag filling point. This
 equipment is the only one tha",4.17.4,OK,
392,Werk Muster KG,Test locking,,MISSING,
393,ALIBONA AG,Alibona will definitively cease its activities on 4 September 2025 and the AG will be dissolved.,,MISSING,
394,CEDROB FOODS S.A.,After fire in Mai production wasn't launched yet at the plant. Full scope of production will be not reinstated.,,MISSING,
395,KROP SINGLE MEMBER S.A,"Failure of the client to comply with the Q-CERT contract terms and conditions, non-response to emails/telephone callings, and non-payment of fees.",,MISSING,
396,AGROEJIDO S.A.,"KO 5.11.3:
 The company has not properly closed the previous action plan. Seven of the ten deviations assigned in the previous audit are repeated, and the corresponding corrective actions detailed in the previous action plan have not been carried out. The requirements in which the deviations are repeated or the corrective actions have not been closed are as follows: 3.2.2; 4.12.10; 4.9.4.1; 4.10.5; 5.5.2; 3.3.4 and 5.9.1.","3.3.4, 5.5.2, 3.2.2, 4.10.5, 5.9.1, 4.12.10, 4.9.4.1, 5.11.3",MULTIPLE,
397,FAMIGLIA DI PASTA SA,"IFS Integrity check performed on 02/09/2025. 2 KOs and 2 Majors raised during this check. 
 3.2.2 KO: During the Integrity On-site Check, various deviations from personal hygiene requirements were identified, which led to this rating:
 - The company has an internal requirement that a face mask (surgical mask) must be worn. During the two inspections, it was found that face masks were not worn 8-10 times in the kitchen and dough processing areas, and in 5-6 cases, they were only worn over the mou","2.3.9.2, 3.2.2, 5.5.2",MULTIPLE,
398,LOYEV PONT 2003 S.L.,"During the Integrity On-site check carried out on 27th of August 2025, the auditor raised 3 Major NC in the following requirements: 4.5.2 The company was using 100% recycled paper napkins as grease absorbers in direct contact with the product in their packed trays on the day of the audit (meat stuffed peppers). There is no evidence that the company has assessed the conformity of this food contact material in their raw material/supplier approval procedures. 
 They purchase the product from a reta","4.5.2, 4.19.1, 4.13.2",MULTIPLE,
399,OMEGA SPICE S.L,"During the audit carried out on 19th & 20th of August, the auditor raised a Major NC in the requirement 4.14.3: During the inspection, several pallets of raw material consisting of paprika husks and other species were found to contain insects in the storage area (insects that had hatched during storage). The company does not appear to be taking any immediate action on these products to prevent them from being processed (such as blocking, identification, separation, destruction, treatment, etc.).",4.14.3,OK,
400,Frio Food Snacks b.v. .,"KO on 2.3.9.1: Seen during the factory tour on the second audit day 26-08-2025 that there was no record of CCP 1; core temperature after heating of bought-in bags with sauce which is used for the production of ""bamischijf oriental"", recipe F26, and seen that also temperature records of the same heated bought-in sauce were missing on 12-02-2025 and 3-2-2025.",,MISSING,
402,"ESTEVÃO LUÍS SALVADOR, LDA .","Chapter 4.2.1.2 (Specifications): MAJOR
 „The company does not have a procedure in place to assure that the product specification and the label information was correctly transposed to the product recipe of the soup “Sopa Camponesa 800 g Chef Select”: e.g. in the list of ingredients on the label it is indicated 11.2% and in the recipe (“Composição de Sopas V Gama – v.07 de 11/02/2025) and in the production order “Folha de produção de V gama” from the 05/05/2025, the percentage indicated is 13.5% ",4.2.1.2,OK,
403,Vermeiren Princeps NV,"Major Against 4.10.2
 During the site tour evidence was found of not effectively cleaned facilities and equipment.
 - the Line 5 was not used in the past month, but not properly cleaned
 - the covering on dough line 1 'kneder' on spill was not cleaned since last thursday
 - the covering on dough line 2 ""kneder"" was not cleaned since last week
 - a bucket of water was found in the packaging zone near to the grinding line
 - the disinfection chemical is not longer in use (biocid declaration has be",4.10.2,OK,
404,EXPLOTADORA DE MANANTIALES S.L.,"During the recertification audit, a major nonconformity was detected in requirement 5.5.1.:
 
 It has been verified that the company performs effective content checks every 30 minutes, analyzing only 2 samples per interval, resulting in a total of 32 units per batch in an 8-hour workday. This sampling frequency is insufficient for batches exceeding 3,201 units, as established by Royal Decree 1801/2008, which requires a minimum of 80 units per batch to ensure control.
 Example: In the online fini",5.5.1,OK,
405,endori food Company GmbH & Co.KG,The audit was stopped at the request of the company.,,POTENTIAL_MISS,
406,EUROMILK a.s.,"On 14 AUG 2025 an Integrity On-site check was carried out at the company EUROMILK a.s. COID 59683.
 
 In this Integrity On-site Check, several non-conformities were identified against the following IFS-Food v8 requirement(s):
 
 
 Major NC - requirement 4.21.2
 
 Gate to the milk receipt area was open most of the day (at 08:00, at 11:30 and at 13:55). Majority of doors to the chemical storage areas, expedition area, production areas were unlocked, open, in several cases with keys in lock from ex","4.18.1, 4.21.2, 4.10.2, 5.4.2, 4.13.2",MULTIPLE,
407,SIMID AGRO EOOD,"The following non-conformities have been raised during the IFS Food re-certification audit on 27-29/08/2025 at SIMID AGRO EOOD - COID 60271:
 
 Major non-conformity (requirement 4.13.4):
 Crawling insects were observed in Corpus 3:
 (1) on the first floor at Workshops 1 and 2, near the raw material storage area,
 (2) on the first floor in the area between the exit of kneading cameras and rotary ovens,
 (3) on second floor, near the entrance and near the mixing area of a non-operating frozen prod","4.13.4, 4.19.2, 5.11.3",MULTIPLE,
408,PINSAMI SRL,the company stopped production and will not renew certificate,,MISSING,
410,"Zakład Przetwórstwa Mięsno - Rybnego ""Kari"" Wiesław Pluta .",No payment for the audit done,,MISSING,
411,PASTIFICIO FIORILLO SAS DI FIORILLO MICHELE & C. sas,The suspension was decided due to the failure to pay invoices relating to activities already carried out by Certiquality S.r.l.,,MISSING,
412,Akdag B.V.,"2.3.9.1
 NC: During the audit the control of metal detector was assessed at beginning of production. During the test it was seen that the testing piece passed the detector without alarm/bandstop. After changing the settings of the detector to another 'productcode' the test piece was detected. However there were only 3 test pieces present, all for Ferreous ( 3.5, 4.0 and 4.0mm), there were no test pieces for Non-FE or SS present. After further assessment of production and returning to the detecto",,MISSING,
415,LEGUMBRES SELECTAS SIERRA NEVADA SL,"During the audit performed on 2nd September 2025 to 3rd September 2025, it was detected a KO under the requirement 2.3.9.1.
 
 KO 2.3.9.1.
 The company has identified two Critical Control Points in its HACCP:
 CCP1 in the selection phase for vision and laser cameras. At the beginning and end of each shift, samples of clods, limestone and sandstone are passed through the vision equipment (Urbano and Jubus line).
 CCP2 in the metal detector phase. The 1 mm Fe, 1 mm non-Fe, 1 mm SS and 1 mm alumini",,POTENTIAL_MISS,
417,AVECOX S.L,"During the audit completed on site on 26-27/08/2025 the following Major NCs and KO were identified:
 
 4.12.2 Major:
 During the plant tour, it was observed that liquid was dripping from the ceiling of chamber 3, falling directly onto unprotected products (chicken carcasses) stored in plastic boxes in that chamber, posing a risk to the safety of the aforementioned product.
  
 4.18.1 KO 
 During the plant tour on 26 August 2025, it was observed that batch 906237 of the product ‘Half chicken, spl","4.18.1, 4.12.2",MULTIPLE,
418,Epices Fuchs SARL,Production shutdown,,MISSING,
419,INDUSTRIAS CÁRNICAS CAMPOHERMOSO S.L.,"Given the impossibility of carrying out the mandatory unannounced audit as a result of denying the auditor access to the premises, which was scheduled for 27-28-29 August, the certificate has been withdrawn.",,MISSING,
422,MANI FOODS S.A.,Failed integrity onsite check,,MISSING,
425,Verbau France SAS,"During the audit completed on site on 25-26-27/08/2025 the following Major NCs and KO were identified:
 4.9.10.1 Major:
 A screw compressor is used to supply compressed air for blowing out glass jars (indirect food contact), which are later filled with desserts based on cake, fruit jelly, and toppings. The lubricant used in the air compressor is not food-grade. Three types of filters are installed downstream of the air compressor, but no active carbon filter to avoid the contamination of aerosol",4.9.10.1,OK,
427,NETUNO INTERNACIONAL S.A.,"During the IFS Food audit conducted between August 12 and 14, 2025, the following non-conformities were identified:
 
 Req. 4.19.1 (Major): Evidence found inside processing chamber 01 of the presence of the product: “Frozen seasoned fish steak, pre-fried” SIF 5456, on an exposed and divided white tray, next to the trays of tilapia fish (frozen fillets and steaks), which were open (drying stage).
 Evidence inside the frozen product storage chamber of a box containing packages of frozen seasoned f",4.19.1,OK,
428,"CAMPOS DE LA MANCHA, SOC.COOP. DE CLM F72416050","3.2.2. KO. DV 2025. Numerous cigarette butts are observed both outside (dumping area) and inside (packaging material warehouse), and the smell of tobacco is detected in the dining area. Food wrappers (pastries) are detected next to the handling line. Hygiene regulations do not allow smoking on the premises or eating outside the designated areas. Repeated non-compliance with the previous audit.
 
 4.14.3. MAYOR DV2025 Final product containers are stored outdoors without any protective measures. D","4.14.3, 4.18.4, 3.2.2, 5.5.1, 4.14.5, 5.11.3",MULTIPLE,
430,CÁRNICAS IRUÑA S.A.,"During the recertification audit, a major nonconformity was detected in requirement 5.10.1.:
 
 The application of the non-conforming product management procedure PR02 Ed14 is not ensured, as observed in the plant and in the interview with the person in charge. Non-conforming products are not identified with the corresponding sign or stored in the assigned location (ham chamber), which does not guarantee their protection against use.
 The audit findings are detailed below:
 In the cold room, the",5.10.1,OK,
431,GLOBAL CLAMS SU ÜRÜNLERİ SAN. Ve TİC. Ltd. ŞTİ.,"The Canakkale Provincial Directorate of Environment, Urbanization and Climate Change has decided to temporarily suspend operations at the site, pending the completion of the EIA Project file and the facility has been sealed as of 25/08/2025. Due to the fishing ban, the site is not currently producing any products during this suspension. This situation is entirely due to the administrative processes conducted by the official authorities. Once the EIA file is completed and necessary permits obtain",,MISSING,
432,FRESH INN MOROCCO SARL,Discontinuation of production at this site and relocation to a new site,,MISSING,
433,IMPERIAL MEAT Sp. z o.o.,Certificate is held due to the lack of payment,,MISSING,
434,"""Ganja Sharab-2"" JSC -",Company did not react to extension audit even they produce that products. They did not want to take the audit and extension audit deadline is overdue. That`s why we lock the certificate.,,MISSING,
435,PEKAŘSTVÍ POD POŠTOU s.r.o.,"MAJOR: 
 
 3.1.1
 The IFS representative (owner) is not sufficiently familiar with the requirements of the standard, she is not very well versed in the relevant food legislation. The documented education in the given area is the HACCP training completed in 2024, which is not sufficient for a full understanding and effective application of the complex requirements of the IFS standard. Insufficient qualification is the cause of some deviations in the 2025 audit report.",3.1.1,OK,
436,Roxane Nord Source Saint Jean Baptiste SAS,Cessation of site activity,,MISSING,
439,H. von der Stein GmbH,"KO 4.17.1: On October 8, 2025, according to delivery note No. 17825, a quantity of
 5,500 kg of the potato variety Madeira was delivered. However, 10,000
 kg was recorded in the inventory system under internal batch number
 1034. From October 10, 2025, to October 15, 2025, a total of 10,160 kg
 was dispatched from batch 1034. This means that 4,660 kg more was
 dispatched from batch 1034 than was received.
 On October 10, 2025, according to delivery note No. 17842, 12,180 kg
 of the Madeira varie",4.17.1,OK,
440,Coli S.p.A.,Outstanding Payment,,MISSING,
441,Falcon Marine Exports Limited,Late notification by the certified site of containers import refusal due to presence of Nitrofuran Residue(AOZ). Date of incidents: 07/04/2025 - 09/10/2025. Lack of transparency and failure to adequately address the root cause and implement effective preventative measures,,MISSING,
442,LES MOULINS DE CHERISY-LETHUILLIER SAS,"During the audit and verification of the inventory records for a raw material, it was found that traceability was neither guaranteed nor documented for the batch of alpha amylase enzymes, product reference 5005, batch number 144500, with a best-before date of October 30, 2025. This batch was received in a quantity of 25 kg, but computer records show consumption of 3.3 kg of the product used for the manufacture of organic soil improver mixes. The inventory on the day of the audit showed a stock l",,MISSING,
443,NAFA Feinkost GmbH,"KO 5.1.1: A risk assessment on the basis of which activities critical to food safety and product quality are audited more frequently is not available. An internal audit for process validation was planned in the area of management. Here, the relevant points for process validation were deleted. As a result, no effective internal audit programme has been documented, implemented and maintained to ensure that at least all standard requirements of the IFS standard are audited.
 
 KO 5.11.3: Not all co","4.3.4, 5.11.3, 4.4.1, 5.1.1",MULTIPLE,
444,SANT DOMENEC-CENTRO POB SOCIEDAD COOPERATIVA,"MAJOR NC 5.4.1: The site has two scales for labeling bags with weight and price markings. These scales lack metrological verification. For example, the Ulma scale ID 2675. Furthermore, an assessment of the conformity of the TW scale, manufactured by GIROPES and serial number 3206000159, revealed its incompatibility for weighing 500g packages.",5.4.1,OK,
445,CHARAL SURGELES,"During the IFS Food audit carried out from 24 to 26/11/2025, a KO was issued regarding requirement 5.11.3:
 1) Seven internal audit reports were observed: Design audit dated 18/11/2025; Purchasing audit dated 28/11/2024; Cleaning audit dated 19/11/2025; Ready-made meals audit dated 13 and 17/11/25; Stuffed products audit dated 8/7/2025. Deviations were observed. 18 actions were not defined 
 2) Six hygiene inspections were observed: 14/08/25 (Maintenance); Environment (13/2/25), Ready meals (2/1",5.11.3,OK,
446,DeliBarn Wommelgem NV,"K.O. - 5.11.3 
 It has been established that the action list, used to follow up on actions arising from internal audits, internal findings, findings made by authorities, external audits, etc. has not been sufficiently followed up within acceptable time frames. Furthermore, the CAPA list used, does not show the immediate correction, only the preventive measure is described, and this is then in the longer term.",5.11.3,OK,
447,SALICA INDUSTRIA ALIMENTARIA S.A.,"During the IFS Food unannounced audit performed from 17 to 20 November, the auditor has detected 2 KO Non Conformities and 1 Major Non Conformity in the following requirements: 2.3.9.1 (KO): The auditor performs a traceability exercise after selecting a product on the first day of the audit. 
 Product: FCO A CLARO A OLIVA 720x970ml CAMPOS; Batch LD203YO. Date of manufacture: 07/22/2025. Quantities manufactured: 1185 jars. It is defined in HACCP rev. 46 of 09/18/2025, after the corresponding haza","5.11.3, 4.3.2",MULTIPLE,
448,CARNES Y VEGETALES SL,"4.12.1 KO: During the visit to the plant to audit the glass packaging process, pieces of glass from the containers were found on the floor of the filling machine where the product is opened, and a piece of glass was found inside the filling machine itself. There is no record of this breakage in the work reports, nor is there any evidence that the procedure for dealing with breakages has been followed, which involves removing 14 containers in front of and behind the broken container, thoroughly c",4.12.1,OK,
449,"Alibona, a.s.","The following non-conformities have been raised during the IFS Food extension audit on 10-11-2025 at Alibona, a.s. - COID 17283.
 
 
 Non-conformity type: Major non-conformity
 IFS Food v8 requirement 1.2.6
 Penalty of 100.000 CZK has been issued for not implementing effectively the corrective actions required by the food authority applicable to finding of the previous visits in 18/03/2025, 05/05/2025 and 26/06/2025 related to non-conformities against the food hygiene regulation 852/2004 require","4.12.2, 4.17.2, 1.2.6",MULTIPLE,
450,Werner Lauenroth Fischfeinkost GmbH GmbH,"4.14.1:
 Major non-compliance:
 1. Upon receipt of frozen shrimp 50/60, Ch. 250730, delivered on
 November 7, 2025, supplier DKSH, the temperature was measured at -
 7.4°C according to the documentation on the delivery note. According to
 internal specifications in the document Goods Receipt Inspection AA 3-
 04, A-12/24, the goods receipt temperature for frozen goods should be
 between -18 and -23°C. According to the Regulation on Frozen Foods
 (TLMV), § 2 Requirements for Manufacturing and Han","4.14.1, 5.11.3",MULTIPLE,
451,Prominent CZ s. r. o.,"Major nonconformity to requirement 4.9.4.1: 
 In the areas where free-hanging products are cooled after heat treatment, condensate was observed dripping from the ceiling directly onto the finished product before packaging (turkey sausages). Furthermore, in the areas where meat is injected, an ice coating was observed on the supply pipe with coolant to the cooling unit above the area where open stainless steel laska trolleys with meat pickled in brine intended for further processing are kept.",4.9.4.1,OK,
452,Bakery World Kft.,"During the audit completed on site on 03-04/12/2025 the following KOs were identified at:
 
 1.2.1 - KO
 There is a lack of resource allocation. During the audit, it was found that some tasks assigned to the quality manager had not been completed, such as preparing and uploading all specifications for the products produced by the owner's companies in Belgium and the Czech Republic to B2B portals, preparing the risk assessment of the service providers and reviewing the vulnerability assessment. I","4.18.1, 1.2.1",MULTIPLE,
454,NAMET GIDA SANAYI VE TICARET A.S.,"The presence of a cat within the production and spice storage areas constitutes a serious violation of hygiene and food safety protocols, directly compromising product integrity and consumer safety.
 As per IFS Food Standard clause 4.13.1, such a finding is considered a Major Non-Conformity, warranting suspension of the certificate.",4.13.1,OK,
455,MERIAN Foods Élelmiszeripari Kft.,Major NC 4.8.3.,4.8.3,OK,
457,AXIANE MEUNERIE - Site de Gallardon SAS,"Item : 2.3.9.3
 During the visit to the facilities on 27/11/2025 the packing of 25 kg bags was checked. Before starting bagging the bagger tested the metal detector by passing the 3 test pieces (stainless steel: 3 mm, ferrous: 2 mm, non-ferrous: 2.5 mm) on the belt without any product. Attached to the metal detector there is an instruction “CCP No. 4, metal detector” rev. 16 dated 11/06/2022 which only indicates “pass the test pieces” with no other guidance and with a frequency of 4 times/day.
 ",2.3.9.3,OK,
458,Kasteel GmbH,"1.2.1 KO Non-conformity
 The company management does not adequately monitor whether employees are fulfilling their responsibilities with regard to food safety and product quality.
 1) Knife basket no. 9 in the cutting room (area for hanging pigs) was unclean. The plant mana-ger informed the responsible cutter, who continued his cutting work unchanged after being instructed. 
 2) Employees at the cutting table stored knife sharpeners and a knife in red E2 boxes with meat on the cutting conveyor b","5.11.3, 4.9.4.1, 1.2.1, 4.12.1",MULTIPLE,
459,COVI SAS,"Following the Integrity On-site Check audit on November 18, 2025, a MAJOR NC was issued for requirement 4.10.2:
 The cleaning plan does not guarantee that equipment and buildings are clean. Cleaning deficiencies have been observed on several occasions:
 - Presence of pieces of wood on the floor of the positive cold room
 - White buckets used for weighing spices and ingredients are stored as clean buckets even though they are dirty: seen in the organic spice room, in the cutting mixing room (alre",4.10.2,OK,
460,COMPAGNIE DES SAVEURS - Ets Guenard SAS,"KO on item 5.1.1. : 
 The last internal audit of IFS chapters 4.10 (Cleaning) and 4.13 (Pests) was conducted on July 16, 2024. The date of the last internal audit of IFS chapter 4.3 (R&D) is unknown. The internal audit planning for these three IFS chapters could not be submitted for 2024. They were also not included in the 2025 internal audit planning. Therefore, the 12-month planning and 15-month implementation deadlines were not met for these three IFS requirements. Consequently, not all IFS r",5.1.1,OK,
461,Toscana Gourmet Since 1957 S.r.l.,Missing payment,,MISSING,
462,Piscifactoria Campoo S.A.,"Majors NC against the cl. 4.9.1.1. and 5.4.1:
 4.9.1.1
 Several areas within the premises where the trouts are processed and stored were not maintained as to ensure food safety. Examples: 
 - Ceilings in the peeling / filleting / packing room were damaged, painting was detached, they showed black sport and rustiness, some of them above open product being processed.
 - In this room condensation was observed in several areas of the ceilings, including areas above the product. This dripping water h","4.9.1.1, 5.4.1",MULTIPLE,
463,Van Loon Noord B.V.,"Major NC on 4.9.9.1: No evidence that water which is used for hand washing, cleaning and disinfection or as an ingredient in the production process for minced meat is of potable quality at the point of use. No analysis seen for water used as an ingredient for minced meat and water used for cleaning the production area. Seen result of water analyses of hand washing 18-08-2025 (TPC 190 kve, limit is 100kve). Seen result is not compliant with legislation.",4.9.9.1,OK,
464,VICTUSPAK D.O.O.,"During IFS Audit a KO was raised against 4.18.1. The company does not have evidence of the quantities of raw materials used (sugar, dextrose, cocoa, lecithin, aroma vanillin) during the mixing step. This was verified against working order no. 19 for mixing semi-product Instant Eroski dated 01.04.2025, which was used to produce the finished product Cocoa Eroski 800 g. L010425A. Packed quantities of finished product Cocoa Eroski 800 g, L010425A were on 16.05.2025: 4608 bags packed and on 13.06.202",4.18.1,OK,
465,SOCIETA' AGRICOLA BRUZZESE S.S.,voluntary suspension by customer,,MISSING,
466,Esa B.V.,"The following Non-conformity has been raised during the IFS audit started on 10th November at Esa B.V. - COID 42229. After identification of the K.O. non-conformity, the company asked the LRQA auditor to stop the audit, thus the audit is considered cancelled as defined in IFS Food v8 Doctrine section 1-4.2.1.
 
 Non-conformity type: KO non-conformity
 IFS Food v8 requirement 4.18.1
 The traceability of fresh article 10010 was not ensured, the mass balance could not be completed as a substantial ",4.18.1,OK,
467,Diano Casearia spa,"Following an unannounced IOC audit conducted on November 26, 2025 by IFS, one Major NC was issued for requirement 4.14.5 (several unidentified containers of raw materials) and one KO (D) for requirement 4.18.1 (ineffective traceability system).
 The independent RINA AGRIFOOD Technical Committee has therefore decided to suspend IFS certificate, as it is a Fundamental requirement for the IFS Standard that was completely disregarded. 
 The certificate can only be reinstated following a supplementar","4.14.5, 4.18.1",MULTIPLE,
468,"EXPL AGRICOLA HNOS GUERRERO GEMEZ, S.L.","A withdrawal is being carried out due to a fire that has affected the site. The company is not operating on site, and a new full audit will be required to regain certification.",,POTENTIAL_MISS,
470,"CONSERVAS Y SALAZONES LINDA PLAYA, S.L.","Major NC 1.2.6: The company had a product recall ordered by Italian authorities on July 2, 2025, due to food safety concerns (detection of histamine above legal limits in anchovy fillets in olive oil). This recall was not reported to the certification body until November 28, 2025, failing to meet the three-day notification deadline, and therefore was not reported on the IFS portal.",1.2.6,OK,
471,LDC Bretagne SA,"During the IFS Food audit carried out from November 25 to 27, 2025, a major non-conformity was detected regarding requirement 4.5.2
 Chemical risks associated with packaging are governed by group procedures, in particular by a packaging charter dated November 2024 (prohibiting the use of phthalates, bisphenol, nano and mineral oils, and requiring the use of low-migration inks).
 This has been explored for Poule et Toque brand direct-contact labels used on frozen whole chickens under the packagin",4.5.2,OK,
472,Facundo Blanco S.A,"The following non-conformities have been raised during the IFS unannounced audit from 10-11-2025 to 11-11-2025 at Facundo Blanco S.A - COID 50593:
 
 
 Non-conformity type: KO non-conformity
 IFS Food v8 requirement 2.3.9.1
 There is no recorded evidence (in format A 6-3-42 “Zona de Envasado”) of the monitoring of the metal detector on the TNA4 packaging line at the end of the packaging of batch 16050922 of the product Chaskis Chill Explosion, 75-gram format (on 16/09/2025 at 20:00), failing to ","4.18.1, 4.13.7",MULTIPLE,
473,Oryza S.r.l.,Contract terminated,,MISSING,
474,Sun Snack s. r. o.,Sun Snack company ceased operations and all production is transferred to the company SUNCONE s.r.o. (COID 16712).,,MISSING,
475,"VASCO, NUNO & CLÁUDIO VIEIRA Lda","Major non-conformity and KO:
 - Major 4.9.10.1
 The evidenced analitycal report for compressed air showened the following classification: 3.4.3 (report dated (dated 21.01.25)
 this means that this compressed air has:
 - Classification 3 for particules: the number of particules per m3 ≤ 90.000 (particules between 0,5,μm - 1,0 μm) and ≤ 1000 (particules between 1,0 μm - 5,0 μm); 
 - Classification 4 for dew point: a Pressure dew point (°C) of ≤ +3ºC 
 - Classification 3 for oil: Oil (incl. oil vap","3.4.3, 4.9.10.1, 5.11.3",MULTIPLE,
476,LIGHTIES SARL,Non-payment of audit invoice,,MISSING,
477,Jac van den Oord Potatoes B.V.,"4.18.1 KO N° 7: A traceability system shall be documented, implemented and maintained that enables the identification of product lots and their relation to batches of raw materials, and food contact packaging materials, and/or materials carrying legal and/or relevant food safety information. The traceability system shall incorporate all relevant records of:
 • receipt
 • processing at all steps
 • use of rework
 • distribution.
 Traceability shall be ensured and documented until delivery to the ","4.18.1, 5.11.3",MULTIPLE,
478,JUMOSOL FRUITS S.L.,"During the recertification audit, the following was detected: 
 
 KO in requirement 1.2.1: It has been determined that management has not provided sufficient resources for the proper implementation and maintenance of the Quality and Food Safety Management System, as evidenced by the following points:
 - Some of the corrective actions established by the company in the previous audit have not been considered effective or have not been assigned the material or supervisory resources necessary for th","4.13.4, 1.2.1",MULTIPLE,
480,Bervini Primo S.r.l.,"Following a preliminary technical review and decision, the certificate is suspended for the following reason:
 . Typology and severity of non-conformities from the inspections of the ATS Val Padana authority on 23/10/2025 and 24/10/2025,
 . Notification of suspension of cutting operations at the Bervini Primo S.r.l. plant, Via Monasterolo 62/A, EU approval number IT R915K, in Borgo Virgilio (MN), issued by the competent Health Authority (note from the Veterinary Department and Animal Food Safety",1.2.6,OK,
481,JEAN FLOC'H SURGELATION SAS,"NC Major item 5.5.1 :
 During the flow freeze line, on which the pork sauté (own branded Jean Floch), batch 25322, was being packaged in 5kg bags, it was found that for the series of 10 weighings in progress, the % of TU1 was 10%. Operators are required to perform 3 series of 10 weighings per hour. The weighing results are recorded in the weighing software, which generates a “Stat1” for each series of 10 weighings and a ‘Stat2’ corresponding to the overall evaluation of the weighed batch. The “S",5.5.1,OK,
482,Celvia Sérent SASU,"2.3.9.1 KO (D)
 The metal detector monitoring procedure in the picking area was not correctly applied to detect any loss of control of the metal detector CCP in a timely manner. During the audit, the operator in charge of the control retrieved the carton before it was properly ejected. A DPM verification test was carried out, and the ejector did not eject the cartons onto the NC product ejection ramp. The EN-EXP-004 record does not provide for recording the proper functioning of the ejector, so ",,POTENTIAL_MISS,
483,H. Holland Vriezenveen bv,"During the on-site audit performed on 1 and 2 December 2026, a major non-conformity relating to IFS requirement 4.10.1 was issued. 
 During the first day of the audit, a product changeover was observed, and it was proven during the first production run that residue of the former product (marzipan) was still present in the main dispenser. This residue had not been seen or verified during the cleaning process before the next run began. The product made using that specific recipe contained the raw ",4.10.1,OK,
485,CAPRICHOS DEL PALADAR S.L.U.,"During the audit performed on 26th November 2025 to 28th November 2025, it was detected a KO under the requirement 4.12.1.
 
 KO 4.12.1.
 During the on-site visit to the Artichoke based vegetables ( Crujientes de alcachofa) area were observed that the company has not identified nor implemented procedures to avoid the hazards related to the foreign body were not implemented based on risk:
 
 - It was observed white teflon thread from the pipe isolation (the pipe is use for filling the vat with an",4.12.1,OK,
486,Rozafa Shpk,Outstanding Payment,,MISSING,
487,CÁRNICAS MIROTZ S.L.,"A Major non-conformity was raised during the IFS Food audit on December 1-2, 2025.
 Description of the Major NC:
 Clause 4.13.4:
 “After reviewing reports from an external pest control company, it has been verified that certificate no. DS3583602 dated 10/15/2025 indicates that two rodents have been captured indoors using bait (the company does not use chemical bait indoors, only traps). Non-compliance 2025-1015 is opened, and it is determined that daily inspections of bait inside the facility wi",4.13.4,OK,
488,CÁRNICAS 7 HERMANOS S.A.,"Major_ requirement 4.17.4: During the visit to the facilities, numerous findings were identified indicating that the equipment is not in good condition and may compromise food safety and the quality of the manufactured products.
 The following defects were observed in equipment located across various product processing areas, some of which are in direct contact with the product:
 • Cutting boards (Teflon) located in the cured products workshop (red and green) and in the fresh deboning room (whit",4.17.4,OK,
489,SALEMI PINA SOCIETA' AGRICOLA SRL,outstanding payments,,MISSING,
490,FOODIZ CUISINE .,"5.3.1-Major:
 After packaging, the products intended to be pasteurized can be stored in a 4°C cold room for a few hours before thermal treatment in autoclaves.
 This observation was notably made on the first day of the audit (01/12) for the product 'queen-sized sealed device in a 220g sachet': packaging at 4 PM – storage in the fridge 4°C - autoclave passage at 7 PM.
 This potential cold storage step was not identified and analyzed in the HACCP study (see deviation 2.3.6.1)
 The company indicate","5.3.1, 5.3.2, 2.3.6.1, 5.11.3, 4.10.7",MULTIPLE,
491,Hogeslag Vleesverwerking B.V.,"During the audit completed on site on 17-18/11/2025 the following Major NCs was identified against the requirement 4.18.4:
 
  During the product changeover from carcasses of lot xxxx0955 (country of origin NL, supplier ESA) to lot xxxx0948 (country of origin DE, supplier FB), the labelling of the crates for the new batch was mixed up. The line clearance was released too early, resulting in meat from batch xxxx0955 being mixed with meat from batch xxxx0948. Additionally, at the start of the prod",4.18.4,OK,
492,MARIE BRIZARD W & S ESPAÑA S.A.,"During the on-site audit from 24 to 27 November 2025, a 1KO was detected in relation to IFS requirement 4.18.1.
 During the traceability review, it was noted that the traceability requirement was not consistently met in the distillery. 
 There are two lot records: one in the RP system and one in the manual system. Yes.
 However, there is a discrepancy between the lots used and those available in the manual in the RP system. As this discrepancy has not been detected or resolved by the company, it",4.18.1,OK,
493,AC Food d.o.o.,"During the last audit by Certification body 2 Knock outs and 1 Major raised.
 
 Paragraph 3.2.2/ KO: During the site inspection, two deviations from the standard requirements related to staff
 personal hygiene were observed: 
 1. A production employee was observed wearing a necklace. This employee works on the line where open products are handled. This does not comply with the company rules for personal hygiene requirements where is clearly stated that
 personnel must not wear jewellery or any i","3.2.2, 5.11.3, 4.13.2",MULTIPLE,
495,Ticli's S.r.l.,"Ticli’s SRL (COID: 71384) has relocated from “Via Luigi Marsano 21 97100 Vittoria – Italy” to “Via del Carrubo 97019 Vittoria – Italy”. As operations at its current facility have stopped, its certificates have been withdrawn.",,MISSING,
497,Pågen A/B,"During an Integrity on site check performed on Pagen AB (Coid: 72911) on 06 November 2025, was detected a Major Non Conformity on the requirement 4.13.2. 
 
 Description of the non conformity: Pest control system is not effective in the scope of flour specific pests control. In all pheromone traps checked during Integrity on-site Check there were found a lot of dead moths (checked traps were: in silos area – traps no. 419, 555, 554, 553, in dough for bread preparing area – trap no. 470, in the a","4.10.2, 4.13.2",MULTIPLE,
498,Buscema Francesco Eredi S.n.c,Outstanding Payments,,MISSING,
499,SALAISONS CELTIQUES SAS - Site de St Meen le Grand .,"Major non-compliance with requirement § 4.3.2
 -During the audit, the traceability test focused on the following product: ""Surprise de porc cuite goût fumé marinée au poivre et baies rose"", a private label product.
 During the audit, three points of non-compliance with the regulations (Regulation (EU) No 1169/2011) were identified:
  --The list of ingredients on the label of the product ""Surprise de porc cuite goût fumé marinée au poivre et baies rose"" mentions the following quantities of ingred",4.3.2,OK,
500,MOLICLARA S.L.,"Major Non-Conformity Requirement 4.3.2:
 It has been noted that the labelling of the salted fried almond product does not indicate the ingredients (sunflower oil and salt), nor the possible traces of peanuts. Taking into account that the supplier's technical data sheet indicates possible traces of peanuts and, as ingredients, sunflower oil and salt (technical data sheet 25/3/2025).",4.3.2,OK,
501,OTIMO SAS .,"During the IFS Food announced audit performed from 17 to 18 November, the auditor has detected 3 Major Non Conformities in the following requirements: 5.4.2: During the audit, several regulatory breaches were observed regarding weighing equipment for finished products:- The scales used for weighing LITEE products (12 kg) are not calibrated for commercial transactions in France. These scales were installed in July 2025, and a service provider only came on November 15, 2025, to calibrate them. Dur","3.1.1, 5.4.2, 1.2.5",MULTIPLE,
502,GEORGES HELFER .,"Major NC on 4.3.2 : The label on the 500g nets of limes, origin Brazil, category 1, size 4, BR39030, packaged on November 19th in nets, does not list all the substances used in post-harvest treatments.
 Indeed, the post-harvest treatments Imazalil and wax E914 are listed, but the substances gibberellic acid and pyrimethanil have been omitted, which is not in accordance with Regulation 2023/2429 on marketing standards for fruit and vegetables.",4.3.2,OK,
504,Alimenta Produzioni S.r.l.,temporary suspension of production due to lack of orders for this specific site (orders are covered by the other sites).,,MISSING,
505,"GOURMET FOOD EXPERIENCE, S.L.U.","During the Integrity On-site check carried out on 2nd of December 2025, the auditor raised 4 Major NC in the following requirements: 1.2.2 There is no evidence that sufficient and appropriate resources to meet the product and process requirements are provided. Examples of incidences observed, besides other non conformities which are reported are:
 - There is no quality manager in the company since October 31st . Evidence of active search for replacement is dated 27 NOV 2025. The site manager ass","1.2.2, 5.5.1, 4.18.1, 5.11.3, 5.4.2, 4.12.2",MULTIPLE,
506,AGRO BLEND GROUP SHPK,Outstanding Payment,,MISSING,
507,Direct Packing Solutions Moerdijk B.V.,"As of today (21.11.2025) Certima BV withdraw the certificate number IFS – 01371 of client
 
 Direct Packing Solutions Moerdijk B.V.
 Tradeboulevard 2D, 4761 RL Zevenbergen, Netherlands
 COID: 84066
 
 Reason: Company informed Certima BV, on 21st November 2025, that all activities of Direct Packing Solutions at location Zevenbergen have stopped.",,MISSING,
508,JUALPASUR S.L.,"After the auditor ID 3973 arrived on 11/18/2025 at 09:00 at the facilities of Jualpasur, S.L. located at Paraje Cuatro Vientos 115, 04715 El Ejido (Almería) to perform the unannounced IFS Food v8 audit, planned for 11/18 and 11/19/2025, the company does not want to carry out the audit, alleging a lack of clients who require certification, and therefore the audit of the company cannot be carried out.",,POTENTIAL_MISS,
509,GROUPE BARBA SAS,"5.11.3-KO(D)
 Several findings from the previous audit are recurring because corrective actions have not resolved the root cause on key issues:
 - 2.3.8.1 concerning the qualification of critical limits for CCPs,
 - 2.3.9.3 concerning the training of personnel responsible for monitoring CCPs,
 - 2.3.10.1: concerning control of corrective actions to be implemented in the event of loss of control of the CCP,
 - 4.10.6: concerning the provision of technical data sheets for cleaning products at the ","2.3.10.1, 2.3.9.3, 4.10.8, 2.3.8.1, 4.10.6, 5.11.3",MULTIPLE,
512,WildBran Lda,"Chapter 5.5 Quantity control monitoring
 5.5.1 Major:„No external legal metrological control for the nominal quantity of pre-packed products was carried out for finished products cookies (legislation Portaria nº57/2025 and Portaria n.º 374/2023)”.
 All the other family products were verified (seen certificates 201.81/25000996, 201.81/2501001 dated 10.03.2025. Results show conformity with the legal requirements).",5.5.1,OK,
513,MAGICAL GROUP KFT.,Unannounced audit refusal: The site did not allow the auditor to perform the Unannounced audit; the assessment could not be conducted due to the company’s decision.,,MISSING,
515,Mammen Mejerierne (Head Office) A/S,"5.6.5: Major: Total viable count result: 1300 cfu/ml at the ""indgang til hytteosten"" (no. 17) and >3000 cfu (no. 18) ""vaeg mod kolerom i hytteosten""
 Correction described: A new sample was taken by the lab; the result was again too high. Described in the deviation: The water hose should be replaced, and a through cleaning should be carried out on and around the water outlet. The supervisor will notify the lab once this has been done for a new sample to be taken.
 
 The company states that the wa",5.6.5,OK,
517,Task Food doo,"Unpayment: based on explanations provided by the affiliate company has not paid last audit pending invoice
 Invoice is issued on 24.12.2024 with obligation to be paid until 13.01.2025 (visible form attached file ""TASK FOOD kartica potrazivanja"" - generated from SGS finance department). Invoice has not been paid, still. In the meantime all bank accounts of the company are blocked (visible from file ""BONITETNI IZVEŠTAJ - TASK FOOD DOO"" generated on 03.09.2025 - publicly available information).",,MISSING,
523,SOCIETA' AGRICOLA BRUZZESE S.S.,voluntary suspension by customer,,MISSING,
524,ALTAGRA D.O.O. .,Company has suffered complete breakdown of production equipment and due to this production was stopped. It is expected that this will last for four months. Once we will be notified that production will start again extraordinary check will be organized.,,MISSING,
525,Tat Gıda San. Tic. A.Ş.,Certificate is held due to the lack of payment.,,MISSING,
526,Fratelli Martini Secondo Luigi S.p.A.,Outstanding Payments,,MISSING,
528,Kracht Kartoffel GmbH & Co. KG,"4.9.4.1 – Major - (I) In the area of the onion cutter, the ceiling paint is peeling off directly above the cutter, and condensation was observed throughout the entire area. (II) In the potato peeling area, the ceiling paint is peeling off directly above the potato cutter, and condensation was observed in more than 50% of the room.
 
 
 
 
 4.17.4 – Major - (I) In the packing hall (potatoes), the paint or coating on the outside of the conveyor belt carrying the unpacked potatoes is peeling off. (","3.2.5, 4.10.2, 4.17.3, 4.10.5, 2.1.2.1, 4.9.4.1, 4.17.4, 5.11.3, 5.4.2",MULTIPLE,
529,LAITERIES H. TRIBALLAT - Usine Ultra Frais .,"KO on 1.2.1 : During this audit, shortcomings in compliance with site hygiene and quality rules were observed, failing to demonstrate the operators' awareness of their responsibilities regarding food safety:
 - On January 5, 2026, an operator on the glass packaging line was observed opening the sealing machine to remove unsealed cooked crème brûlée, without first disinfecting her hands.
 
 - On January 6, 2026, at 10:00 AM, during the inspection of floating islands workshop, it was observed that",1.2.1,OK,
530,Verstegen Spices & Sauces BV,"The following non-conformity has been raised during the IFS Food v8 audit from 05-01-2026 to 09-01-2026 at Verstegen Spices & Sauces BV - COID 6575:
 Non-conformity type: Major non-conformity
 IFS Food v8 requirement: 5.11.4
 NC description:
 Corrective actions are formulated, documented in Manual Masters (QC & system deviations) or MES (engineering). Implementation of actions is followed up, however effectiveness of the corrective actions is not demonstrably tracked nor documented:
 1) similar ","5.11.4, 4.9.4.1, 4.12.2",MULTIPLE,
531,CAFE SATI SA,"Item : 5.5.1
 1) Regarding the production on November 28, 2025, of 225 g cans of Arabica espresso classico coffee without a metrological “e” (private customer), 1,133 UVC produced, no metrological validation of the batch was recorded. After verification, the average weight of the batch is 224.735 g, which is below the nominal quantity. This batch does not meet regulatory requirements in terms of pre-packaged metrology. 
 It should be noted that on this line (metal line), the volumes produced are",5.5.1,OK,
532,JACQUET 2000 SAS,"Item : 5.11.3
 A recurrence was observed compared to deviation B from the previous certification audit (04/02/2025) on item 5.11.3. Indeed, it is planned to record the corrective actions following the internal audits in the action plan file. However, following the internal audits carried out in 2025, corrections were not completed in 50% of cases and corrective actions were not completed in 80% of cases. During the 2025 certification audit, a deviation was attributed on the same theme: ""In the a",5.11.3,OK,
533,REGALETTE SASU,"NC major : 4.17.2 Equipements : 
 Certificates of compliance for food contact are not available or are incomplete for 5 sampled surfaces:
 • Cooking dosing seal 30x40x7: FDA compliance only.
 • Crumb breaker (blue brushes): no certificate
 • Chemikler flexible hose for pumping dough: no certificate
 • Limitech seal for liquid mixtures: no certificate
 • Intralox conveyors in the cooking room: no certificate
 The commitments made during the previous audit (corrective actions) have not been effect",4.17.2,OK,
535,GRECI INDUSTRIA ALIMENTARE SpA,"During the IFS Integrity on-site check audit performed on 19 January, major deviations were identified that led to a suspension.
 
 See the list of issues: 
 Major deviations related to requirement 4.12.2: numerous situations that could cause product contamination were identified during the on-site audit (e.g. small fragments of adhesive tape, lubricant leakage, maintenance tools with missing parts).
 KO at requirement 4.18.1: The flow of information was inadequate to ensure traceability. The co","4.13.2, 4.18.1, 4.3.6, 4.12.2",MULTIPLE,
536,BRIOCHE ET VIENNOISERIE THOMAS .,"The production site has multiple legal entities at one physical location with the same scope; the following rules apply: * one audit shall be performed * the certificate and report shall be duplicated for each legal entity * each legal entity shall have its own COID.
 
 Due to the result of the integrity programme, in which the last two reports were reviewed, and serious doubts were raised were raised about the maintenance of the certificate:
 
 2024: the correct control of PCC2 (2.3.9.1), non-c","4.19.2, 4.2.1.5, 4.2.1.3, 4.10.2, 5.11.3",MULTIPLE,
537,Edwin Grasmehr GmbH,"Major at 4.19.2
 Risk-based measures to prevent possible cross-contamination during processing could not be verified in the audit with regard to cleaning procedures:
 During the audit, a product containing cheese was processed in a cutter and then, after intermediate cleaning, a product without cheese (without milk protein) was processed on the same equipment. The audit did not provide any evidence of testing for possible traces of milk protein after intermediate cleaning.
 Similarly, there was ","4.19.3, 4.19.2",MULTIPLE,
538,FRUTOS SECOS MEDINA (MÓSTOLES) S.L,Formal communication from the client regarding the closure of the Móstoles plant due to the permanent cessation of its activity.,,MISSING,
539,BODEGAS LUIS MARIN PARDOS S.L.,"The following non-conformities have been raised during the IFS Food v8 unannounced audit started on 14-01-2026 at BODEGAS LUIS MARIN PARDOS S.L. - COID 13584.
 After identification of the non-conformities, the company asked to stop the audit, thus the audit is considered cancelled as defined in IFS Food v8 Doctrine section 1-4.2.1.
 
 Non-conformity type: Major non-conformity
 IFS requirement: 2.3.11.1
 NC description:
 During the audit, the validation report for CCP 3 bottle breakage is not ava","2.3.11.1, 5.11.3, 5.4.2",MULTIPLE,
540,Brivio Salumificio S.r.l .,"Following Integrity on site check in date 14/01/2026 and after preliminary technical review and decision, the certificate is suspended for the following reasons:
 
 IFS Food Standard § 4.10.2 Major Nonconformity
 On the day of the IOC, the cleanliness and sanitation of the premises and facilities were found to be unsatisfactory as follows: Fresh meat reception area: black spots” on the ceiling ; Fresh meat storage room: black spots on the walls, ceiling panels, and cooling equipment; Processing ","4.19.3, 3.2.7, 4.2.1.2, 4.19.2, 4.12.7, 4.18.1, 4.9.4.1, 4.10.2, 5.11.3, 4.12.2",MULTIPLE,
541,Jizerské pekárny spol. s r.o.,"4.18.1 KO
 Failure in traceability system: When the traceability test was assigned on the first day of the audit on 7.1.2026 by the auditor, the product Sunflower Sliced Bread “Chléb slunečnicový krájený 500g” (packaged) with a best before date/batch of 07.01.26 was selected (from retail outlet). It was not clear from the documented production records (handwritten) from the bread bakery hall whether the product was produced and packaged on 2.1.2026 or 3.1.2026. There is no record of the packaged",4.18.1,OK,
542,SAN MARTIN DE PORRES S.L.,"On the IFS V8 assessment conducted on January 20th & 21ST , one major NC was raised against req 4.13.2 with the following description:
 
 Preventive measures implemented by the company to avoid pest are not sufficient. 
 Finding: During the visit to the facilities, three dead mice were found in the production/storage are. One was found in the raw material receiving area (mummified), another in a double-walled area located between the exterior wall of the building and the wall of the kneading are",4.13.2,OK,
543,Société Fermière Rochefort Ardennes - Etablissements Mathot SPRL,"4.3.2-Major 
 Regarding the development of new products such as flavoured butter, the company does not have a procedure to ensure that the labelling is in accordance with the legislation in force in the country/countries of destination.
 Indeed, for the ""Yuzu Butter"" brand Rochefort, (3 productions of ""Yuzu Butter"" concerned: manufacture of 30/10/25 (lot 303), 31/10/25 (lot 304), 29/11/25 (lot 333) for a total quantity of 1116 kg, mainly, but not only, sold to the client DEXXX), it was found sev",4.3.2,OK,
544,FROMAGERIE DU PAYS WELSCHE,Pending payments.,,MISSING,
545,Horafrost NV,"There has been 1KO and 2 Major NC found during IFS Audit: 
 KO at 5.1.1 : During 2025, several internal audits were scheduled. The reports of the audits show limited information, and the non-conformities are limited. Eg Internal audit QMS/ Quality system dd 22/12/2025, 2 NC’s: person not washing hands, wall at tunnel L5 is dirty.
 The number of non-conformities and deviations found during this on-site audit demonstrates that the internal audit program clearly lacks in depth and thoroughness in e","4.21.2, 4.10.2, 5.1.1",MULTIPLE,
546,Italcanditi B.V.,"During the on-site IFS check on 23/01/2026, a non-conformance against requirement 5.11.3 was identified: some corrective actions have not been implemented, closed and validated. Evidence: The reception and storage of products; deviation from the previous IFS audit; and the company's corrective action list for internal and external actions, which contains 13 actions that are past their deadline and another 30 actions that need to be validated.",5.11.3,OK,
547,TEC-AL SRL,Contract terminated,,MISSING,
548,TERREMERSE SOC. COOP.,"Following Integrity on site check in date 13/01/2026 and after preliminary technical review and decision, the certificate is suspended for the following reasons:
 IFS Food Standard § 5.11.3 KO
 In 2025, the company received 11 complaints regarding incorrect labeling (name, expiration dates). Furthermore, customer C. noted several consumer complaints regarding browning of pork coppa with a dedicated brand.
 The company had been packaging the product in MAP, using vacuum-packed raw materials until",5.11.3,OK,
549,"Hijos de Juan Pujante, S.A.","a Major NC was raised during the IFS Integrity On-site Check on January 15, 2026. 
 Description of the Major NC:
 Clause 4.12.2:
 “Some situations observed in the cutting area that can suppose a risk of contamination of the product:
 - Presence of rust and condensation on the ceiling above open products (cutting area).
 - Presence of dirtiness and/or mould growth in the chest processing area.
 - Flaking paint on cooling equipment above open product in cutting area, risk of paint falling observed",4.12.2,OK,
550,Biscottificio Verona S.r.l.,"Following the certification audit on January 13, 14, and 15, 2026, and following a preliminary technical review, the certificate is withdrawn.
 Details: § 4.13.7 Major Nonconformity
 During the field inspection of the production department, traces of pests were found, specifically Plodia silkworms on difficult-to-access overhead passages and cockroach carcasses on the flooring. These critical issues have already been highlighted in the reports of the pest management firm EKOSTAR srl over the pas",4.13.7,OK,
551,UNION DES CAVES COOPERATIVES (UCC) Les grands vins du SAINT CHINIAN .,"Major non conformity on 5.5.1:
 Wine can be sold in bulk. A flow-meter is installed but this one has nor been calibrated since 3 years. Tanks were verified but not under legal metrology system.",5.5.1,OK,
553,Pekarna Brumat d.o.o. .,"During renewal IFS audit done on28-29.01.2026, a Major has been raised under 4.13.4 requirement: During on site visit of the first audit day, seen one live rodent on the pipe near the ceiling in room which is not in use and which is placed next to the production area (on 1st floor).",4.13.4,OK,
554,BODEGAS ARAGONESAS S.A. S.A.,"During the recertification audit, the following major nonconformity was detected in requirement 4.3.2: 
 
 During the audit, it was detected that there are labels that do not comply with the current European labelling legislation:
 - Wine Coto de Hayas Roble Tempranillo-Cabernet Sauvignon. 750ml. DO Campo de Borja. Lot 46007. On the QR link where the ingredients are listed, the ingredient Potassium Polyaspartate, applied with the stabilising product “Zenith mega”, is not indicated, in accordance",4.3.2,OK,
555,"ZINIO BODEGAS, SDAD. COOP.","During the recertification audit, a major nonconformity was detected in requirement 4.3.2:
 
 Contrary to the provisions of Regulation (EU) 2021/2117, not all the ingredients added to the different wines have been included in the QR codes on the labels reviewed during the audit:
 LDM brand red, rosé and white wines from the 2024 vintage, and ZN brand red wine from the 2024 vintage. 2025 vintage ZN brand Tempranillo red wine.
 It has been verified that Z.W. is added, which according to technical ",4.3.2,OK,
556,"RABBIT Trhový Štěpánov a.s., provoz Jevíčko .",Access of auditor for performance of unannounced audit starting 7.1.2026 was denied.,,MISSING,
557,"QUESOS LA VASCO NAVARRA, S.A. .","During the Integrity On-site check carried out on 19th of January 2026, the auditor raised a Major NC in the requirement: 4.14.5 During the site visit, in the clean room (white area), there were boxes containing “sliced Iberian cheese” intended for packaging. The boxes (at least 7-8) were only identified with the name of the cheese, without any additional information.
 Production data such as cutting date, batch/lot number, and other product details were requested; however, they could not be loc",4.14.5,OK,
558,AZIENDA AGRICOLA FIANO GIROLAMO Ditta individuale,"During the technical review of the audit documentation, the following finding was classified:
 
 Requirement 4.13.4 – A bird nest was found inside the processing warehouse; however, it was not located above the sorting and packaging line. No signs of infestation or presence of birds were detected.
 This finding is to be considered Major non-conformity.",4.13.4,OK,
559,Juan Aulet Torrent SL,"In the audit carried out by OCA GLOBAL on January 20, 21 and 22, 2026, a MAJOR nonconformity was raised against requirement 4.9.1.1 with the following description: 
 
 The internal surfaces of the walls are well maintained: cement and sandwich panels (no tiles). The floors do not compromise product safety: concrete and resin. Drainage does not compromise product safety. Process wastewater: the floors have adequate slopes. The windows are protected. The internal and external doors are kept in goo",4.9.1.1,OK,
560,PRECOCINADOS GORENA SL,"Requirement 4.3.2 
 During the audit, it was noted that one distribution product label omits an ingredient (olive oil) present in a compound ingredient (fried onion), in non-compliance with Regulation No 1169/2011 on the provision of food information to consumers. 
 The audit was done by other CB",4.3.2,OK,
561,CAMPOTEJAR DEL SEGURA Nº9843 S.A.T,"During the recertification audit, the following KO and major nonconformity were detected: 
 
 KO requirement 5.11.3.: - No corrective actions have been documented or implemented as a result of the deviations detected in the certification audit carried out in February 2025.
 - No corrective actions have been documented or implemented for the deviations identified in the internal audits carried out throughout 2025.
 - During 2025, the company handled a total of 39 customer complaints, of which 8 r","5.3.2, 5.11.3",MULTIPLE,
562,"Syros nv, site Wingene .",Major 2.3.9.4 : Deviation: the logging of the freezer shows that the freezer temperature in the period from 4/7/2025 to 5/8/2025 is around -17.5°C. There are a few alarms registered and actions are taken but only above -16°C. Further investigation shows that the alarm is set at -16°C (180 min). This deviation is noticed at 29/7/2025 and action has been taken at 5/8/2025 by lowering the temperature setting. No temperature measurement of the goods is demonstrable in the period of 4/7/2025 – 5/8/20,2.3.9.4,OK,
563,Merlini S.r.l.,Outstanding Payments,,MISSING,
564,Cavas J Hill SL,"KO_2.3.9.1:
 The company has defined CCP2 as the control of the rinse water pressure for empty glass bottles prior to filling, with a monitoring frequency at the start of production, middle, and at the end of the process. This control is performed through inspection of the pressure gauge of the empty bottle rinsing equipment and applies to both empty still wine bottles and empty sparkling wine bottles.
 During the on site plant inspection carried out on 22-01-2026, it was observed that the bottl","4.15.7, 4.13.4, 4.14.6, 3.3.3, 4.12.7, 4.4.6, 5.4.1, 4.17.4, 5.11.3, 4.5.3",MULTIPLE,
567,Easyfood A/S,"During the audit completed on site on 14/01/2026 to 16/01/2026 the following Major NCs was identified at requirement 3.3.2:
 Several cases of inadequate training:
 1: It was observed how an employee at line 3, when performing the metal detector test, was handling the packed product in an unhygienic manner like picking them up from the floor or placing them on the edge of the waste bin, before putting them back on the line.
 2: In the warehouse, several pallets have not been labelled with an alle",3.3.2,OK,
568,Andip 92 - Andrey Pavlov - Andreana Pavlova ET,The company has temporarily ceased the activities of sorting and packing of eggs due to an influenza outbreak in the owned laying hens farm placed in the same plot and supplying the packing site. The company is currently implementing actions to correct this situation and be able to re-start operation.,,MISSING,
571,"MANUFACTURAS Y SERVICIOS AGRICOLAS, S.L S.L","During the IFS Food v.8 audit performed from 12/01/2026 to 14/01/2026 was detected 1 Major No-conformity. Requirement 4.3.2. Description: During the audit, various labels corresponding to products manufactured and marketed by the company were reviewed. Legal non-compliance was detected in the mandatory information provided to the consumer (Regulation 1169/2011 and Regulation 2023/2429), revealing deficiencies in the system for creating and validating labels prior to the start of customer orders ",4.3.2,OK,
572,Simmental Switzerland AG,"Elsa Group SA Molkerei Diemtigtal and Simmental Switzerland AG have merged. A new customer has been created in the database: Elsa Group SA, Standort Oey",,MISSING,
573,MAISON LECOUFFE SARL,"KO: Item 4.18.1
 Libellé : Lors de l’audit du stock emballage, il a été constaté que les actions correctives qui devait être mise en place suite à la déviation 4.14.5 identifiée lors de l’audit IFS Food v8 précédent, pour améliorer la gestion FIFO des lots emballages n’avaient pas été mise en place de façon complètes et efficaces (plusieurs référence emballage sans l’étiquetage de la date de réception nécessaire pour gérer le FIFO) et fichier d’enregistrement des n° lots de lots sortie du stock ","4.14.5, 4.18.1, 5.6.5",MULTIPLE,
575,Colusso Industriedienstleistungen GmbH,"Corrective measures were not implemented as soon as possible
 to prevent the recurrence of non-conformities. E.g.
 a) The internal audit was carried out in great detail on 17 December 2024 /
 25 March 2025. A total of 33 deviations were identified. 19 deviations
 have been addressed, while the remaining 14 deviations are still open.
 Furthermore, no root cause analyses, corrections, or corrective actions
 were performed for the identified deviations.
 b) On 22 February 2024, an inspection by the",,POTENTIAL_MISS,
576,Damak Food Sp.zo.o.,"Due to repeated withdrawals reported by the client, the certification body decided to conduct a special audit, which took place on October 18, 2025. As a result of the special audit, KO and MAJOR non-conformities were identified, and the certificate was suspended.",,MISSING,
577,Elsa Group SA Molkerei Diemtigtal .,"Elsa Group SA Molkerei Diemtigtal and Simmental Switzerland AG have merged. A new customer has been created in the database: Elsa Group SA, Standort Oey",,MISSING,
578,Dhagrameat BVBA,"Audit from 13 to 15 January 2026: major non-compliance with point 4.14.3.
 The high alarm for the freezing installation is set at -16 °C, which does not guarantee that the legal storage temperature for frozen products (< -18 °C) is maintained at all times. Rapid detection of temperature exceedances is therefore not sufficiently guaranteed. This indicates a process that is not under control and may have an impact on food safety.",4.14.3,OK,
579,De Jong's IJs B.V.,"As of today (16.01.2026) Certima BV withdraw the certificate number IFS - 01473 of client De Jong´s IJs B.V., Skipmakker 2, 8401 JG Gorredijk, Netherlands, COID: 72313.
 Reason: Company De Jong´s IJs B.V. had an IFS Integrity onsite check on 14.01.2026. During the onsite check a KO nonconformity was observed and raised by IFS IP auditor.
 
 KO on 4.18.1:The company has a process control sheet that is used for the processing and filling of the ice. This includes start up and end of production che",4.18.1,OK,
580,Embotelladora Metropolitana S.A. (Planta Santiago),"On Jan. 06, 2026, the Quality Manager (E.C.) informed the company has finished its activity and will open another facility in a new address. The last production was performed on Dec. 16, 2025.",,MISSING,
583,DYAD - Bâtiment A et D .,"Item : 5.5.1
 During the first day of the audit (visit to the packing room with manual filling), the absence of weight control for the finished product was noted: box of 6 milk chocolate marshmallow bears 69g LCDF brand.
 The company implemented a weight control with a scale under legal metrology for the products concerned on the 2nd day of the audit (control of 10 boxes / hour) and the controls dated 14/01/2026 checked are satisfactory (weight records and scale tickets were seen).",5.5.1,OK,
584,Tradicijski sirevi d.o.o.,Company did not pay the invoice of the audit since months even we have sent several reminders. That decision had to be made due to not paid invoice.,,MISSING,
585,ERIPAC SAS,"KO item 4.1.3
 Checks on a recipe for a fourth-range mesclun/rocket/chervil salad for a private label brand show that the recipe was not followed in three batches. There was a complete absence of rocket in the mixture in the following three batches:
 - 364Z5004D30 packaged on 30/12
 - 002Z5004102 packaged on 2/01/26
 - 009Z6004109 packaged on 9/01/26
  
 The site specified that, in the absence of rocket of the required quality , it was decided, in agreement with the customer, to pack the mixture",4.1.3,OK,
586,PEGRI - SCHLACHTHOF sa,"Unannounced audit from 13 to 15 January 2026: major non-compliance with point 4.9.4.1.
 Defects (traces of rust, peeling paint, etc.) on several components (suspension rails, refrigerator evaporators, ceiling beams). Risk of contamination of carcasses and
 naked quarters passing through these suspension rails.",4.9.4.1,OK,
588,CILER s.r.o.,"On 27 JAN 2026 an Integrity On-site check was carried out at the company CILER s.r.o. - COID 76923.
 In this Integrity On-site Check, two Major non-conformities were identified against the following IFS-Food v8 requirements:
 
 - 4.2.1.5_ Claim “country of origin of flour Slovakia” is used on packaging of product Zemiakové lokše 400g own brand Maťko a Kubko. Last production of this product was on 09 DEC 2025 for one retailer, flour from Hungary was used. As all these products are distributed by ","4.1.3, 4.2.1.5, 4.3.2",MULTIPLE,
590,KOYASAN FOODS PENINSULA S.L.U.,"During the audit performed on 26th January 2026 to 29th January 2026, it was detected a KO under the requirement 2.3.9.1.
 
 KO 2.3.9.1.
 During the site visit on the first day of the audit, on January 26, 2026, the following was observed:
 1. The passage of the metal detectors through the ""salmon poke"" dish (batch G026-1) was not recorded on the tablet designated for CCP control. The person in charge stated that ""it happened around 8:30 but it wasn't recorded,"" even though production started at",,POTENTIAL_MISS,
591,Companyia General Càrnia S.A.,"During the Integrity On-site check carried out on 14th of January 2026, the auditor raised a Major NC in the following requirement: 4.10.2 During the plant visit, the area designated for the cleaning and disinfection of knives was inspected.
 The company has established a work instruction for knife washing (I04PPR02), which specifies that knives must be washed at a temperature of 86 °C.
 In accordance with Regulation (EC) No 853/2004, Chapter III, tools used in cutting rooms must be cleaned and ",4.10.2,OK,
592,Morski Ribolov -Nesebar OOD,"During last audit on 12-14/01/2026 2 Majors raised. 2.3.8.1 Major: The company carries out cold smoking of fish,
 which includes two stages of product exposure at temperatures ≤35°C for approximately 12 hours each. This results in a prolonged period during which the product remains within a temperature range that may allow the growth of pathogenic microorganisms. The company has defined product moisture content (",2.3.8.1,OK,
594,Inclusief Groep B.V.,Customer closed the site,,MISSING,
597,Olea Nuts B.V.,"As of today (16.01.2026) Certima BV withdraw the certificate number IFS-01259 of client Olea Nuts BV, 
 Escudostraat 6g, 2988 CS Ridderkerk, Netherlands, COID: 83573.
 Reason: During the first day audit in period 15-16.01.2026, auditor raised Major and KO non-conformity.
 KO on 4.12.1:
 Deviation: During the demonstration of pistachio paste filling it was observed that the glass jars were picked op with fingers in the jar (no gloves were used) and there was no manually turn executed prior to fil","4.10.1, 4.12.1",MULTIPLE,
598,EXPLOTACIÓN AGRÍCOLA GUILLÉN SA,"During the audit carried out on 13th and 14th of January, the auditor raised a Major NC in the requirement 5.4.2: During the audit, it could not be documented that the final weight control scale had undergone official metrological verification in the last two years, as required by Order ICT/155/2020.",5.4.2,OK,
600,SICODIS SICA-SAS,"The complaint lodged by distributor S with the IFS services was investigated: following a shortage of customer brand labels at Sicoly, trays of cherries with labels that did not comply with the distributor's label design were placed on the market by Sicodis (a processing subsidiary of the Sicoly fruit cooperative, also responsible for marketing fresh fruit packaged by the Sicoly cooperative): labelling by Sicoly on 14 June with a label that had not been approved at the request of the sales depar","1.2.4, 4.1.3",MULTIPLE,
601,Next Food S.r.l.,"Following the certification inspection on January 14, 15, and 16, 2026, and following a preliminary technical review, the certificate is withdrawn.
 Details: § 5.4.2 Major Nonconformity
 
 The Ebro datalogger is used to check the sterilizer's 6 infrared probes in the third module, i.e. the hot air-only section (which coincides with the CCP). In practice, when the datalogger (positioned inside the tank) is used, the probes' proper functioning and measurement uncertainty are assessed by cross-chec",5.4.2,OK,
602,Grains Noirs NG srl,"The unannounced audit began on 29/01/26.
 The quality manager was injured and is unfit for work until 02/02/26.
 The management is facing personal health issues, which prevent them from being available.
 Given the size of the company, it was decided to cancel the audit.",,MISSING,
603,T.T.B. SAS,"Due to the result of the integrity programme, in which the last two reports were reviewed, and serious doubts were raised were raised about the maintenance of the certificate:
 
 2024: the correct control of PCC2 (2.3.9.1), non-conformities regarding cleanliness, accumulation of residues in certain equipment that may pose a direct risk of product contamination (4.10.2), and no Major or KO issues were raised during the audit.
 
 About the 2025 audit, one of the deviations explains that expired le","4.19.2, 4.2.1.5, 4.2.1.3, 4.10.2, 5.11.3",MULTIPLE,
604,Allnature s.r.o.,"Major nonconformity to requirement 4.12.9:
 Glass fragments were found on the closing machine of the peanut butter filling line in close proximity to open jars prior to sealing. The glass breakage occurred at approximately 10:30. Following the incident, partial cleaning was carried out by production personnel.
 After this partial cleaning, production was resumed. At the time of the auditor’s observation at 11:15, the line was in operation and open jars were present on the line. No glass fragment",4.12.9,OK,
605,Omilco Export (Pvt) Ltd,"KO against 5.11.3:
 Corrective actions taken to address the deviations identified during the last IFS audit have not been adequately implemented.
 Recurrences were noted relevant to seven of the previous deviations during this audit (Unannounced audit). They are related to;
 1. Poor practices of apron (protective clothing) usage at wet section – clause 3.2.2
 2. Inadequate door controls - emergency exit door - wet section – clause 4.9.6.2
 3. Wall damages in processing sections – clause 4.9.2.2
","3.2.2, 4.13.4, 4.9.6.2, 4.21.2, 4.10.2, 5.11.3, 4.9.2.2",MULTIPLE,
606,Bio-Frost Westhof GmbH,"Requirement 1.2.1 – KO: 
 The company management did not ensure that employees in packaging and production were aware of their responsibilities with regard to food safety and product quality, as they did not adequately document the checks at the control points and were unable to fully explain how they were carried out (see 2.3.9.4).
 
 Requirement 5.11.3 – KO:
 Not all Corrective Actions were fulfilled in such a way as to prevent the recurrence of deviations and non-conformities. On 3 September ","4.8.2, 4.9.6.3, 1.2.1, 3.4.6, 5.2.1, 2.3.9.4, 5.5.1, 4.16.1, 5.6.2, 4.9.3.3, 5.11.3",MULTIPLE,
608,Fleischcenter Perleberg GmbH & Co. KG,closure and discontinuation of production,,MISSING,
609,Zakład Przetwórstwa Mięsnego KIERAKOWICZ Adam Kierakowicz .,Audit was cancelled based on company decision taken by 2nd day of the audit.,,MISSING,
610,BRF S.A.,"During the current IFS Food audit done on 19.- 22. January was detected a NC at Requirement 4.9.4.1 
 Ceiling with oxidation in the MDM room, chiller, and automatic deboning area. Presence of dripping from the ceiling onto the side structure of the conveyor belt transporting trays to the Ulma packaging machine, causing splashes on the belt. There were exposed products passing on the belt at the time the dripping and splashing were checked.",4.9.4.1,OK,
611,"GRAZICAR - COMÉRCIO E IND. CARNES, S.A","During the audit performed on 20th January 2026 to 22th January 2026, it was detected a Major non-conformity under the requirement 4.19.3.
 
 Major non-conformity 4.19.3.
 
 The company has not been able to demonstrate that the system implemented to ensure that allergen information is transmitted correctly and in accordance with legal requirements is effectively in place.
 
 - The allergen information in the allergen list D.68.00, updated 23/10/2025, is inadequate in some cases. The product ""Tor",4.19.3,OK,
614,Bakery & Food GmbH - Werk Berlin,"Site closed, contract terminated.",,MISSING,
615,SOCIETE FROMAGERE DE CHARCHIGNE *,"Durant the audit, a major non-conformity was raised on item 5.10.3 : 
 During the traceability test, the finished product result for fat/dry matter in a 200g MDD grated Emmental cheese was 44.76% (two counter-analyses gave results of 44.97% and 44.77%), which does not comply with the customer's specifications and regulations (minimum 45%). One other result below 45% was also found in January among 124 samples analysed (note that the average G/S is 45.63% for private label grated cheese in Januar",5.10.3,OK,
616,LESIEUR VITROLLES,"During the IFS Food audit, a KO was assigned to requirement 4.1.3: 
 The labeled nominal volume for the private label customer fondue oil is 1000 ml. The recipe for this product consists of a mix of oil and a bouquet of aromatic herbs weighing 4 g. The nominal volume indicated on the METTLER weighing tool specifies a compliant nominal volume for packaging line based on 985 ml of oil, by adding the 4 grams of herbs present in the bottle, converted to ml using the density coefficient specified by ",4.1.3,OK,
617,"Gelagri Ibérica, S.L.","In the IFS Food announced recertification audit performed on 09.02.2026 to 12.02.2026, 1 MAYOR Scoring non-conformity was identified on requirement 1.1.1:
 
 It was detected failure in food quality culture. During the second day for the audit tour in sweet potatoes selection area was verified that the product was selected by Sortex equipment and manual selection by two operators. The auditor visually verified that the product had dark spots. When the auditor asked about quality control in the la","1.1.1, 4.9.4.1, 5.11.3, 4.9.2.2",MULTIPLE,
618,Andriani S.P.A.,"On 5-February -2026 an IFS Integrity On-site check was carried out where KO Nonconformity was issued against the following IFS-Food v8 requirement: 
 3.2.2 (D)KO : Personal hygiene requirements must be understood and applied by all relevant staff, contractors and visitors.
 RINA decided to investigate the case and conducted an unannounced extra audit on site on 12/02/2026. 
 The CB has decided to temporally suspend the IFS certificate.",3.2.2,OK,
619,Partner in Pet Food NL BV,"As of today (07.02.2026) Certima BV withdraws the certificate number IFS-01360 of client Partner in Pet Food NL B.V. (COID: 10052). 
 Reason:
 During unannounced audit conducted 05/06.02.2026 auditor raised 2 Majors:
 Major on 4.9.4.1: 
 1) During the factory assessment condensation on the ceiling observed at raw materials storage area. All pallets with products were covered during the assessment. Topic was addressed by the company and a renovation plan by maintenance department is in place for ","4.9.4.1, 4.12.2",MULTIPLE,
620,CHAVEGRAND S.E.,"Following an epidemiological investigation, the health authorities (DDPP, DGAL/MUS) have established that the company is involved in cases of listeriosis in France and Europe (cluster 714).
 This resulted in recalls on June 13, 2025, and August 9, 2025, linked to the detection of Listeria monocytogenes in a pasteurized soft cheese.
 In accordance with the IFS Food standard, we suspend the certification with effect from August 22, 2025. Following an audit carried out on the premises on August 27,",,POTENTIAL_MISS,
621,Alysse Food SA,"4.1.3-D(KO)
 The finished product verified during the audit (traceability test) is: Sesame bagels 4x85g PL for customer A. Specifications signed on 15/11/2023. Internal recipe code: 6BG023.
 The recipe in the specifications and the list of ingredients in the packaging indicate a quantity of sesame seeds of 3%.
 A KO rating is assigned because there was not sufficient evidence to ensure that the 3% rate was systematically respected for this product:
 - there is no instruction on line indicating t","4.1.3, 2.3.9.2, 5.3.1, 2.1.1.3, 5.4.1, 4.14.5, 4.10.2, 5.11.3",MULTIPLE,
622,Wendland Spice & Food GmbH,"After the auditor identified a nonconformity in section 4.18.1, the company terminated the audit on the second day of the audit (February 12, 2026).
 
 NON-CONFORMITY (4.18.1)
 During the production of the item ‘Truffle Style Burger Sauce’, an internal malfunction occurred, caused by an employee error. This meant that the raw material ‘truffle granules’ could not be traced back to the batch in question. At the Wiesentheid site, raw materials are weighed according to the recipe and thus prepared ",4.18.1,OK,
623,MONTERO ALIMENTACION SL,"IFS KO non-conformity requirement 4.18.1
 Lots of the cartons (primary packaging which contain consumer information) are not recorded, for example: date 02-02-2026, number 10 production line, custard with biscuit, lot L-LM1303261004 (Reina brand). 
 Number 10 production line, custard with biscuit, 02-02-2026, lot L-LM1303261004: the registered lot of skimmed milk powder 1% is L-8796, but the real lot of that raw material printed in their container is L-8798.
 Number 10 production line, custard w","4.18.1, 4.13.1",MULTIPLE,
624,"Conservas Angel Ria, S.A. A06399P","A KO and a Major non-conformity were raised during the IFS Food audit on February 3-5, 2026.
 Description of the Major NC:
 Clause 4.12.2:
 “There were some areas that could cause a physical risk of contamination such as:
 - Continuous dripping of water from the ceilings over the line. along all the process.
 - Up to 3 engines seen over the belts, were dirty, without protection and not well maintained.
 - a walkway placed in the raw material processing area without protection on their sides, wit","4.12.1, 4.12.2",MULTIPLE,
625,Lavina Kft.,"During an Authority Inspection performed on site unannounced the 09/02/2026 were detected irregularities on food safety management that led to a suspension of certificate.
 
 The irregularities detected were related at:
 1. Products seized and withdrawn from the market
 2. Hygien deficiencies
 3. Documentation and traceability issues
 4. Incorrect handling of defective products
 5. Improper disposal and use of waste products
 6. Legal actions and obligations – case no. J/035/001/2026",,MISSING,
626,VIOLANTA SA,"Due to the extraordinary event of a major fire that occurred on Jan 26, 2026, which resulted in fatalities and an ongoing cease of production with uncertain time of return to production, a temporary suspension of the certification of the IFS certificates has to be implemented.",,MISSING,
627,Precocinados Naturales Riojanos S.A.,"During the recertification audit, the following non-compliance was detected in requirement 4.16.1.: 
 
 During the audit, it was found that the maintenance plan was not being properly implemented:
 -Temporary repairs were observed during the plant visit, with transparent tape and transparent tape bags used to cover electrical equipment. 
 -The ceilings in the potato storage and frying room had not been repaired after cleaning (they had small chips).
 - During the plant visit, it was observed tha",4.16.1,OK,
628,ST. NICOLAUS a.s.,"At the beginning of the second audit day, the company decided to not continue the audit due to the findings identified during the first day, lack of pest control (Major non-conformity), improper storage of raw materials and packaging materials, and failure to follow personal hygiene requirements.
 • Major non-conformity 4.13.1:
 Several findings have been identified during audit related to pest control:
 - Risk based control measures have not been provided during audit
 - Frequency of internal m",4.13.1,OK,
630,Palmieri S.R.L.,"During the IFS Integrity on-site check, conducted on February 3, 2026, by an auditor appointed by IFS, the following were found:
 - 1 KO requirement 3: 3.2.2 (During the IOC, cigarette butts were found inside the facility on the mezzanine area used for packaging materials and refrigeration equipment. The issue was linked to external maintenance, without proper visitor registration or documented post-maintenance cleaning.
 - 1 KO requirement 4.18.1 (During the IOC, the traceability system was fou","4.8.2, 3.2.2, 4.18.1",MULTIPLE,
632,ESTUCHADOS LARHAZ S.L.,"During the audit performed on 3rd February 2026 to 4th February 2026 , it was detected a Major non-conformity under the requirement 4.3.2.
 
 Major non-conformity 4.3.2.
 During the plant visit on February 3, 2026, it was verified that the paper bag used for the ""Cafento-bar Oña"" brand, batch 60340304, does not meet the weight declared on the packaging.
 The packaging label (paper bag) indicates a weight of 8g. However, a review of the batch's statistical weight control shows an average weight o",4.3.2,OK,
633,Olense Vleeswaren Industrie (OVI) nv,"1.2.1 - KO: During the audit rounds of production units A and B, it was established that the company has insufficient knowledge and awareness of food safety culture.
 Numerous sources of plastic cross-contamination were found. During the monthly inspection of the glass and plexiglass rounds, very little of this was found, with the exception of the damaged plexiglass covers. The employees involved did not submit any report forms for this either.",1.2.1,OK,
634,La Rosina SRL,Failure to pay for audit activities carried out by Certiquality srl.,,MISSING,
635,"EMBUTIDOS JUNTAMAR, S.L.","In the IFS Food UNANNOUNCED recertification audit performed on 28.01.2026 – 30.01.2026, 1 Major Scoring non-conformity was identified on requirement 4.3.2:
 
 With respect to the product ‘compango’, it cannot be considered safe without cooking, given that salted bacon is used in the packaging, which indicates in its technical data sheet that it requires cooking before consumption, but the labelling lacks explicit instructions for use (‘cook thoroughly before consumption’).
  
 The technical data",4.3.2,OK,
636,Adriaticon d.o.o.,"During the last audit by Certification Body 1 Knock Out raised in paragraph 5.11.3: Several repeated deviations were identified during the audit, demonstrating that the corrective actions defined and implemented after previous audits were not effective in preventing recurrence.
 -In the olive processing area, visible dirt deposits, which had started to flake, were observed in the upper left corner of the wall, at the same location as identified during the previous audit, related to requirement 4","3.4.2, 4.9.4.1, 5.11.3, 4.7.1",MULTIPLE,
638,Conservas de Autor S.A,"A Major non-conformity was raised during the IFS Food audit on February 4-6, 2026.
 Description of the Major NC:
 Clause 4.13.1:
 “A large flock of sparrows were seen roosting in pallets stored outside the factory and four sparrows were seen inside the factory by the pulse hydration area on 04/02/2026. There is open product in this area and faeces seen on sealed pallets of can lids.""",4.13.1,OK,
639,VALIPILE d.o.o.,"During the last audit by Certification Body 1 KO and 1 Major raised:
 Paragraph 2.3.9.1 KO --> During the on-site tour of the packaging area, it was identified that the CCP monitoring was not implemented. For the product chicken breast fillet, Lot 26016, BBD 18.02.2026, no CCP monitoring records were available on site and could not be identified during the audit. During the check, the metal detector, defined as a CCP, did not react to the test pieces Fe 3.0 mm, non-Fe 3.0 mm and SS 4.0 mm. It wa",4.12.2,OK,
641,Marmo nv,"During the audit completed on site from 09-02-2026 to 11-02-2026 the following Major NC was identified at requirement 4.3.2:
 The finished product (art. nr. 5357001001099) consists of a cooked egg embedded in a pork/veal meatloaf with tomato sauce and is sold as a prepacked, labelled consumer unit. The label declares “free‑range eggs”. However, supplier documentation, internal recipes, and traceability records for batch 05227210010 demonstrate that barn eggs were used as an ingredient.
 This con",4.3.2,OK,
642,Heinrich Abelmann GmbH,"4.8.2 Major:
 The delicatessen department produces its own mayonnaise for delicatessen salads. Two machines are used for this purpose. Currently, mayonnaise is only produced on the small machine. The large machine has not been used for around six months. 
 During an inspection of the water pipe/stainless steel pipe on the small machine, black deposits/residue were found in the pipe. The inside of the pipe is not sufficiently clean. This is unacceptable, especially for a sensitive product such as","4.8.2, 4.18.1, 4.10.1",MULTIPLE,
644,House of Denmark A/S,"During the audit completed on site on 18-19-20/02/2026 the following Major NCs were identified:
 
 4.12.8: No specific process (turn/blow/rinse) implemented to ensure that glass fragments are excluded during filling process and no further mitigation are in place to eliminate the risk of contamination. In addition it was observed during audit that a metal plate used for positioning of glass where ""hitting"" on top of the open glasses and could cause a contamination risk.
 5.11.4 In several cases i","5.11.4, 4.12.8",MULTIPLE,
646,SNV SAVIGNY SUR BRAYE SA,"During the IFS Food audit carried out from February 10 to 13, 2026, a major non-conformity was issued against requirement 5.5.1: Failures to comply with legal obligations to control the weight of prepackaged goods: 
 
 1) A range of turkey cut products sold under a private label in the LS department bears the metrological “e” mark next to the net weight. The company does not apply all the legal requirements associated with this marking in order to demonstrate weight control throughout the packag",5.5.1,OK,
648,LATTERIE RAGUSANE S.R.L,"On 16-February -2026 an IFS Integrity On-site check was carried out where some critical issues were identified against the following IFS-Food v8 requirements: 
 2.3.9.1 (D)KO : During the IOC, the CCP ""Metal Detector"" monitoring of the 510g Mozzarella bag (3 x 90g) carried out at 10:50 a.m. was failed.
 4.2.1.1 Major: Given that the technical specifications for pasta filata cheese made with citric acid does not include the use of calcium chloride (E 509) and that this substance is not listed in ","4.2.1.1, 4.8.3",MULTIPLE,
649,Piekarnictwo-Cukiernictwo Wielgomłyny Przemysław Nowak,Company has cancelled the agreement with CB.,,MISSING,
650,Noire (Via Giberte) S.r.l.,Certificate revocation following company notification and preliminary technical review; reason: cessation of production site activity,,MISSING,
651,NUTCOR NUTRIENTS S.L.U.,"Repeated non-compliance with the requirements necessary to maintain the food safety management system and the IFS Food standard, due to the fact that the storage conditions of raw materials outside the facilities are not adequate. Furthermore, it has been observed on numerous occasions that the entrance gates to the factory remain open, which poses a high risk of contamination, pest intrusion, and the emission of odors. This situation is particularly aggravated when product is kept at ambient te",,POTENTIAL_MISS,
652,Avibom Avicola S.A.,"The following Non-conformity has been raised during the IFS Food v8 audit from 09/02/2026 to 11/02/2026 at Avibom Avicola S.A - COID 59200.
 
 Non-conformity type: Major non-conformity
 IFS requirement: 4.17.4
 NC description: 
 Failure to comply with legal requirement EU Reg 853/2004. 
 During the audit, several knife sterilizers in multiple areas were verified and none were reaching the expected sterilization conditions, including:
 - Stunning area: 46.8°C 
 - Evisceration room: 50.8°C 
 - Ble",4.17.4,OK,
653,"TA-TUNG PLATOS PRECOCINADOS, S.L.","Major Non Conformity detected against Req. 4.12.2 during the integrity on site check performed on 17-02-2026:
 Some gaps were observed that could pose a risk of product contamination:
 - Residue from silicone in the peeling equipment (carrots, potatoes) that is in direct contact with the product (partially detached).
 - Growth of mould was observed on the cooling equipment located just above the Dim Sum filling preparation equipment",4.12.2,OK,
654,PRO OVO Eiprodukte GmbH,"5.11.3 (KO no 10 - D rating): No corrective measures, deadlines, or responsibilities have been set for the deviations identified in the internal audit (18./19.09., 15./16.10.2025).",5.11.3,OK,
655,ZUBELZU PIPARRAK S.L.,"During the recertification audit, the following major non-conformity was detected in requirement 4.3.2:
 During the review of the technical data sheet for Gilda de Ibarra with cheese, 12 units, brand Zxxx, 715 g net weight / 240 g drained weight, with expiration date 10/08/2025, rev. 8, it was detected that the list of ingredients on the label of Gilda de Ibarra with cheese, 12 units, brand Zxxxx, does not correspond to the current technical data sheet. The label only mentions “vinegar,” while t",4.3.2,OK,
658,DESIR NATURE SAS .,"During the IFS Food v.8 audit performed from 19th to 20th February, a Major Non Conformity was detected in the requirement 5.4.1.
 
 Description: The Scale no. 25 (serial no. 0101145004 - 1g , 6kg capacity - implemented on 22/11/24) used for weight control of 400g bags packed on the flowpack line, has a green label valid until November 2025. Therefore, bags packed on the flowpack line are no longer subject to weight control on scales under legal metrology standards since November 2025, which is ",5.4.1,OK,
661,CINQUINA INTERNATIONAL S.R.L.,Oustandings payments,,MISSING,
662,DAMM PRODUTOS ALIMENTÍCIOS LTDA,"During the IFS Food audit conducted between January 28th and 30th, 2026, the following non-conformities were identified:
 
 Req. 2.3.9.1 (Deviation D in KO): During the evaluation carried out on January 29th, 2026, in the metal detection step identified as a CCP, it was observed that the product coho salmon fillet with skin, frozen, vacuum-packed, lot 084872, was being passed through the metal detector at around 9:30 am.
 
 Upon checking the CCP monitoring records (PAC PLAN 20.B1 and PAC PLAN 20","5.3.2, 4.14.2",MULTIPLE,
663,HALAL GUDA DONER KEBAP d.o.o.,"during current Unannounced audit IFS Food (planned 03.-05.02.2026, cancelled during second day on request of the client) – auditor Stanislav Bradeško; witness auditor Anže Brejc , detected:
 
 KO scoring on the requirement 2.3.9.1:
 KO N° 2: Specific monitoring procedures in terms of method, frequency of measurement or observation and recording of results, shall be documented, implemented and maintained for each CCP, to detect any loss of control at that CCP. Each defined CCP shall be under cont",2.3.9.3,OK,
666,"JAMONES DE SERON CORTIJO DE CANATA, S.L.","A KO was raised during the IFS Integrity On-site Check on February 10, 2026.
 Description of the KO:
 Clause 4.18.1:
 “During the IOC, a traceability test was carried out with the production of 26 SEP 2025. Batch: 269500. On that day, with this batch, 95 trays of sliced ham of 85 g packed under MAP and 48 packs of 85 g of sliced ham vacuum packed were produced.
 Records for both raw materials and the process were requested, and it was verified that:
 • There is no weight control for either of th",4.18.1,OK,
667,HPP Belgium B.V.,"During the current IFS Food 8 audit the following Non-conformity was raised at requirement 5.5.2: On the second day of the audit, during the assessment of the bottling lines, the following observations were made. Bottling line L1, dedicated to small containers (‘shots’, 125 ml and 250 ml), was bottling orange juice in 250 ml bottles under the brand name of an Austrian customer. It was noted that the label for this product bore the metrological marking ‘e’, unlike the other products and labels ex",5.5.2,OK,
668,Caseificio Silvio Boi s.r.l.,"On 29-January-2026 an IFS Integrity On-site check was carried out where 8 non-conformities were identified against the following IFS-Food v8 requirements: 
 2.3.9.1 (D)KO : Given that the company does not operate every day, the temperature traces relating to the monitoring of CCP1 ""pasteurization"" are not always available 
 4.2.1.5 Major: The production process for lactose-free products is not completed and not fully documented.
 4.3.2 Major: Some “lactose free” cheeses labels are not in complia","4.8.2, 4.3.2, 4.2.1.5, 4.18.1, 4.17.2, 4.14.5, 5.11.3",MULTIPLE,
669,Finest Meat Sp. z o.o.,Certificate is held due to the lack of payment,,MISSING,
671,HIGH QUALITY FOOD S.p.A S.p.A.,"Major Non-Conformity requirement 4.12.4 
 ""THE METAL DETECTOR CONTROLLING THE CCP FOREIGN BODIES IS NOT VERIFIED (E.G. VERIFICATION OF FUNCTIONALITY BY A COMPETENT EXTERNAL COMPANY) IN THE LAST THREE YEARS""",4.12.4,OK,
674,BIO PASTIS S.L.,"During the recertification audit, the following major non-conformity was detected in requirement 4.3.2.:
 
 The labeling and technical data sheet of the final product for the following products are reviewed:
 **R.PROD.FP-00. 11/06/2025. Code: 02008001. CHOCOLATE FLAVORED PANCAKES. OK
 **R.PROD.FP-00. 06/06/2025. Code: 02002047. DOUBLE CHOCOLATE MOIST CAKE 5X5.
 **R.PROD.FP-00. 02/12/2024. Vasca cheesecake. 2,100 kg
 **R.PROD.FP-00. 08/12/2025. Code: 02205003. PISTACHIO AND WHITE CHOCOLATE CAKE. ",4.3.2,OK,
675,Jokioisten Leipä Oy .,"main bakery in Jokioinen, Finland, was completely destroyed in a fire. There will be no production at this location until further notice. Due to this situation, and because the current circumstances cannot be assessed in accordance with IFS requirements, the IFS certificate will be temporarily suspended.
 Once it becomes foreseeable when production will resume, there will be a special visit, after which the certificate can be reinstated.",,POTENTIAL_MISS,
676,BONNYSA S.A.T. Nº 9359 .,"In the audit carried out by Sygma Certification S.L. on 18, 19 and 20 February, the following Non-conformities were raised:
 
 NC K.O. 2.3.9.1 
 
 During the visit to the plant, in the pineapple handling area, the metal detector screen displayed ""pending error."" The conveyor belt did not stop, there was no visual or audible alarm, and no member of staff present on the line noticed the issue. As a result, the product continued to pass through, be weighed, and packaged, affecting batch 049: whole ","4.12.6, 4.9.2.3, 4.9.3.1, 4.9.3.2, 4.16.1, 4.9.4.1, 4.17.4, 5.11.3, 4.9.2.2",MULTIPLE,
677,LACTO SINELLI SRL,"The following Non-conformities have been raised during the IFS Food version 8 audit from 02.02.2026 to 04.02.2026 at LACTO SINELLI SRL - COID 76358.
 
 Non-conformity type: Major non-conformity
 IFS requirement: 4.5.2
 NC description:
 During the onsite assessment, deficiencies were identified regarding the control, documentation, and verification of food contact materials. During the onsite visit of the final product storage warehouse, it was observed that whey cheese (lot no. 034, best before ","4.18.1, 4.8.2, 4.5.2, 5.6.1, 5.11.3, 5.1.2, 4.12.7",MULTIPLE,
678,GUSTO MUNDIAL BALEARIDES SL,The company stops production at this site,,MISSING,
679,FRIMAR PANADEROS S.L.,"Mayor NC against 4.13.2: Preventive measures implemented by the company to avoid pest are not enough.
 Findings: during the plant visit, inside the powder egg silo (vessel) of L21-22, one live lepidoptera was seen in contact with the product. The company immediately did empty the silo and retained the possible affected product, but it was not possible to ensure that other products could have been affected.
 In addition, in the upper area of production Line L23, where other vessels with micro-ing",4.13.2,OK,
680,Kirn Production SAS,"During the audit from January 26 to 30, 2026, a KO was raised on item 5.11.3 : Various shortcomings in the follow-up of corrective actions were identified during the audit:
 -The follow-up of the action plan resulting from the last IFS audit is insufficient. The corrective actions defined have not always prevented the recurrence of deviations. In fact, during the IFS 2025 audit, 32 deviations were identified. During the current audit, of the 32 deviations, 15 have been resolved and 17 are either","4.8.2, 5.11.3, 2.3.6.1, 2.3.5.1",MULTIPLE,
681,BODEGAS RIOJANAS (centro Cenicero) S.A.,NSF has been made aware by the site that the facility will drop the IFS Food certification.,,MISSING,
682,CIOLI EGIDIO S.R.L.,"On 03 February-2026 an IFS Integrity On-site check was carried out where 2 non-conformities were identified against the following IFS-Food v8 requirements: 
 
 2.3.8.1. Major: The processing time is not monitored. There is no study on the elimination of pathogens in the product. The validation of CCP7 document is inconsistent. In the traceability test of roast ham carried out on the day of the IOC, the pasteurisation treatment was different from limits defined in the HACCP. The equivalent time/t","4.3.3, 2.3.8.1",MULTIPLE,
683,Gondamar & Fish S.L.,"In the IFS Food ANNOUNCED recertification audit performed on 10.02.2026 – 12.02.2026, 1 Major Scoring non-conformity was identified on requirement 4.2.1.5:
 
 “Salmon burgers Gondamar branded includes in label Free from Gluten, Free from Lactose and Free from egg claims and no measures are implemented to demonstrate compliance with such declarations as performance of regular test to verify absence in final product neither formal studies to justify the absence of such allergens in final product. ",4.2.1.5,OK,
684,ORMA. S.r.l.,"Following the IFS Integrity On-site Check conducted on February 17, 2026, at ORMA SRL, one (1) Knock-out (KO) and three (3) Major non-conformities were identified. The relevant clause numbers are as follows: 
 
 4.12.1 – KO: Given that the company does not have foreign body detection devices (sieves, filters, metal detectors/X-rays) and the only control measure to ensure the absence of foreign materials in the finished product is visual inspection during processing), during the audit, the follow","4.14.5, 4.17.2, 4.12.1, 4.3.2",MULTIPLE,
685,OLMO MAZCUÑAN S.L.,"In the audit carried out by OCA GLOBAL on 10,11-02-2026, a MAJOR nonconformity was raised against requirement 4.5.2 with the following description: 
 The company purchases the product “shiimeji marrón” already packed in its final packaging (plastic tray sealed with film) from two suppliers: Fujixx Ningxxx Yongx Traxxx (China) and Laumoxxx (national supplier).
 The product is received fully packaged, with no handling of the product being carried out. In both cases, the supplier’s original tray is",4.5.2,OK,
686,"GRUPO DISFRUTA EXPORT, S.L.","On 11,12-02-2026, an announced audit was conducted, and the auditor detected 1 KO Nonconformity and 2 Major Nonconformities for the following requirements:
 
 • KO rating for requirement 3.2.2: During the plant visit, the following hygiene breaches were detected:
 - Evidence of smoking inside the facilities (tobacco odor and a cigarette butt inside the trash can near the production line).
 - Evidence of eating in the production area (candy remains in the trash can on the production line and an o","3.2.2, 2.3.9.4, 5.5.1",MULTIPLE,
688,Tasco Gıda ve Danışmanlık San. Tic. Ltd. Şti. Akhisar Site .,"Tasco Gıda ve Dan. San. Tic. Ltd. Şti. (COID: 84195) company’s IFS Food v8 certification process audit conducted on 17–18–19 December 2025 is currently in the certification stage; however, since we have not yet received the payment for this stage, we are unable to finalize the certification procedures.
 
 In this context, your certificate/letter of confirmation has been temporarily suspended until the payment is completed.",,MISSING,
689,SIAS SA,"2.3.9.1-KO (D)
 Monitoring of CCP No. 5 is based on checking the core temperature of gyozas at the exit of the cooking tunnel. Monitoring is carried out every 15 minutes. During this audit, the operator responsible for this CCP was interviewed and explained that if the core temperature is non-compliant, the anomaly is immediately reported to the line supervisor to stop production, and that all products exiting the oven are discarded as soon as the anomaly is detected. However, the operator state",4.1.3,OK,
690,Società Semplice Agricola Filiera Fusero Società Semplice Agricola,"Following Integrity on site check in date 13/02/2026 and after preliminary technical review and decision, the certificate is suspended for the following reasons:
 
 § 2.1.2.1 Major Nonconformity
 On the day of the IOC, the following records required by the HACCP Plan and the Quality Management System were not up to date: ## Statistical weight control on final products: last records made on 04-FEB-2026(the weight check of productions made subsequently, e.g. panna cotta batch26035, was not recorde","4.19.3, 2.1.2.1, 5.4.1",MULTIPLE,
691,CAFES CIVIT S.A.,"During the audit carried out on 04th and 05th of February 2026, the auditor raised a Major NC in the requirement 4.3.2: During the audit, it was verified that there are labels with incorrect information related to the actual packaging date, e.g.: COFFEE BEANS CUSTOMER BRAND 1.5 KG L: 260825. Information indicated on the label: Packaging date 26/08/2025. Actual packaging dates: 03-06-08-10/10/25",4.3.2,OK,
692,Pmsweet SA,"Major NC on req 5.4.1
 The weight checks of finished products of foams are carried out by sampling on a remote scale followed in legal metrology: balance EMB-06-EMB.
 * Major NC:
 The measurement scale of the EMB-06-EMB is e=1g while the foam labels indicate a net weight of 85g accompanied by the metrological 'e'.
 For weights between 50g and 200g, the measurement scale required by the regulation is e=0.5g.
 A Major NC is assigned because the balance EMB-06-EMB is not suitable for legal checks o","5.10.2, 5.4.1",MULTIPLE,
699,ARC Integrity s.r.o.,"Non-payment of invoice No. 2554006330 for the IFS Food audit – see IFS Food Standard v.8, chapter 4.3.1.",4.3.1,OK,
700,SOCIETE AGROPALM SARL,"MAJOR non-compliance with requirement 4.13.4:
 During the workshop visit, two birds were observed in the pitting room, which is a production area posing a direct risk to the product (uncovered products in this area).
 This situation demonstrates a failure of the pest control system and a high risk of physical, microbiological, and biological contamination of the products. The protection of this production area against pests is not effective, and the confirmed presence of birds in the processing ",4.13.4,OK,
705,LASSAL COOKING S.L.U.,"During the announced audit for the maintenance of certification according to the IFS Food V 8 standard, two Major Nonconformities were detected on the first day of the audit, 10/02/2026, as detailed below:
 
 Major nonconformity (requirement 4.14.2)
 It was verified that the storage of the finished product during the visit on 10/02/2026, was non-compliant in two situations detected with incorrect cold chain control, classified as a Major Nonconformity under requirement 4.14.2:
 
 a) A pallet of ","4.14.5, 4.14.2",MULTIPLE,
706,Carbis Convenience World ApS,"during audit at another CB the following KOs/Majors were detected:
 1.2.1 During the audit, no awareness or competence regarding meeting the standard requirements was observed.
 
 2.3.9.1 *On the second day of the audit, products that had been produced and were taken to the cold room for cooling. No CCP records were kept for these products. Cooling is CCP for process.
 
 *When the Cooking - CCP records were examined, the cooking temperature was written as a minimum of 90°C on the form, while the","4.8.2, 1.2.1, 5.11.4, 4.9.8.3, 4.19.2, 5.6.1, 4.12.1, 4.2.1.3, 5.6.3, 4.14.1, 4.10.2, 5.11.3, 5.6.2",MULTIPLE,
707,ÖZTÜRK FINDIK GIDA SAN.LTD.ŞTİ ÖZTÜRK FINDIK GIDA SAN.LTD.ŞTİ,Failed Audits,,MISSING,
708,FRUITS 1870 .,"MAJOR 1
 Item : 5.3.1
 1/ In the context of the ""new 4 kg potato packaging format"", there has been no analysis of the change and its impact on the HACCP study, and in particular no qualification of the pasteurisation and vacuum packing parameters. The CDEN 006 ""trial"" registration document dated 9/12/2024 intended for this purpose has not been completed.
 NB For the production of 19/12/2025 seen during the traceability test, pasteurisation at 98°C for 50 minutes corresponds to a VP of 3000 UP co","1.2.1, 5.3.1",MULTIPLE,
709,ORANGE WAVE S.A.E,"Major non-conformities were identified during a further technical review of the audit report and deviations raised during the audit, leading to certificate withdrawal.",,MISSING,
